<mods xmlns="http://www.loc.gov/mods/v3" xmlns:mods="http://www.loc.gov/mods/v3" xmlns:xlink="http://www.w3.org/1999/xlink" xmlns:xsi="http://www.w3.org/2001/XMLSchema-instance"><titleInfo><title>Harry Battock Family</title></titleInfo><titleInfo><title>Title from envelope: __Formal Portrait of the Harry Battock Family</title></titleInfo><name type="personal"><role><roleTerm authority="marcrelator" type="text">creator</roleTerm></role></name><typeOfResource>still image</typeOfResource><originInfo><publisher>University of Denver</publisher><place><placeTerm type="text">Denver, Colorado</placeTerm></place><dateCreated keyDate="yes">1921</dateCreated></originInfo><language></language><physicalDescription><extent>1 item (photograph), 7 x 4.5 inches, black and white</extent><form>Photographic prints</form></physicalDescription><abstract>Harry and Rose Battock sit for a formal portrait with four of their children; Ben, Sophie, Joe and Mary.</abstract><note>Title supplied by archivist.</note><note>Appears in ''Images of America: Jewish Denver 1859-1940,'' by Dr. Jeanne Abrams, page 105.</note><note type="admin">Donated by Mary Kreisman.</note><subject><name><namePart>Battock family</namePart></name></subject><subject><name><namePart>Battock, Harry</namePart></name></subject><subject><name><namePart>Battock, Rose</namePart></name></subject><subject><name><namePart>Battock, Ben</namePart></name></subject><subject><name><namePart>Battock, Sophie</namePart></name></subject><subject><name><namePart>Battock, Joseph</namePart></name></subject><subject><name><namePart>Battock, Mary</namePart></name></subject><subject><name><namePart>Jewish Consumptives' Relief Society (U.S.)</namePart></name></subject><subject><topic>Jewish families</topic></subject><subject><topic>Jewish men</topic></subject><subject><topic>Jewish children</topic></subject><subject><topic>Social life and customs</topic></subject><subject><genre>Photographs</genre></subject><subject><genre>Group portraits</genre></subject><subject><geographic>Colorado</geographic></subject><subject><geographic>Denver (Colo.)</geographic></subject><subject><geographic>West Colfax (Denver, Colo.)</geographic></subject><subject><occupation>Peddlers and peddling</occupation></subject><relatedItem><titleInfo><title>Beck Archives Photograph Collection, Families and Groups</title></titleInfo></relatedItem><identifier type="local">B063.05.0013.00014</identifier><location><url usage="primary display">http://hdl.handle.net/10176/codu:57314</url></location><accessCondition type="useAndReproduction">Copyright restrictions may apply. User is responsible for all copyright compliance.</accessCondition></mods>