<mods xmlns="http://www.loc.gov/mods/v3" xmlns:mods="http://www.loc.gov/mods/v3" xmlns:xlink="http://www.w3.org/1999/xlink" xmlns:xsi="http://www.w3.org/2001/XMLSchema-instance"><titleInfo><title>Interior of Phil Brown's Kosher Butcher Shop</title></titleInfo><name type="personal"><role><roleTerm authority="marcrelator" type="text">creator</roleTerm></role></name><typeOfResource>still image</typeOfResource><originInfo><publisher>University of Denver</publisher><place><placeTerm type="text">Denver, Colorado</placeTerm></place><dateCreated keyDate="yes">circa 1927</dateCreated></originInfo><language></language><physicalDescription><extent>1 item (photograph), 5 x 7 inches, black and white</extent><note>Handwritten on envelope:''# 71  Phil Brown's Kosher Butcher Shop, c. 1927''.  On the back of the photograph: ''Phil Brown Kosher Butcher Shop circa 1927  #71  Phil Brown behind counter  Donor Mrs. Julia Brown''.</note><form>Photographic prints</form><digitalOrigin>Reformatted digital</digitalOrigin></physicalDescription><abstract>Interior of Phil Brown's Kosher Butcher Shop. Phil Brown is standing behind the counter with an unidentified man. The shop was located in Denver, Colorado.</abstract><note>Title supplied by archivist.</note><note type="admin">Donated by Mrs. Julia Brown.</note><note type="admin">ph71</note><subject><name><namePart>Brown, Phil</namePart></name></subject><subject><name><namePart>Phil Brown's Kosher Butcher Shop</namePart></name></subject><subject><topic>Jews</topic></subject><subject><topic>Jewish businesspeople</topic></subject><subject><genre>Photographs</genre></subject><subject><genre>Interior views</genre></subject><subject><geographic>Denver (Colo.)</geographic></subject><subject><geographic>Colorado</geographic></subject><subject><occupation>Butchers</occupation></subject><relatedItem><titleInfo><title>Beck Archives Photograph Collection, Businesses</title></titleInfo></relatedItem><identifier type="local">B063.01.0009.00001</identifier><location><url usage="primary display">http://hdl.handle.net/10176/codu:59447</url></location><accessCondition type="useAndReproduction">Copyright restrictions may apply. User is responsible for all copyright compliance.</accessCondition></mods>