<mods xmlns="http://www.loc.gov/mods/v3" xmlns:mods="http://www.loc.gov/mods/v3" xmlns:xlink="http://www.w3.org/1999/xlink" xmlns:xsi="http://www.w3.org/2001/XMLSchema-instance"><titleInfo><title>Moe Katz's Birthplace</title></titleInfo><name type="personal"><role><roleTerm authority="marcrelator" type="text">creator</roleTerm></role></name><typeOfResource>still image</typeOfResource><originInfo><publisher>University of Denver</publisher><place><placeTerm type="text">Denver, Colorado</placeTerm></place><dateCreated keyDate="yes">circa 1913</dateCreated></originInfo><language></language><physicalDescription><extent>1 item (photograph), 8  x 10 inches,</extent><note>On envelope: "#596 Old Katz Grocery, Denver c 1913  Moe Katz's birthplace, 945 W. Walnut St." Handwritten on back of photograph: "Moe Katz's birthplace, 945 W. Walnut Street as it looked c 1913." On original envelope: "#596 Old Katz Grocery, Denver c 1913. Moe Katz's birthplace, 945 W. Walnut St."</note><form>Photographic prints</form><digitalOrigin>Reformatted digital</digitalOrigin></physicalDescription><abstract>Katz Grocery, birthplace of Moe Katz, 945 Walnut Street in Denver, Colorado.  Moses (Moe) Katz was born in 1899 and founded the Chemical Sales Company with H. Fine in 1927.</abstract><note>Title supplied by archivist.</note><note type="admin">ph596</note><subject><name><namePart>Katz, Moe</namePart></name></subject><subject><name><namePart>Katz Grocery</namePart></name></subject><subject><topic>Jews</topic></subject><subject><topic>Jewish businesspeople</topic></subject><subject><topic>Jewish merchants</topic></subject><subject><topic>Streets</topic></subject><subject><genre>Photographs</genre></subject><subject><geographic>Denver (Colo.)</geographic></subject><subject><geographic>Colorado</geographic></subject><relatedItem><titleInfo><title>Beck Archives Photograph Collection, Businesses</title></titleInfo></relatedItem><identifier type="local">B063.01.0001.00033</identifier><location><url usage="primary display">http://hdl.handle.net/10176/codu:59369</url></location><accessCondition type="useAndReproduction">Copyright restrictions may apply. User is responsible for all copyright compliance.</accessCondition></mods>