<mods xmlns="http://www.loc.gov/mods/v3" xmlns:mods="http://www.loc.gov/mods/v3" xmlns:xlink="http://www.w3.org/1999/xlink" xmlns:xsi="http://www.w3.org/2001/XMLSchema-instance"><titleInfo><title>Ray David</title></titleInfo><name type="personal"><role><roleTerm authority="marcrelator" type="text">creator</roleTerm></role></name><typeOfResource>still image</typeOfResource><originInfo><publisher>University of Denver</publisher><place><placeTerm type="text">Denver, Colorado</placeTerm></place><dateCreated keyDate="yes">between 1915-1919</dateCreated></originInfo><language></language><physicalDescription><extent>1 item (photograph), 7 x 5 inches, Black and white</extent><form>Photographic prints</form></physicalDescription><abstract>Ray S. David stands in an outdoor setting in a suit and hat. In 1915, Mrs. Ray S. David was hired as superintendent of the Denver's Jewish Aid Society to supervise relief activities. She was nicknamed ''Little Mother to the Poor'' for her settlement work with East European Jewish immigrants. Ray David was a member of the Woman's Club of Denver, Denver Board of Charities and Corrections as well as the State Board of Pardons, and campaigned for women's suffrage.</abstract><note>Title supplied by archivist.</note><note>Appears in ''Images of America: Jewish Denver 1859-1940,'' by Dr. Jeanne Abrams, page 74.</note><note type="admin">Copy donated by Ray David's granddaughter Bobbie Meyer.</note><note type="admin">ph1070</note><subject><name><namePart>David, Ray Morris,--1864-1945</namePart></name></subject><subject><name><namePart>Jewish Family and Children’s Service (Denver, Colo.)</namePart></name></subject><subject><name><namePart>Woman's Club of Denver</namePart></name></subject><subject><name><namePart>Denver (Colo.).--Board of Charities and Corrections</namePart></name></subject><subject><name><namePart>Colorado.--State Board of Pardons</namePart></name></subject><subject><topic>Jewish women</topic></subject><subject><topic>Charities</topic></subject><subject><genre>Portraits</genre></subject><subject><genre>Photographs</genre></subject><subject><geographic>Denver (Colo.)</geographic></subject><subject><geographic>Colorado</geographic></subject><subject><occupation>Social workers</occupation></subject><relatedItem><titleInfo><title>Beck Archives Photograph Collection, Individuals</title></titleInfo></relatedItem><identifier type="local">B063.08.0039.00006</identifier><location><url usage="primary display">http://hdl.handle.net/10176/codu:59752</url></location><accessCondition type="useAndReproduction">Copyright restrictions may apply. User is responsible for all copyright compliance.</accessCondition></mods>