<mods xmlns="http://www.loc.gov/mods/v3" xmlns:mods="http://www.loc.gov/mods/v3" xmlns:xlink="http://www.w3.org/1999/xlink" xmlns:xsi="http://www.w3.org/2001/XMLSchema-instance"><titleInfo><title>Residents of the National Home for Jewish Children in Sunday School Class</title></titleInfo><name type="personal"><role><roleTerm authority="marcrelator" type="text">creator</roleTerm></role></name><typeOfResource>still image</typeOfResource><originInfo><publisher>University of Denver</publisher><place><placeTerm type="text">Denver, Colorado</placeTerm></place><dateCreated keyDate="yes">6/1942</dateCreated></originInfo><language></language><physicalDescription><extent>1 item (photograph), 4 x 5 inches, black and white</extent><note>Handwritten on envelope: ''#388 Residents of Nat. Home for Jewish Children'' and ''Jewish Sheltering Home 1910-1950s''.  On back of photograph: ''#388  Teac  Abe Kershstein Head of Sunday School.  1942  Before this some kids were bused to BMH and some to Temple Emanuel. After a serious bus accident the Home decided to have their own Sunday School.  Quiz in the Sunday School Class  6/42.''</note><form>Photographic prints</form></physicalDescription><abstract>Teacher Abe Kirschstein stands behind Sunday School students seated at desks at the National Home for Jewish Children in Denver located in Denver, Colorado. From 1928-1952, the home was called the National Home for Jewish Children in Denver.</abstract><note>Title supplied by archivist.</note><note type="admin">Donated by the National Asthma Center.</note><note type="admin">ph388</note><subject><name><namePart>Kerschstein, Abraham</namePart></name></subject><subject><name><namePart>National Home for Jewish Children in Denver</namePart></name></subject><subject><topic>Jewish children</topic></subject><subject><topic>Jews</topic></subject><subject><topic>Group homes for children</topic></subject><subject><topic>Children</topic></subject><subject><genre>Photographs</genre></subject><subject><genre>Interior views</genre></subject><subject><genre>Group portraits</genre></subject><subject><geographic>Colorado</geographic></subject><subject><geographic>Denver (Colo.)</geographic></subject><subject><geographic>Colfax Avenue (Denver, Colo.)</geographic></subject><subject><occupation>Sunday school teachers</occupation></subject><relatedItem><titleInfo><title>Beck Archives Photograph Collection, Health Care and Philanthropy</title></titleInfo></relatedItem><identifier type="local">B063.03.0011.00074</identifier><location><url usage="primary display">http://hdl.handle.net/10176/codu:37778</url></location><accessCondition type="useAndReproduction">Copyright restrictions may apply. User is responsible for all copyright compliance.</accessCondition></mods>