<mods xmlns="http://www.loc.gov/mods/v3" xmlns:mods="http://www.loc.gov/mods/v3" xmlns:xlink="http://www.w3.org/1999/xlink" xmlns:xsi="http://www.w3.org/2001/XMLSchema-instance"><titleInfo><title>Girls Baseball Team</title></titleInfo><name type="personal"><role><roleTerm authority="marcrelator" type="text">creator</roleTerm></role></name><typeOfResource>still image</typeOfResource><originInfo><publisher>University of Denver</publisher><place><placeTerm type="text">Denver, Colorado</placeTerm></place><dateCreated keyDate="yes">circa 1910</dateCreated></originInfo><language></language><physicalDescription><extent>1 item (photograph), 4 x 5 inches, black and white</extent><note>On envelope: "#199 Girl's Baseball team." On photograph: "#199, Baseball team 1910, Rear L ? Sam Lifshutz, Lil Sachs, Bertha Snyder, Jenny Spatz, Clara Rosenthal, Ida Shradsky, Dora Idelson, Bertha Berobnick, Bertha Goldberg, Belle Tennenbaum (pitcher), Rose Greinitz (catcher), Donor Rose Millenson (nee Greinitz)."</note><form>Photographic prints</form><digitalOrigin>Reformatted digital</digitalOrigin></physicalDescription><abstract>A girls baseball team poses with their equipment and two boys. Rear L ? Sam Lifshutz, Lil Sachs, Bertha Snyder, Jenny Spatz, Clara Rosenthal, Ida Shradsky, Dora Idelson, Bertha Berobnick, Bertha Goldberg, Belle Tennenbaum (pitcher), Rose Greinitz (catcher).</abstract><note>Title supplied by archivist.</note><note type="admin">Donated by Rose Millenson</note><note type="admin">ph199</note><subject><name><namePart>Lifshutz, Sam</namePart></name></subject><subject><name><namePart>Sachs, Lil</namePart></name></subject><subject><name><namePart>Snyder, Bertha</namePart></name></subject><subject><name><namePart>Spatz, Jenny</namePart></name></subject><subject><name><namePart>Rosenthal, Clara</namePart></name></subject><subject><name><namePart>Shradsky, Ida</namePart></name></subject><subject><name><namePart>Idelson, Dora</namePart></name></subject><subject><name><namePart>Berobnick, Bertha</namePart></name></subject><subject><name><namePart>Goldberg, Bertha</namePart></name></subject><subject><name><namePart>Tennenbaum, Belle</namePart></name></subject><subject><name><namePart>Millenson, Rose Greinitz</namePart></name></subject><subject><topic>Baseball teams</topic></subject><subject><topic>Jewish children</topic></subject><subject><genre>Photographs</genre></subject><subject><genre>Group portraits</genre></subject><subject><genre>Exterior views</genre></subject><subject><geographic>Trinidad (Colo.)</geographic></subject><relatedItem><titleInfo><title>Beck Archives Photograph Collection, Community</title></titleInfo></relatedItem><identifier type="local">B063.02.0018.00019</identifier><location><url usage="primary display">http://hdl.handle.net/10176/codu:60272</url></location><accessCondition type="useAndReproduction">Copyright restrictions may apply. User is responsible for all copyright compliance.</accessCondition></mods>