<mods xmlns="http://www.loc.gov/mods/v3" xmlns:mods="http://www.loc.gov/mods/v3" xmlns:xlink="http://www.w3.org/1999/xlink" xmlns:xsi="http://www.w3.org/2001/XMLSchema-instance"><titleInfo><title>Seven Solomon Sisters</title></titleInfo><name type="personal"><role><roleTerm authority="marcrelator" type="text">creator</roleTerm></role></name><name type="personal"><role><roleTerm authority="marcrelator" type="text">contributor</roleTerm></role></name><name type="corporate"><role><roleTerm authority="marcrelator" type="text">creator</roleTerm></role></name><name type="corporate"><role><roleTerm authority="marcrelator" type="text">contributor</roleTerm></role></name><typeOfResource>still image</typeOfResource><originInfo><publisher>University of Denver</publisher><place><placeTerm type="text">Denver, Colorado</placeTerm></place><dateCreated keyDate="yes">circa 1907</dateCreated></originInfo><language></language><physicalDescription><extent>1 item (photograph), 4 x 10 inches, black and white</extent><note>On envelope: ''#89 The Seven Solomon Sisters.'' On note inside envelope: ''#89 The Seven Solomon Sisters donated by Mrs. Meyer Wolfson.''</note><form>Photographic prints</form><digitalOrigin>reformatted digital</digitalOrigin></physicalDescription><abstract>Headshots of all seven Solomon sisters: Esther, Deborah, Theresa, Anne, Flora, Ruth, and Goldie.</abstract><note>Title supplied by archivist.</note><note>Date of photograph is estimate (1907?).</note><note type="admin">Donated by Mrs. Meyer Wolfson.</note><note type="admin">89</note><subject><name><namePart>Solomon, Esther</namePart></name></subject><subject><name><namePart>Solomon, Deborah</namePart></name></subject><subject><name><namePart>Solomon, Theresa</namePart></name></subject><subject><name><namePart>Solomon, Anne</namePart></name></subject><subject><name><namePart>Solomon, Flora</namePart></name></subject><subject><name><namePart>Solomon, Ruth</namePart></name></subject><subject><name><namePart>Solomon, Goldie</namePart></name></subject><subject><topic>Jews</topic></subject><subject><topic>Jewish families</topic></subject><subject><topic>Social life and customs</topic></subject><subject><topic>Jewish girls</topic></subject><subject><genre>Group portraits</genre></subject><subject><genre>Photographs</genre></subject><subject><geographic>Colorado</geographic></subject><subject><geographic>Denver (Colo.)</geographic></subject><relatedItem><titleInfo><title>Beck Archives Photograph Collection, Families and Groups</title></titleInfo></relatedItem><identifier type="local">B063.05.0005.00018</identifier><location><url usage="primary display">http://hdl.handle.net/10176/codu:37763</url></location><accessCondition type="useAndReproduction">Copyright restrictions may apply. User is responsible for all copyright compliance.</accessCondition></mods>