<mods xmlns="http://www.loc.gov/mods/v3" xmlns:mods="http://www.loc.gov/mods/v3" xmlns:xlink="http://www.w3.org/1999/xlink" xmlns:xsi="http://www.w3.org/2001/XMLSchema-instance"><titleInfo><title>Interior of Isaacs' Hardware Store in Leadville</title></titleInfo><name type="personal"><role><roleTerm authority="marcrelator" type="text">creator</roleTerm></role></name><typeOfResource>still image</typeOfResource><originInfo><publisher>University of Denver</publisher><place><placeTerm type="text">Denver, Colorado</placeTerm></place><dateCreated keyDate="yes">circa 1909</dateCreated></originInfo><language><languageTerm type="text">Inscription is in English.</languageTerm></language><physicalDescription><extent>1 item (photograph), 5 x 8 inches,</extent><note>Handwritten on envelope: "167 Isaac's Hardware Store, Leadville, c 1909."  Handwritten on back of photograph: "#167, Hyman Isaac's Hardware Store in Leadville btn 4th and 5th (420?) Harrison Ave. c. 1909, See Leadville file for description."</note><form>Photographic prints</form><digitalOrigin>Reformatted digital</digitalOrigin></physicalDescription><abstract>Interior view of Hyman Isaacs' Hardware Store in Leadville, Colorado. There is an unidentified man in the center of the photograph who is leaning against a counter.</abstract><note>Title supplied by archivist.</note><note>Newspaper article with the photo titled ''Leadville Woman has Oldest Range in Rocky Mountains'' (undated) states that two individuals, Eva Zelezniker and Joe Matekal, owned the two oldest working Monarch coal ranges in the Rocky Mountain region.  Monarch gave her a new electric range and him an electric griddle.  The coal ranges had been purchased in Hyman Isaacs store in the early 1900s and had been advertised by Isaacs in the Herald Democrat as the ''Stay Satisfactory'' range.</note><note>Appears in ''Images of America: Jewish Denver 1859-1940,'' by Dr. Jeanne Abrams, page 117.</note><note type="admin">ph167</note><subject><name><namePart>Hyman Isaac's Hardware Store</namePart></name></subject><subject><topic>Jews</topic></subject><subject><topic>Jewish merchants</topic></subject><subject><genre>Interior views</genre></subject><subject><geographic>Leadville (Colo.)</geographic></subject><subject><geographic>Colorado</geographic></subject><relatedItem><titleInfo><title>Beck Archives Photograph Collection, Businesses</title></titleInfo></relatedItem><identifier type="local">B063.01.0001.00021</identifier><location><url usage="primary display">http://hdl.handle.net/10176/codu:59344</url></location><accessCondition type="useAndReproduction">Copyright restrictions may apply. User is responsible for all copyright compliance.</accessCondition></mods>