<mods xmlns="http://www.loc.gov/mods/v3" xmlns:mods="http://www.loc.gov/mods/v3" xmlns:xlink="http://www.w3.org/1999/xlink" xmlns:xsi="http://www.w3.org/2001/XMLSchema-instance"><titleInfo><title>Harry and Morris Hoffman Standing Inside Hoffman Liquor Store</title></titleInfo><name type="personal"><role><roleTerm authority="marcrelator" type="text">creator</roleTerm></role></name><typeOfResource>still image</typeOfResource><originInfo><publisher>University of Denver</publisher><place><placeTerm type="text">Denver, Colorado</placeTerm></place><dateCreated keyDate="yes">circa 1955</dateCreated></originInfo><language></language><physicalDescription><extent>1 item (photograph), 8 x 10 inches, black and white</extent><note>On envelope: "#970 Harry Hoffman in front of father's store 1929 and father in Hoffman's Liquor, 1936."  Handwritten on back of photograph: "Harry Hoffman & father, Morris Hoffman, an early president of BMH, 1936, standing in front of Harry Hoffman Liquor, #970."</note><form>Photographic prints</form><digitalOrigin>Reformatted digital</digitalOrigin></physicalDescription><abstract>Harry Hoffman and his father, Morris, pictured in the 1950s, stand next to a display at Denver's landmark Hoffman Liquor Store. The liquor establishment was founded in 1937.</abstract><note>Title supplied by archivist.</note><note>Appears in, ''Images of America: Jewish Denver 1859-1940,'' By Dr. Jeanne Abrams on page 45.</note><note type="admin">Donated by Lillian Hoffman.</note><note type="admin">ph970</note><subject><name><namePart>Hoffman, Harry</namePart></name></subject><subject><name><namePart>Hoffman, Morris</namePart></name></subject><subject><name><namePart>Hoffman Liquor Store (Denver, Colo.)</namePart></name></subject><subject><topic>Jews</topic></subject><subject><topic>Jewish men</topic></subject><subject><topic>Jewish businesspeople</topic></subject><subject><topic>Liquor Stores</topic></subject><subject><topic>Family-owned business enterprises</topic></subject><subject><genre>Photographs</genre></subject><subject><genre>Interior views</genre></subject><subject><genre>Group portraits</genre></subject><subject><geographic>Denver (Colo.)</geographic></subject><subject><geographic>Colorado</geographic></subject><subject><occupation>Businesspeople</occupation></subject><relatedItem><titleInfo><title>Beck Archives Photograph Collection, Businesses</title></titleInfo></relatedItem><identifier type="local">B063.01.0001.00042</identifier><location><url usage="primary display">http://hdl.handle.net/10176/codu:59384</url></location><accessCondition type="useAndReproduction">Copyright restrictions may apply. User is responsible for all copyright compliance.</accessCondition></mods>