<mods xmlns="http://www.loc.gov/mods/v3" xmlns:mods="http://www.loc.gov/mods/v3" xmlns:xlink="http://www.w3.org/1999/xlink" xmlns:xsi="http://www.w3.org/2001/XMLSchema-instance"><titleInfo><title>Exterior of Chas. Glass Merchant Tailor</title></titleInfo><name type="personal"><role><roleTerm authority="marcrelator" type="text">creator</roleTerm></role></name><typeOfResource>still image</typeOfResource><originInfo><publisher>University of Denver</publisher><place><placeTerm type="text">Denver, Colorado</placeTerm></place><dateCreated keyDate="yes">between 1900-1930</dateCreated></originInfo><language></language><physicalDescription><extent>1 item (photograph), 7 x 5 inches, black and white</extent><note>Handwritten on envelope: ''#591 Glass, Charles Tailor.'' On back of photograph: ''#591 Charles Glass Tailors of Denver  Father of Charlotte (Glass) Heller (wife of Max).</note><form>Photographic prints</form><digitalOrigin>Reformatted digital</digitalOrigin></physicalDescription><abstract>Owner Charles Glass stands in the doorway of the Chas. Glass Merchant Tailor store located in Denver, Colorado.  Charles Glass was the father of Charlotte (Glass) Heller (Mrs. Max Heller).</abstract><note>Title supplied by archivist.</note><note type="admin">ph591</note><subject><name><namePart>Glass, Charles</namePart></name></subject><subject><name><namePart>Chas. Glass Merchant Tailor</namePart></name></subject><subject><topic>Jews</topic></subject><subject><topic>Jewish merchants</topic></subject><subject><topic>Tailors</topic></subject><subject><genre>Photographs</genre></subject><subject><geographic>Denver (Colo.)</geographic></subject><subject><geographic>Colorado</geographic></subject><relatedItem><titleInfo><title>Beck Archives Photograph Collection, Businesses</title></titleInfo></relatedItem><identifier type="local">B063.01.0009.00038</identifier><location><url usage="primary display">http://hdl.handle.net/10176/codu:59332</url></location><accessCondition type="useAndReproduction">Copyright restrictions may apply. User is responsible for all copyright compliance.</accessCondition></mods>