<mods xmlns="http://www.loc.gov/mods/v3" xmlns:mods="http://www.loc.gov/mods/v3" xmlns:xlink="http://www.w3.org/1999/xlink" xmlns:xsi="http://www.w3.org/2001/XMLSchema-instance"><titleInfo><title>Billie Stein and Her Harmony Girls Band</title></titleInfo><name type="personal"><role><roleTerm authority="marcrelator" type="text">creator</roleTerm></role></name><typeOfResource>still image</typeOfResource><originInfo><publisher>University of Denver</publisher><place><placeTerm type="text">Denver, Colorado</placeTerm></place><dateCreated keyDate="yes">circa 1925</dateCreated></originInfo><language><languageTerm type="text">Inscription is in English.</languageTerm></language><physicalDescription><extent>1 item (photograph), 8 x 10 inches, black and white</extent><note>Handwritten on back: ''#193 Billie on trumpet,  Billie Stein on trumpet.'' On envelope: ''#193 Billie Stein's Orchestra, 1925.''</note><form>Photographic prints</form><digitalOrigin>Reformatted digital</digitalOrigin></physicalDescription><abstract>Billie (Lillian) Stein poses with members of her Harmony Girls Orchestra. All five female members of the group are dressed in clown costumes with a ruff at the neck and with their instruments. Billie Stein is second from the right, holding her trumpet. Billie Stein started her own all-girls band at the age of 14 and traveled throughout the United States performing on her trumpet.</abstract><note>Title supplied by archivist.</note><note>Appears in ''Images of America: Jewish Denver 1859-1940,'' by Dr. Jeanne Abrams, page 54.</note><note type="admin">Donated by Billie Stein.</note><note type="admin">ph193</note><subject><name><namePart>Stein, Billie,--1907-2002</namePart></name></subject><subject><name><namePart>Harmony Girls Band</namePart></name></subject><subject><topic>Jews</topic></subject><subject><topic>Jewish women</topic></subject><subject><topic>Bands (Music)</topic></subject><subject><topic>Orchestra</topic></subject><subject><topic>Jewish musicians</topic></subject><subject><topic>Women musicians</topic></subject><subject><genre>Photographs</genre></subject><subject><geographic>Denver (Colo.)</geographic></subject><subject><occupation>Musicians</occupation></subject><relatedItem><titleInfo><title>Beck Archives Photograph Collection, Community</title></titleInfo></relatedItem><identifier type="local">B063.02.0002.00010</identifier><location><url usage="primary display">http://hdl.handle.net/10176/codu:38548</url></location><accessCondition type="useAndReproduction">Copyright restrictions may apply. User is responsible for all copyright compliance.</accessCondition></mods>