<mods xmlns="http://www.loc.gov/mods/v3" xmlns:mods="http://www.loc.gov/mods/v3" xmlns:xlink="http://www.w3.org/1999/xlink" xmlns:xsi="http://www.w3.org/2001/XMLSchema-instance"><titleInfo><title>Seraphine Pisko</title></titleInfo><name type="personal"><role><roleTerm authority="marcrelator" type="text">creator</roleTerm></role></name><typeOfResource>still image</typeOfResource><originInfo><publisher>University of Denver</publisher><place><placeTerm type="text">Denver, Colorado</placeTerm></place><dateCreated keyDate="yes">circa 1940</dateCreated></originInfo><language></language><physicalDescription><extent>1 item (photograph), 5 x 7 inches, black and white</extent><note>Handwritten on envelope: ''#84  Mrs. Seraphine Pisko at NJH.'' On back of photograph: ''#84 Seraphine Pisko.''</note><form>Photographic prints</form></physicalDescription><abstract>Seraphine Eppstein Pisko sits at a desk at National Jewish Hospital (NJH). She served as the president of the Hebrew Ladies' Benevolent Society (renamed the Jewish Relief Society in 1901) and as president of the Denver Council of Jewish Women. She also helped organize the Denver Jewish Settlement House and a free kindergarten to benefit the Eastern European Jewish immigrants on Denver's west side.  Pisko became a fund-raiser for the National Jewish Hospital for Consumptives, and in 1911 she was appointed secretary of NJH and later was named executive director as well as vice president. She was in administrative control of the day-to-day activities until her retirement in 1938.</abstract><note>Title from back of photograph.</note><note>Appears in ''Images of America: Jewish Denver 1859-1940,'' by Dr. Jeanne Abrams, page 77.</note><note type="admin">Donated by National Jewish Hospital.</note><note type="admin">ph84</note><subject><name><namePart>Pisko, Seraphine Eppstein,--1861-1942</namePart></name></subject><subject><name><namePart>National Jewish Hospital (U.S.)</namePart></name></subject><subject><topic>Jews</topic></subject><subject><topic>Hospitals</topic></subject><subject><topic>Tuberculosis</topic></subject><subject><topic>Jewish women</topic></subject><subject><genre>Photographs</genre></subject><subject><genre>Interior views</genre></subject><subject><geographic>Colorado</geographic></subject><subject><geographic>Denver (Colo.)</geographic></subject><subject><geographic>Colfax Avenue (Denver, Colo.)</geographic></subject><subject><occupation>Hospital administrators</occupation></subject><relatedItem><titleInfo><title>Beck Archives Photograph Collection, Health Care and Philanthropy</title></titleInfo></relatedItem><identifier type="local">B063.03.0011.00001</identifier><location><url usage="primary display">http://hdl.handle.net/10176/codu:59735</url></location><accessCondition type="useAndReproduction">Copyright restrictions may apply. User is responsible for all copyright compliance.</accessCondition></mods>