<mods xmlns="http://www.loc.gov/mods/v3" xmlns:mods="http://www.loc.gov/mods/v3" xmlns:xlink="http://www.w3.org/1999/xlink" xmlns:xsi="http://www.w3.org/2001/XMLSchema-instance"><titleInfo><title>Winter Weiss New Year</title></titleInfo><name type="personal"><role><roleTerm authority="marcrelator" type="text">creator</roleTerm></role></name><typeOfResource>still image</typeOfResource><originInfo><publisher>University of Denver</publisher><place><placeTerm type="text">Denver, Colorado</placeTerm></place><dateCreated keyDate="yes">circa 1930</dateCreated></originInfo><language></language><physicalDescription><extent>1 item (photograph), 10 x 8 inches, black and white</extent><note>On envelope: #786 Winter - Weiss Co, c. 1930  Advertising." Handwritten on back of photograph: "Basement Madison Square Garden, printer's instructions."</note><form>Photographic prints</form><digitalOrigin>Reformatted digital</digitalOrigin></physicalDescription><abstract>Three women on a motorcycle with a decorated side car.  One woman on the motorcycle, one atop a house on the sidecar, and the third popping out of the house's roof. The photo was taken at Madison Square Gardens in New York. Winter-Weiss, a Denver company, became a defense contractor during World War II.</abstract><note>Title supplied by archivist.</note><note type="admin">ph786</note><subject><name><namePart>Winter-Weiss Company</namePart></name></subject><subject><topic>Women</topic></subject><subject><topic>Motorcyclists</topic></subject><subject><genre>Snapshots</genre></subject><subject><geographic>New York (N.Y.)</geographic></subject><relatedItem><titleInfo><title>Beck Archives Photograph Collection, Businesses</title></titleInfo></relatedItem><identifier type="local">B063.01.0001.00046</identifier><location><url usage="primary display">http://hdl.handle.net/10176/codu:59291</url></location><accessCondition type="useAndReproduction">Copyright restrictions may apply. User is responsible for all copyright compliance.</accessCondition></mods>