<mods xmlns="http://www.loc.gov/mods/v3" xmlns:mods="http://www.loc.gov/mods/v3" xmlns:xlink="http://www.w3.org/1999/xlink" xmlns:xsi="http://www.w3.org/2001/XMLSchema-instance"><titleInfo><title>Interior of Saliman's Bar and Grill</title></titleInfo><name type="personal"><role><roleTerm authority="marcrelator" type="text">creator</roleTerm></role></name><typeOfResource>still image</typeOfResource><originInfo><publisher>University of Denver</publisher><place><placeTerm type="text">Denver, Colorado</placeTerm></place><dateCreated keyDate="yes">between 1900-1920</dateCreated></originInfo><language><languageTerm type="text">Inscription is in English.</languageTerm></language><physicalDescription><extent>1 item (photograph), 8 x 10 inches, black and white</extent><note>Handwritten on envelope: ''# 99 Salimon's Bar and Grill, 1920 Larimer St.  Donor: Ann Julius Saliman''</note><form>Photographic prints</form><digitalOrigin>Reformatted digital</digitalOrigin></physicalDescription><abstract>Four men inside Saliman's Bar and Grill a popular downtown Denver establishment located on Larimer Street. Two of the men are working behind the counter and two are a customers with beverages.</abstract><note>Title supplied by archivist.</note><note>Appears in ''Images of America: Jewish Denver 1859-1940,'' by Dr. Jeanne Abrams, page 44.</note><note type="admin">Donated by Ann Julius Saliman</note><note type="admin">ph099</note><subject><name><namePart>Saliman's Bar and Grill</namePart></name></subject><subject><topic>Jews</topic></subject><subject><genre>Interior views</genre></subject><subject><geographic>Denver (Colo.)</geographic></subject><subject><geographic>Colorado</geographic></subject><relatedItem><titleInfo><title>Beck Archives Photograph Collection, Businesses</title></titleInfo></relatedItem><identifier type="local">B063.01.0001.00006</identifier><location><url usage="primary display">http://hdl.handle.net/10176/codu:59442</url></location><accessCondition type="useAndReproduction">Copyright restrictions may apply. User is responsible for all copyright compliance.</accessCondition></mods>