<mods xmlns="http://www.loc.gov/mods/v3" xmlns:mods="http://www.loc.gov/mods/v3" xmlns:xlink="http://www.w3.org/1999/xlink" xmlns:xsi="http://www.w3.org/2001/XMLSchema-instance"><titleInfo><title>Fannie E. Lorber Breaking Ground at the Denver Sheltering Home for Jewish Children</title></titleInfo><name type="personal"><role><roleTerm authority="marcrelator" type="text">creator</roleTerm></role></name><typeOfResource>still image</typeOfResource><originInfo><publisher>University of Denver</publisher><place><placeTerm type="text">Denver, Colorado</placeTerm></place><dateCreated keyDate="yes">circa 1937</dateCreated></originInfo><language></language><physicalDescription><extent>1 item (photograph), 5 x 7 inches, black and white</extent><note>Handwritten on envelope: ''#136 Fannie Lorber at Sheltering Home.''  On back of photograph: ''#136 Fannie Lorber Breaking Ground at the Sheltering Home  1937?''</note><form>Photographic prints</form></physicalDescription><abstract>Mrs. Fannie E. Lorber was one of the founders of the Denver Sheltering Home, which opened in 1908. She is shoveling dirt for a groundbreaking of the Lorber Building, with many men and women looking on. The Sheltering Home began as a home for the children of tubercular patients who came to the sanitoriums in Denver, Colo.</abstract><note>Title supplied by archivist.</note><note>Appears in ''Images of America: Jewish Denver 1859-1940,'' by Dr. Jeanne Abrams, page 88.</note><note type="admin">Donated by Ed Silverberg.</note><note type="admin">ph136</note><subject><name><namePart>Lorber, Fannie E.--(Fannie Eller),--1881-1958</namePart></name></subject><subject><name><namePart>Denver Sheltering Home for Jewish Children (Denver, Colo.)</namePart></name></subject><subject><topic>Jewish children</topic></subject><subject><topic>Jews</topic></subject><subject><topic>Group homes for children</topic></subject><subject><topic>Tuberculosis in children</topic></subject><subject><genre>Photographs</genre></subject><subject><genre>Event photographs</genre></subject><subject><geographic>Colorado</geographic></subject><subject><geographic>Denver (Colo.)</geographic></subject><subject><geographic>Colfax Avenue (Denver, Colo.)</geographic></subject><relatedItem><titleInfo><title>Beck Archives Photograph Collection, Health Care and Philanthropy</title></titleInfo></relatedItem><identifier type="local">B063.03.0011.00004</identifier><location><url usage="primary display">http://hdl.handle.net/10176/codu:37773</url></location><accessCondition type="useAndReproduction">Copyright restrictions may apply. User is responsible for all copyright compliance.</accessCondition></mods>