<mods xmlns="http://www.loc.gov/mods/v3" xmlns:mods="http://www.loc.gov/mods/v3" xmlns:xlink="http://www.w3.org/1999/xlink" xmlns:xsi="http://www.w3.org/2001/XMLSchema-instance"><titleInfo><title>Schachet Mercantile Company</title></titleInfo><name type="personal"><role><roleTerm authority="marcrelator" type="text">creator</roleTerm></role></name><typeOfResource>still image</typeOfResource><originInfo><publisher>University of Denver</publisher><place><placeTerm type="text">Denver, Colorado</placeTerm></place><dateCreated keyDate="yes">circa 1978</dateCreated></originInfo><language></language><physicalDescription><extent>1 item (photograph), 5 x 7 inches, black and white</extent><note>Handwritten on envelope: ''#217 Schuachet Mercantile Co [sic]''. On back of photograph: ''#217 Schuchet [sic] Mercantile Company 1978 W. Colfax near Stor Briad  Donor Charles McNamera  West Side 2u.''</note><form>Photographic prints</form><digitalOrigin>Reformatted digital</digitalOrigin></physicalDescription><abstract>Exterior view of the Schachet Mercantile Company on West Colfax Avenue in Denver, Colorado. The building was originally built as a saloon in 1896, rented by Eli Schachet and his sons in 1918 and served as the headquarters for their meat and fish store until it closed in 1981. Schachet came to Denver for his health and served the Jewish West Colfax neighborhood for many years as a ''schochet'' (ritual slaughterer for kosher meat). With his sons, he expanded his business to include smoked fish delicacies such as lox and sable. A close friend of Berel Manischewitz, the founder of the B. Manischewitz Company, a specialty food company that specialized in matzo, or unleavened bread, Schachet became the exclusive distributor for the newly formed Manischewitz Company products in Colorado and other western states. Bugsy Siegel ate at the delicatessen that was part of the Mercantile Co. when he was in Denver. The building currently houses Brooklyn's Sports Bar, and the production of smoked fish is now carried on in Edgewater, Colorado under the name Arctic Pacific Fisheries.</abstract><note>Title supplied by archivist.</note><note type="admin">Donated by Charles McNamara.</note><note type="admin">ph217</note><subject><name><namePart>Schachet, Nelson,--1903-1992</namePart></name></subject><subject><name><namePart>Schachet, Eli</namePart></name></subject><subject><name><namePart>Schachet family</namePart></name></subject><subject><name><namePart>Schachet Mercantile Company (Denver, Colo.)</namePart></name></subject><subject><topic>Jews</topic></subject><subject><topic>Jewish merchants</topic></subject><subject><topic>Factories</topic></subject><subject><topic>Kosher food</topic></subject><subject><topic>Delicatessens</topic></subject><subject><genre>Photographs</genre></subject><subject><genre>Exterior views</genre></subject><subject><geographic>Denver (Colo.)</geographic></subject><subject><geographic>West Colfax (Denver, Colo.)</geographic></subject><subject><geographic>Colfax Avenue (Denver, Colo.)</geographic></subject><subject><occupation>Butchers</occupation></subject><relatedItem><titleInfo><title>Beck Archives Photograph Collection, Businesses</title></titleInfo></relatedItem><identifier type="local">B063.01.0009.00009</identifier><location><url usage="primary display">http://hdl.handle.net/10176/codu:59440</url></location><accessCondition type="useAndReproduction">Copyright restrictions may apply. User is responsible for all copyright compliance.</accessCondition></mods>