<mods xmlns="http://www.loc.gov/mods/v3" xmlns:mods="http://www.loc.gov/mods/v3" xmlns:xlink="http://www.w3.org/1999/xlink" xmlns:xsi="http://www.w3.org/2001/XMLSchema-instance"><titleInfo><title>Patients Undergoing Heliotherapy at the Jewish Consumptives' Relief Society</title></titleInfo><name type="personal"><role><roleTerm authority="marcrelator" type="text">creator</roleTerm></role></name><typeOfResource>still image</typeOfResource><originInfo><publisher>University of Denver</publisher><place><placeTerm type="text">Denver, Colorado</placeTerm></place><dateCreated keyDate="yes">between 1920-1940</dateCreated></originInfo><language><languageTerm type="text">Inscription is in English.</languageTerm></language><physicalDescription><extent>1 item (photograph), 4 x 6 inches, black and white</extent><note>On envelope: ''#462 JCRS Patient Activities.'' On back of photograph: ''JCRS TB Patients undergoing Heliotherapy, 1920s.''</note><form>Photographic prints</form><digitalOrigin>Reformatted digital</digitalOrigin></physicalDescription><abstract>Unidentified tuberculosis patients undergoing heliotherapy at the Main Medical Building of the Jewish Consumptives' Relief Society (JCRS). Fresh air and sunshine were popular treatments for tuberculosis and patients were encouraged to spend time outside. The JCRS was a sanatorium for tuberculosis patients that was founded in 1904 by a group of immigrant Jewish workingmen along with the support of several leading physicians and rabbis in Denver, Colorado. The sanatorium was located on West Colfax Avenue just outside of Denver.</abstract><note>Title supplied by archivist.</note><note>Appears in ''Images of America: Jewish Denver 1859-1940,'' by Dr. Jeanne Abrams, page 83.</note><note type="admin">Accession # 1271, Donated by AMC Cancer Research Center as part of the JCRS Records.</note><note type="admin">ph462</note><subject><name><namePart>Jewish Consumptives' Relief Society (U.S.)</namePart></name></subject><subject><name><namePart>Main Medical Building (Sanatorium, Colo.)</namePart></name></subject><subject><topic>Jews</topic></subject><subject><topic>Tuberculosis</topic></subject><subject><topic>Patients</topic></subject><subject><topic>Hospitals</topic></subject><subject><topic>Sanatoriums</topic></subject><subject><topic>Sun-baths</topic></subject><subject><topic>Therapeutics, Cutaneous and external</topic></subject><subject><genre>Photographs</genre></subject><subject><genre>Exterior views</genre></subject><subject><geographic>Colorado</geographic></subject><subject><geographic>Denver (Colo.)</geographic></subject><subject><geographic>Edgewater (Colo.)</geographic></subject><subject><geographic>Colfax Avenue (Denver, Colo.)</geographic></subject><subject><geographic>West Colfax (Denver, Colo.)</geographic></subject><subject><geographic>Sanatorium (Colo.)</geographic></subject><subject><geographic>Spivak (Colo.)</geographic></subject><relatedItem><titleInfo><title>Beck Archives Photograph Collection, Health Care and Philanthropy</title></titleInfo></relatedItem><identifier type="local">B063.03.0011.00121</identifier><location><url usage="primary display">http://hdl.handle.net/10176/codu:60066</url></location><accessCondition type="useAndReproduction">Copyright restrictions may apply. User is responsible for all copyright compliance.</accessCondition></mods>