<mods xmlns="http://www.loc.gov/mods/v3" xmlns:mods="http://www.loc.gov/mods/v3" xmlns:xlink="http://www.w3.org/1999/xlink" xmlns:xsi="http://www.w3.org/2001/XMLSchema-instance"><titleInfo><title>Early Waldman Cafe</title></titleInfo><name type="personal"><namePart>Goldman, Jack J.</namePart><role><roleTerm authority="marcrelator" type="text">creator</roleTerm></role></name><typeOfResource>still image</typeOfResource><originInfo><publisher>University of Denver</publisher><place><placeTerm type="text">Denver, Colorado</placeTerm></place><dateCreated keyDate="yes">between 1907-1920</dateCreated></originInfo><language></language><physicalDescription><extent>1 item (photograph), 4 x 5 inches, black and white</extent><note>On Envelope, ''#1079 Waldman Family.'' On photograph: ''An early Waldman Cafe (15th or 16th & Broadway), #1079.''</note><form>Photographic prints</form><digitalOrigin>Reformatted digital</digitalOrigin></physicalDescription><abstract>Waldman's Cafe in winter with five unidentified men either on the roof or standing near a car parked in front. The shop next door says, ''[illegible] Car Co. Paige Detroit.''</abstract><note>Title supplied by archivist.</note><note type="admin">ph1079</note><subject><name><namePart>Dave Waldman's Restaurant</namePart></name></subject><subject><topic>Jews</topic></subject><subject><geographic>Denver (Colo.)</geographic></subject><subject><geographic>Colorado</geographic></subject><subject><occupation>Merchants</occupation></subject><relatedItem><titleInfo><title>Beck Archives Photograph Collection, Businesses</title></titleInfo></relatedItem><identifier type="local">B063.01.0017.00043</identifier><location><url usage="primary display">http://hdl.handle.net/10176/codu:59360</url></location><accessCondition type="useAndReproduction">Copyright restrictions may apply. User is responsible for all copyright compliance.</accessCondition></mods>