<mods xmlns="http://www.loc.gov/mods/v3" xmlns:mods="http://www.loc.gov/mods/v3" xmlns:xlink="http://www.w3.org/1999/xlink" xmlns:xsi="http://www.w3.org/2001/XMLSchema-instance"><titleInfo><title>Bronze Statue of Frances Wisebart Jacobs</title></titleInfo><name type="personal"><role><roleTerm authority="marcrelator" type="text">creator</roleTerm></role></name><typeOfResource>still image</typeOfResource><originInfo><publisher>University of Denver</publisher><place><placeTerm type="text">Denver, Colorado</placeTerm></place><dateCreated keyDate="yes">circa 1987</dateCreated></originInfo><language></language><physicalDescription><extent>1 item (photograph), 6 x 4 inches, color</extent><note>On envelope: ''#818 Frances Jacobs Statue''.</note><form>Photographic prints</form></physicalDescription><abstract>Bronze statue is an artist's rendering of Frances Wisebart Jacobs holding her bag of soaps and medicines. The plaque affixed to the base of statue explains Jacob's ties with National Jewish Hospital, which was founded in her memory. The statue is located in the National Jewish Center, Denver, Colo.</abstract><note>Title supplied by archivist.</note><note>Appears in ''Images of America: Jewish Denver 1859-1940,'' by Dr. Jeanne Abrams, page 75.</note><note type="admin">Photograph was donated by National Jewish Hospital.</note><note type="admin">ph818</note><subject><name><namePart>Jacobs, Frances Wisebart,--1843-1892</namePart></name></subject><subject><name><namePart>National Jewish Hospital (U.S.)</namePart></name></subject><subject><topic>Jews</topic></subject><subject><topic>Figure sculpture</topic></subject><subject><topic>Jewish bronzes</topic></subject><subject><topic>Jewish women</topic></subject><subject><topic>Hospitals</topic></subject><subject><genre>Photographs</genre></subject><subject><geographic>Colorado</geographic></subject><subject><geographic>Denver (Colo.)</geographic></subject><subject><geographic>Colfax Avenue (Denver, Colo.)</geographic></subject><subject><geographic>West Colfax (Denver, Colo.)</geographic></subject><relatedItem><titleInfo><title>Beck Archives Photograph Collection, Health Care and Philanthropy</title></titleInfo></relatedItem><identifier type="local">B063.03.0011.00102</identifier><location><url usage="primary display">http://hdl.handle.net/10176/codu:59736</url></location><accessCondition type="useAndReproduction">Copyright restrictions may apply. User is responsible for all copyright compliance.</accessCondition></mods>