<mods xmlns="http://www.loc.gov/mods/v3" xmlns:mods="http://www.loc.gov/mods/v3" xmlns:xlink="http://www.w3.org/1999/xlink" xmlns:xsi="http://www.w3.org/2001/XMLSchema-instance"><titleInfo><title>Executives and Founders of the Denver Mattress Company</title></titleInfo><name type="personal"><role><roleTerm authority="marcrelator" type="text">creator</roleTerm></role></name><name type="personal"><role><roleTerm authority="marcrelator" type="text">contributor</roleTerm></role></name><name type="corporate"><role><roleTerm authority="marcrelator" type="text">creator</roleTerm></role></name><name type="corporate"><role><roleTerm authority="marcrelator" type="text">contributor</roleTerm></role></name><typeOfResource>still image</typeOfResource><originInfo><publisher>University of Denver</publisher><place><placeTerm type="text">Denver, Colorado</placeTerm></place><dateCreated keyDate="yes">between 1940-1965</dateCreated></originInfo><language></language><physicalDescription><extent>1 item (photograph), 4 x 5 inches, black and white</extent><note>Handwritten on envelope: ''#788 Co. Mattress Co''.  On back of photograph: ''L to R: Lande, Nierenberg, Amter, Stein #788''.</note><form>Photographic prints</form><digitalOrigin>reformatted digital</digitalOrigin></physicalDescription><abstract>Left to right: Isadore Lande, Max Nierenberg, Gershon (Gus) Amter and Morris Stein. These men were founders or executives of the Colorado Mattress Company and the Standard Furniture Manufacturing Company. Date stamped on back of photograph, May 1986, is when the copy was printed.</abstract><note>Title supplied by archivist.</note><note type="admin">ph788</note><subject><name><namePart>Nierenberg, Max</namePart></name></subject><subject><name><namePart>Lande, Isadore</namePart></name></subject><subject><name><namePart>Amter, Gershon (Gus)</namePart></name></subject><subject><name><namePart>Stein, Morris</namePart></name></subject><subject><name><namePart>Colorado Mattress Company</namePart></name></subject><subject><name><namePart>Standard Furniture Manufacturing Company of Colorado</namePart></name></subject><subject><topic>Jews</topic></subject><subject><topic>Jewish businesspeople</topic></subject><subject><topic>Jewish merchants</topic></subject><subject><genre>Photographs</genre></subject><subject><geographic>Denver (Colo.)</geographic></subject><subject><geographic>Pueblo (Colo.)</geographic></subject><subject><geographic>Colorado</geographic></subject><relatedItem><titleInfo><title>Beck Archives Photograph Collection, Businesses</title></titleInfo></relatedItem><identifier type="local">B063.01.0017.00009</identifier><location><url usage="primary display">http://hdl.handle.net/10176/codu:59363</url></location><accessCondition type="useAndReproduction">Copyright restrictions may apply. User is responsible for all copyright compliance.</accessCondition></mods>