<mods xmlns="http://www.loc.gov/mods/v3" xmlns:mods="http://www.loc.gov/mods/v3" xmlns:xlink="http://www.w3.org/1999/xlink" xmlns:xsi="http://www.w3.org/2001/XMLSchema-instance"><titleInfo><title>Frances Wisebart Jacobs</title></titleInfo><name type="personal"><role><roleTerm authority="marcrelator" type="text">creator</roleTerm></role></name><typeOfResource>still image</typeOfResource><originInfo><publisher>University of Denver</publisher><place><placeTerm type="text">Denver, Colorado</placeTerm></place><dateCreated keyDate="yes">between 1880-1890</dateCreated></originInfo><language></language><physicalDescription><extent>1 item (photograph), 5 x 6 inches.,</extent><form>Photographic prints</form></physicalDescription><abstract>Frances Wisebart Jacobs in a oval photograph of her head and shoulders.</abstract><note>Title supplied by archivist.</note><note>Related material may be found in Frances Wisebart Jacobs Clothing and Other Material, B148.</note><note>Appears in ''Images of America: Jewish Denver 1859-1940,'' by Dr. Jeanne Abrams, page 13.</note><note type="admin">Copy came from Estate of Milton Morris and from Denver Public Library.</note><subject><name><namePart>Jacobs, Frances Wisebart,--1843-1892</namePart></name></subject><subject><name><namePart>National Jewish Hospital and Research Center (U.S.)</namePart></name></subject><subject><name><namePart>United Way of America</namePart></name></subject><subject><topic>Jewish women</topic></subject><subject><topic>Social life and customs</topic></subject><subject><topic>Charities</topic></subject><subject><genre>Photographic prints</genre></subject><subject><genre>Portraits</genre></subject><subject><geographic>Denver (Colo.)</geographic></subject><relatedItem><titleInfo><title>Beck Archives Photograph Collection, Individuals</title></titleInfo></relatedItem><identifier type="local">B063.08.0016.00002</identifier><location><url usage="primary display">http://hdl.handle.net/10176/codu:59747</url></location><accessCondition type="useAndReproduction">Copyright restrictions may apply. User is repsonsible for all copyright complaince.</accessCondition></mods>