<mods xmlns="http://www.loc.gov/mods/v3" xmlns:mods="http://www.loc.gov/mods/v3" xmlns:xlink="http://www.w3.org/1999/xlink" xmlns:xsi="http://www.w3.org/2001/XMLSchema-instance"><titleInfo><title>Miriam Milstein Seated</title></titleInfo><name type="personal"><role><roleTerm authority="marcrelator" type="text">creator</roleTerm></role></name><name type="personal"><role><roleTerm authority="marcrelator" type="text">contributor</roleTerm></role></name><name type="corporate"><role><roleTerm authority="marcrelator" type="text">creator</roleTerm></role></name><name type="corporate"><role><roleTerm authority="marcrelator" type="text">contributor</roleTerm></role></name><typeOfResource>still image</typeOfResource><originInfo><publisher>University of Denver</publisher><place><placeTerm type="text">Denver, Colorado</placeTerm></place><dateCreated keyDate="yes">circa 1895</dateCreated></originInfo><language></language><physicalDescription><extent>1 item (photograph), 5.5 x 4 inches, black and white</extent><note>Handwritten on back of photograph: ''Miriam Milstein, 1890s.''</note><form>Photographic prints</form><digitalOrigin>reformatted digital</digitalOrigin></physicalDescription><abstract>Miriam Milstein sits at a table with a tapestry behind her. Mrs. Milstein's husband was Shul Baer Milstein, an early leader in Denver, Colorado's west side Orthodox Jewish community, and Congregations Zera Abraham.  Shul Baer Milstein was the patriarch of Cotopaxi Colony, an agricultural community located near Cotopaxi, Colorado that failed in 1884. The couple never lived in the Cotopaxi community.</abstract><note>Title supplied by archivist.</note><note type="admin">Provenance is unknown.</note><note type="admin">1060</note><subject><name><namePart>Milstein, Miriam</namePart></name></subject><subject><name><namePart>Congregation Zera Abraham (Denver, Colo.)</namePart></name></subject><subject><topic>Jewish women</topic></subject><subject><topic>Social life and customs</topic></subject><subject><genre>Portraits</genre></subject><subject><genre>Photographs</genre></subject><subject><geographic>Colorado</geographic></subject><subject><geographic>Cotopaxi (Colo.)</geographic></subject><subject><geographic>Denver (Colo.)</geographic></subject><subject><geographic>West Colfax (Denver, Colo.)</geographic></subject><relatedItem><titleInfo><title>Beck Archives Photograph Collection, Individuals</title></titleInfo></relatedItem><identifier type="local">B063.08.0039.00002</identifier><location><url usage="primary display">http://hdl.handle.net/10176/codu:57303</url></location><accessCondition type="useAndReproduction">Copyright restrictions may apply. User is responsible for all copyright compliance.</accessCondition></mods>