<mods xmlns="http://www.loc.gov/mods/v3" xmlns:mods="http://www.loc.gov/mods/v3" xmlns:xlink="http://www.w3.org/1999/xlink" xmlns:xsi="http://www.w3.org/2001/XMLSchema-instance"><titleInfo><title>Dr. Blumberg's Home in Siebert (Colo.)</title></titleInfo><name type="personal"><role><roleTerm authority="marcrelator" type="text">creator</roleTerm></role></name><typeOfResource>still image</typeOfResource><originInfo><publisher>University of Denver</publisher><place><placeTerm type="text">Denver, Colorado</placeTerm></place><dateCreated keyDate="yes">undated</dateCreated></originInfo><language></language><physicalDescription><extent>1 item (photograph), 5 x 4 inches, color</extent><note>On envelope: "#418 Blumberg House in Siebert, Co." On back of photograph: "House of Dr. Blumberg in Siebert [sic] Colorado, #418, left side & canopy are added on." On front of photograph: "Donor: John Messinger, 666-6505."</note><form>Photomechanical prints</form><digitalOrigin>Reformatted digital</digitalOrigin></physicalDescription><abstract>Exterior view of a white home where Dr. Abraham Blumberg lived in Seibert, Colorado.</abstract><note>Title supplied by archivist.</note><note type="admin">Donated by John Messinger</note><note type="admin">ph418</note><subject><name><namePart>Blumberg, Abraham--Dr.</namePart></name></subject><subject><topic>Houses</topic></subject><subject><genre>Photographs</genre></subject><subject><genre>Exterior views</genre></subject><relatedItem><titleInfo><title>Beck Archives Photograph Collection, Community</title></titleInfo></relatedItem><identifier type="local">B063.02.0018.00062</identifier><location><url usage="primary display">http://hdl.handle.net/10176/codu:60315</url></location><accessCondition type="useAndReproduction">Copyright restrictions may apply. User is responsible for all copyright compliance.</accessCondition></mods>