<mods xmlns="http://www.loc.gov/mods/v3" xmlns:mods="http://www.loc.gov/mods/v3" xmlns:xlink="http://www.w3.org/1999/xlink" xmlns:xsi="http://www.w3.org/2001/XMLSchema-instance"><titleInfo><title>Guffey, Colorado</title></titleInfo><name type="personal"><role><roleTerm authority="marcrelator" type="text">creator</roleTerm></role></name><typeOfResource>still image</typeOfResource><originInfo><publisher>University of Denver</publisher><place><placeTerm type="text">Denver, Colorado</placeTerm></place><dateCreated keyDate="yes">circa 1896</dateCreated></originInfo><language></language><physicalDescription><extent>1 item (photograph), 4 x 5 inches, black and white</extent><note>On envelope: "#464 Gus Cohen family of Guffey." On back of photograph: "Guffey Colorado - 1896."</note><form>Photographic prints</form><digitalOrigin>Reformatted digital</digitalOrigin></physicalDescription><abstract>Main street lined with buildings in Guffey, Colorado.</abstract><note>Title supplied by archivist.</note><note type="admin">Donated by Milton Morris</note><note type="admin">ph464</note><subject><topic>Streets</topic></subject><subject><genre>Photographic prints</genre></subject><subject><genre>Exterior views</genre></subject><subject><geographic>Guffey (Colo.)</geographic></subject><relatedItem><titleInfo><title>Beck Archives Photograph Collection, Community</title></titleInfo></relatedItem><identifier type="local">B063.02.0018.00079</identifier><location><url usage="primary display">http://hdl.handle.net/10176/codu:60332</url></location><accessCondition type="useAndReproduction">Copyright restrictions may apply. User is responsible for all copyright compliance.</accessCondition></mods>