<mods xmlns="http://www.loc.gov/mods/v3" xmlns:mods="http://www.loc.gov/mods/v3" xmlns:xlink="http://www.w3.org/1999/xlink" xmlns:xsi="http://www.w3.org/2001/XMLSchema-instance"><titleInfo><title>Arnold Sky Working Inside Sky Drug</title></titleInfo><name type="personal"><role><roleTerm authority="marcrelator" type="text">creator</roleTerm></role></name><typeOfResource>still image</typeOfResource><originInfo><publisher>University of Denver</publisher><place><placeTerm type="text">Denver, Colorado</placeTerm></place><dateCreated keyDate="yes">between 1950-1960</dateCreated></originInfo><language></language><physicalDescription><extent>1 item (photograph), 4 x 5 inches, black and white</extent><note>Handwritten on envelope: "#342 Chugwater - Sky  Family."  Handwritten on back of photograph: "Arnold Sky in Sky Drugs, c 1950's 1952,  #342."</note><form>Photographic prints</form><digitalOrigin>Reformatted digital</digitalOrigin></physicalDescription><abstract>Arnold Sky making medicine inside Sky Drug. The store was owned and operated by the Sky family at 507 W. 27th Street in Cheyenne, Wyoming.</abstract><note>Title supplied by archivist.</note><note type="admin">ph342</note><subject><name><namePart>Sky, Arnold</namePart></name></subject><subject><name><namePart>Sky Drug</namePart></name></subject><subject><topic>Jews</topic></subject><subject><topic>Jewish merchants</topic></subject><subject><topic>Drugstores</topic></subject><subject><genre>Photographs</genre></subject><subject><genre>Interior views</genre></subject><subject><geographic>Cheyenne</geographic></subject><subject><geographic>Wyoming</geographic></subject><subject><occupation>Merchants</occupation></subject><relatedItem><titleInfo><title>Beck Archives Photograph Collection, Businesses</title></titleInfo></relatedItem><identifier type="local">B063.01.0017.00007</identifier><location><url usage="primary display">http://hdl.handle.net/10176/codu:59353</url></location><accessCondition type="useAndReproduction">Copyright restrictions may apply. User is responsible for all copyright compliance.</accessCondition></mods>