<mods xmlns="http://www.loc.gov/mods/v3" xmlns:mods="http://www.loc.gov/mods/v3" xmlns:xlink="http://www.w3.org/1999/xlink" xmlns:xsi="http://www.w3.org/2001/XMLSchema-instance"><titleInfo><title>Exterior of Pioneer Gift Shop in Estes Park</title></titleInfo><name type="personal"><role><roleTerm authority="marcrelator" type="text">creator</roleTerm></role></name><typeOfResource>still image</typeOfResource><originInfo><publisher>University of Denver</publisher><place><placeTerm type="text">Denver, Colorado</placeTerm></place><dateCreated keyDate="yes">circa 1948</dateCreated></originInfo><language></language><physicalDescription><extent>1 item (photograph), 4 x 5 inches, black and white</extent><note>Handwritten on envelope: ''#464 Gus Cohen family of Guffey.''  On back of photograph: ''Pioneer Gift Shop Estes Park,  owned by Harry A Frumess and Doris Frumess,  purchased originally by Ben and Clara Frumess.''</note><form>Photographic prints</form><digitalOrigin>Reformatted digital</digitalOrigin></physicalDescription><abstract>Exterior of the Pioneer Gift Shop in Estes Park, Colorado. The shop was owned by Harry A. Frumess and Doris Frumess. An unidentified man is taking down the previous owner's sign.</abstract><note>Title supplied by archivist.</note><note type="admin">ph464</note><subject><name><namePart>Frumess, Clara</namePart></name></subject><subject><name><namePart>Frumess, Doris</namePart></name></subject><subject><name><namePart>Frumess, Harry A.</namePart></name></subject><subject><name><namePart>Frumess, Ben</namePart></name></subject><subject><name><namePart>Pioneer Gift Shop</namePart></name></subject><subject><topic>Jews</topic></subject><subject><topic>Jewish merchants</topic></subject><subject><topic>Gift shops</topic></subject><subject><genre>Photographs</genre></subject><subject><genre>Exterior views</genre></subject><subject><geographic>Estes Park (Colo.)</geographic></subject><subject><geographic>Colorado</geographic></subject><subject><occupation>Merchants</occupation></subject><relatedItem><titleInfo><title>Beck Archives Photograph Collection, Businesses</title></titleInfo></relatedItem><identifier type="local">B063.01.0017.00020</identifier><location><url usage="primary display">http://hdl.handle.net/10176/codu:59400</url></location><accessCondition type="useAndReproduction">Copyright restrictions may apply. User is responsible for all copyright compliance.</accessCondition></mods>