<mods xmlns="http://www.loc.gov/mods/v3" xmlns:mods="http://www.loc.gov/mods/v3" xmlns:xlink="http://www.w3.org/1999/xlink" xmlns:xsi="http://www.w3.org/2001/XMLSchema-instance"><titleInfo><title>Jake Lederman and Harsh Lederman Delivering Milk</title></titleInfo><name type="personal"><role><roleTerm authority="marcrelator" type="text">creator</roleTerm></role></name><typeOfResource>still image</typeOfResource><originInfo><publisher>University of Denver</publisher><place><placeTerm type="text">Denver, Colorado</placeTerm></place><dateCreated keyDate="yes">3/1911</dateCreated></originInfo><language><languageTerm type="text">Inscription is in English.</languageTerm></language><physicalDescription><extent>1 item (photograph), 8 x 8 inches,</extent><note>Handwritten on envelope: "#391 Jake Lederman c. 1910."  Handwritten notes on back of photograph: "From the City of Lakewood Calendar 1980, Jake Lederman #391."  There is also a typed caption taped to the back of the photograph which reads: "Jake Lederman helps his father deliver milk in downtown Denver, March, 1911. Their Green Mountain Dairy was located at the southwest corner of West 1st Avenue and Wadsworth Boulevard on land bought from the George Devinny family. (Photo courtesy of Jake Lederman)."</note><form>Halftone photomechanical prints</form><digitalOrigin>Reformatted digital</digitalOrigin></physicalDescription><abstract>Jake Lederman helps his father Harsh Lederman deliver milk by horse drawn carriage, in downtown Denver, Colorado in March, 1911. Their Green Mountain Dairy was located at the southwest corner of West 1st Avenue and Wadsworth Boulevard on land bought from the George Devinny family. This is a page from the 1980 City of Lakewood Calendar.</abstract><note>Title supplied by archivist.</note><note type="admin">ph391</note><subject><name><namePart>Lederman, Jake</namePart></name></subject><subject><name><namePart>Lederman, Harsh</namePart></name></subject><subject><name><namePart>Green Mountain Dairy</namePart></name></subject><subject><topic>Jews</topic></subject><subject><topic>Jewish businesspeople</topic></subject><subject><genre>Photographs</genre></subject><subject><geographic>Denver (Colo.)</geographic></subject><subject><geographic>Colorado</geographic></subject><relatedItem><titleInfo><title>Beck Archives Photograph Collection, Businesses</title></titleInfo></relatedItem><identifier type="local">B063.01.0001.00028</identifier><location><url usage="primary display">http://hdl.handle.net/10176/codu:59278</url></location><accessCondition type="useAndReproduction">Copyright restrictions may apply. User is responsible for all copyright compliance.</accessCondition></mods>