<mods xmlns="http://www.loc.gov/mods/v3" xmlns:mods="http://www.loc.gov/mods/v3" xmlns:xlink="http://www.w3.org/1999/xlink" xmlns:xsi="http://www.w3.org/2001/XMLSchema-instance"><titleInfo><title>Wedding Portrait of Sam and Bertha Flax</title></titleInfo><name type="personal"><role><roleTerm authority="marcrelator" type="text">creator</roleTerm></role></name><typeOfResource>still image</typeOfResource><originInfo><publisher>University of Denver</publisher><place><placeTerm type="text">Denver, Colorado</placeTerm></place><dateCreated keyDate="yes">circa 1909</dateCreated></originInfo><language></language><physicalDescription><extent>1 item (photograph), 7 x 5 inches, black and white</extent><note>On back of photograph: ''#118 Mr. and Mrs. Sam Flax Married Cripple Creek 1907 or 1909.''  On envelope: ''#118 Mr. and Mrs. Sam Flax, 1909 Cripple Creek''.</note><form>Photographic prints</form></physicalDescription><abstract>Sam Flax wears a three-piece suit, tie and gold watch.  Bertha Flax wears a white gown and gold pin.</abstract><note>Title supplied by archivist.</note><note>Appears in ''Images of America: Jewish Denver 1859-1940,'' by Dr. Jeanne Abrams, on page 116.</note><note type="admin">Donated by Sam Flax.</note><note type="admin">ph118</note><subject><name><namePart>Flax, Sam</namePart></name></subject><subject><name><namePart>Flax, Bertha</namePart></name></subject><subject><topic>Jewish families</topic></subject><subject><topic>Weddings</topic></subject><subject><topic>Social life and customs</topic></subject><subject><topic>Jewish marriage customs and rites</topic></subject><subject><genre>Portraits</genre></subject><subject><genre>Photographs</genre></subject><subject><geographic>Denver (Colo.)</geographic></subject><relatedItem><titleInfo><title>Beck Archives Photograph Collection, Families and Groups</title></titleInfo></relatedItem><identifier type="local">B063.05.0013.00012</identifier><location><url usage="primary display">http://hdl.handle.net/10176/codu:59743</url></location><accessCondition type="useAndReproduction">Copyright restrictions may apply. User is responsible for all copyright compliance.</accessCondition></mods>