<mods xmlns="http://www.loc.gov/mods/v3" xmlns:mods="http://www.loc.gov/mods/v3" xmlns:xlink="http://www.w3.org/1999/xlink" xmlns:xsi="http://www.w3.org/2001/XMLSchema-instance"><titleInfo><title>Basketball Team Dressed Up</title></titleInfo><name type="personal"><role><roleTerm authority="marcrelator" type="text">creator</roleTerm></role></name><typeOfResource>still image</typeOfResource><originInfo><publisher>University of Denver</publisher><place><placeTerm type="text">Denver, Colorado</placeTerm></place><dateCreated keyDate="yes">circa 1917</dateCreated></originInfo><language><languageTerm type="text">Inscription is in English.</languageTerm></language><physicalDescription><extent>1 item (photograph), 5 x 7 inches, black and white</extent><note>On envelope: ''#525 Strauss Family (Aimee Peyser)  copy dancing studio Box 26.'' On photograph: ''Basket ball team, Melvin Strauss (clown) about 1917.''</note><form>Photographic prints</form><digitalOrigin>Reformatted digital</digitalOrigin></physicalDescription><abstract>Seven boys, members of a basket ball team.  Five are dressed in their uniforms, Melvin Strauss is dressed as a clown, and one boy is dressed as a hobo lying on the floor.</abstract><note>Title supplied by archivist.</note><note type="admin">ph525</note><subject><name><namePart>Strauss, Melvin</namePart></name></subject><subject><topic>Basketball</topic></subject><subject><topic>Teams</topic></subject><subject><topic>Costume</topic></subject><subject><genre>Photographs</genre></subject><subject><genre>Group portraits</genre></subject><subject><geographic>Denver (Colo.)</geographic></subject><relatedItem><titleInfo><title>Beck Archives Photograph Collection, Community</title></titleInfo></relatedItem><identifier type="local">B063.02.0010.00012</identifier><location><url usage="primary display">http://hdl.handle.net/10176/codu:60236</url></location><accessCondition type="useAndReproduction">Copyright restrictions may apply. User is responsible for all copyright compliance.</accessCondition></mods>