<mods xmlns="http://www.loc.gov/mods/v3" xmlns:mods="http://www.loc.gov/mods/v3" xmlns:xlink="http://www.w3.org/1999/xlink" xmlns:xsi="http://www.w3.org/2001/XMLSchema-instance"><titleInfo><title>Samuel Cohen and Family in Front of Cohen's Clothing Store</title></titleInfo><name type="personal"><role><roleTerm authority="marcrelator" type="text">creator</roleTerm></role></name><typeOfResource>still image</typeOfResource><originInfo><publisher>University of Denver</publisher><place><placeTerm type="text">Denver, Colorado</placeTerm></place><dateCreated keyDate="yes">circa 1885</dateCreated></originInfo><language></language><physicalDescription><extent>2 item (photograph), 10 x 8 inches,</extent><note>On envelope:"#655 Sam Cohen and family in front of Cohen's store, Fairplay, ca. 1890."  Handwritten on back of photograph: "Cohen's Clothing, Fairplay, c. 1890 [crossed out], c. 1885, Samuel 1845; Eva 1850; Joseph 1870; Amelia 1872; Phoebe 1874; Gustave 1877; Harry 1880; Pearl 1882; Louis 1879, Donor: Dr. Edmund Cohen, 450 Krameria, #655.,  Return to: RMJHS Univ of Denver  Denver, CO 80268."  Handwritten on back of second copy: "#655 Sam Cohen, General Store, Fairplay, Co."</note><form>Photographic prints</form><digitalOrigin>Reformatted digital</digitalOrigin></physicalDescription><abstract>Cohen family members stand in front of the brick general store with a sign that reads: "S. Cohen, Clothing & Boots, Groceries and Miners Supplies Always on Hand". Pictured left to right are: Samuel, Eva, Pearl, Harry, Louis, Phoebe, Joseph, Gustave, and Amelia.</abstract><note>Title supplied by archivist.</note><note>Appears in ''Images of America: Jewish Denver 1859-1940,'' by Dr. Jeanne Abrams, page 111.</note><note type="admin">Donated by Dr. Edmund Cohen.</note><note type="admin">ph655</note><subject><name><namePart>Cohen, Sam</namePart></name></subject><subject><name><namePart>S. Cohen Groceries</namePart></name></subject><subject><name><namePart>S. Cohen Clothing</namePart></name></subject><subject><topic>Jews</topic></subject><subject><topic>Jewish businesspeople</topic></subject><subject><topic>Jewish merchants</topic></subject><subject><genre>Photographs</genre></subject><subject><geographic>Fairplay (Colo.)</geographic></subject><subject><geographic>Colorado</geographic></subject><relatedItem><titleInfo><title>Beck Archives Photograph Collection, Businesses</title></titleInfo></relatedItem><identifier type="local">B063.01.0001.00036</identifier><location><url usage="primary display">http://hdl.handle.net/10176/codu:59368</url></location><accessCondition type="useAndReproduction">Copyright restrictions may apply. User is responsible for all copyright compliance.</accessCondition></mods>