<mods xmlns="http://www.loc.gov/mods/v3" xmlns:mods="http://www.loc.gov/mods/v3" xmlns:xlink="http://www.w3.org/1999/xlink" xmlns:xsi="http://www.w3.org/2001/XMLSchema-instance"><titleInfo><title>Flag Day in Leadville, Colorado</title></titleInfo><name type="personal"><role><roleTerm authority="marcrelator" type="text">creator</roleTerm></role></name><typeOfResource>still image</typeOfResource><originInfo><publisher>University of Denver</publisher><place><placeTerm type="text">Denver, Colorado</placeTerm></place><dateCreated keyDate="yes">6/14/1913</dateCreated></originInfo><language><languageTerm type="text">Inscription is in English.</languageTerm></language><physicalDescription><extent>1 item (photograph), 8 x 10 inches, black and white</extent><note>Handwritten on back of photograph: ''#360 Flag Day: June 14, 1913 - Leadville, Colo. George Kelly, Driver;  J.H. Kelly, W.P.; M.J. Kilkenny W.V.P.;  Maurice Miller  P.M.P. - Left Rear Seat.'' On envelope: ''#360 Flag Day, Leadville, 1913.''</note><form>Photographic prints</form><digitalOrigin>Reformatted digital</digitalOrigin></physicalDescription><abstract>A decorated automobile driving on a street in Leadville, Colorado. The car is decorated for Flag Day and there are four men riding in the automobile. George Kelly is the Driver and Maurice Miller is in the left rear seat. The other two men are M.H. Kelly and M.J. Kilkenny.</abstract><note>Title supplied by archivist.</note><note type="admin">Donated by Minette Miller.</note><note type="admin">ph360</note><subject><name><namePart>Kelly, George</namePart></name></subject><subject><name><namePart>Kelly, J.H.</namePart></name></subject><subject><name><namePart>Kilkenny, M.J.</namePart></name></subject><subject><name><namePart>Miller, Maurice</namePart></name></subject><subject><topic>Automobiles</topic></subject><subject><topic>Men</topic></subject><subject><topic>Streets</topic></subject><subject><topic>Flag Day</topic></subject><subject><genre>Photographs</genre></subject><subject><genre>Event photographs</genre></subject><subject><geographic>Leadville (Colo.)</geographic></subject><relatedItem><titleInfo><title>Beck Archives Photograph Collection, Community</title></titleInfo></relatedItem><identifier type="local">B063.02.0002.00015</identifier><location><url usage="primary display">http://hdl.handle.net/10176/codu:60210</url></location><accessCondition type="useAndReproduction">Copyright restrictions may apply. User is responsible for all copyright compliance.</accessCondition></mods>