<mods xmlns="http://www.loc.gov/mods/v3" xmlns:mods="http://www.loc.gov/mods/v3" xmlns:xlink="http://www.w3.org/1999/xlink" xmlns:xsi="http://www.w3.org/2001/XMLSchema-instance"><titleInfo><title>Philip J. Ragooland at Unidentified Mine</title></titleInfo><name type="personal"><role><roleTerm authority="marcrelator" type="text">creator</roleTerm></role></name><typeOfResource>still image</typeOfResource><originInfo><publisher>University of Denver</publisher><place><placeTerm type="text">Denver, Colorado</placeTerm></place><dateCreated keyDate="yes">between 1920-1940</dateCreated></originInfo><language></language><physicalDescription><extent>1 item (photograph), 4 x 6 inches, black and white</extent><note>Handwritten on envelope: ''#392 Phillip Raguland [sic]''.  On back of photograph: ''c Philip J. Raguland [sic] at mine in which he had an interest. Possibly the Rocky Mountain Smelting and Refining Company  donor Mrs. Celia Fischel c. 1920's-30's   #392''.</note><form>Photographic prints</form><digitalOrigin>Reformatted digital</digitalOrigin></physicalDescription><abstract>Philip J. Ragooland poses with mining equipment at an unidentified mine in Colorado in which he had an interest.</abstract><note>Title supplied by archivist.</note><note type="admin">Donated by Celia Fischel in 1979.</note><note type="admin">ph392</note><subject><name><namePart>Ragooland, Philip J.</namePart></name></subject><subject><name><namePart>Saratoga Mines Company</namePart></name></subject><subject><name><namePart>Rocky Mountain Smelting and Refining Company</namePart></name></subject><subject><topic>Jews</topic></subject><subject><topic>Jewish businesspeople</topic></subject><subject><topic>Mineral industries</topic></subject><subject><topic>Mines and mineral resources</topic></subject><subject><genre>Photographs</genre></subject><subject><geographic>Colorado</geographic></subject><relatedItem><titleInfo><title>Beck Archives Photograph Collection, Businesses</title></titleInfo></relatedItem><identifier type="local">B063.01.0009.00020</identifier><location><url usage="primary display">http://hdl.handle.net/10176/codu:59361</url></location><accessCondition type="useAndReproduction">Copyright restrictions may apply. User is responsible for all copyright compliance.</accessCondition></mods>