<mods xmlns="http://www.loc.gov/mods/v3" xmlns:mods="http://www.loc.gov/mods/v3" xmlns:xlink="http://www.w3.org/1999/xlink" xmlns:xsi="http://www.w3.org/2001/XMLSchema-instance"><titleInfo><title>West High 1914</title></titleInfo><name type="personal"><role><roleTerm authority="marcrelator" type="text">creator</roleTerm></role></name><typeOfResource>still image</typeOfResource><originInfo><publisher>University of Denver</publisher><place><placeTerm type="text">Denver, Colorado</placeTerm></place><dateCreated keyDate="yes">1914</dateCreated></originInfo><language><languageTerm type="text">Inscription is in English.</languageTerm></language><physicalDescription><extent>1 item (photograph), 8 x 10 inches, black and white</extent><note>On envelope: ''#1065B Sally Fried, Mary and Bertha.'' On photograph: ''West High 1914, West Hi - 1914, Sally Fried.''</note><form>Photocopies</form><digitalOrigin>Reformatted digital</digitalOrigin></physicalDescription><abstract>Students and their teacher from West High School pose on the steps of a brick building.  Sally Fried sits third from the right in the front row.</abstract><note>Title supplied by archivist.</note><note type="admin">ph1065B</note><subject><name><namePart>Fried, Sally,--1897-1994</namePart></name></subject><subject><topic>High schools</topic></subject><subject><topic>Jewish children</topic></subject><subject><genre>Photocopies</genre></subject><subject><geographic>Denver (Colo.)</geographic></subject><subject><occupation>Teachers</occupation></subject><subject><occupation>Students</occupation></subject><relatedItem><titleInfo><title>Beck Archives Photograph Collection, Community</title></titleInfo></relatedItem><identifier type="local">B063.02.0002.00031</identifier><location><url usage="primary display">http://hdl.handle.net/10176/codu:60223</url></location><accessCondition type="useAndReproduction">Copyright restrictions may apply. User is responsible for all copyright compliance.</accessCondition></mods>