<mods xmlns="http://www.loc.gov/mods/v3" xmlns:mods="http://www.loc.gov/mods/v3" xmlns:xlink="http://www.w3.org/1999/xlink" xmlns:xsi="http://www.w3.org/2001/XMLSchema-instance"><titleInfo><title>Rae Creamer in Her Store</title></titleInfo><name type="personal"><role><roleTerm authority="marcrelator" type="text">creator</roleTerm></role></name><typeOfResource>still image</typeOfResource><originInfo><publisher>University of Denver</publisher><place><placeTerm type="text">Denver, Colorado</placeTerm></place><dateCreated keyDate="yes">circa 1910</dateCreated></originInfo><language></language><physicalDescription><extent>1 item (photograph), 5 x 7 inches, black and white</extent><note>On envelope: ''#948 Rae Creamer at their store at 738 14th Street.'' On back of photograph: ''Rae Creamer in her store, Denver, c.1910, 738 14th St.''</note><form>Photographic prints</form><digitalOrigin>Reformatted digital</digitalOrigin></physicalDescription><abstract>Rae Creamer standing behind the counter in her grocery store at 738 14th street in Denver, Colorado.</abstract><note>Title supplied by archivist.</note><note type="admin">ph948</note><subject><name><namePart>Creamer, Rae</namePart></name></subject><subject><topic>Stores, Retail</topic></subject><subject><topic>Jewish merchants</topic></subject><subject><topic>Jewish women</topic></subject><subject><genre>Photographs</genre></subject><subject><geographic>Denver (Colo.)</geographic></subject><subject><geographic>Colorado</geographic></subject><subject><occupation>Merchants</occupation></subject><relatedItem><titleInfo><title>Beck Archives Photograph Collection, Businesses</title></titleInfo></relatedItem><identifier type="local">B063.01.0009.00006</identifier><location><url usage="primary display">http://hdl.handle.net/10176/codu:59469</url></location><accessCondition type="useAndReproduction">Copyright restrictions may apply. User is responsible for all copyright compliance.</accessCondition></mods>