<mods xmlns="http://www.loc.gov/mods/v3" xmlns:mods="http://www.loc.gov/mods/v3" xmlns:xlink="http://www.w3.org/1999/xlink" xmlns:xsi="http://www.w3.org/2001/XMLSchema-instance"><titleInfo><title>Portrait of Peryle Hayutin on Her Sixteenth Birthday</title></titleInfo><name type="personal"><role><roleTerm authority="marcrelator" type="text">creator</roleTerm></role></name><typeOfResource>still image</typeOfResource><originInfo><publisher>University of Denver</publisher><place><placeTerm type="text">Denver, Colorado</placeTerm></place><dateCreated keyDate="yes">6/15/1931</dateCreated></originInfo><language></language><physicalDescription><extent>1 item (photograph), 9.5 x 7 inches, black and white</extent><note>Handwritten on back of photographic print: '' Peryle Hayutin, Confirmation BMH 1930, #465.''</note><form>Photographic prints</form></physicalDescription><abstract>Peryle Hayutin (Beck) with her hair in long curls stands in front of a piano that has vases of flowers on it.  This portrait was taken for her sixteenth birthday. She was also confirmed at Beth Ha-Medrosh Hagodol Synagogue (BMH) on that date. She wears a white dress with a sheer full length overdress.</abstract><note>Title supplied by archivist.</note><note>Appears in ''Images of America: Jewish Denver 1859-1940,'' by Dr. Jeanne Abrams, on page 99.</note><note type="admin">Donated by Peryle Hayutin Beck in 1981.</note><note type="admin">ph465</note><subject><name><namePart>Beck, Peryle Hayutin,--1915-2006</namePart></name></subject><subject><name><namePart>Hayutin family</namePart></name></subject><subject><name><namePart>Beth HaMedrosh Hagodol (Denver, Colo.)</namePart></name></subject><subject><topic>Jewish girls</topic></subject><subject><topic>Birthdays</topic></subject><subject><topic>Confirmation (Jewish rite)</topic></subject><subject><genre>Portraits</genre></subject><subject><genre>Photographic prints</genre></subject><subject><geographic>Denver (Colo.)</geographic></subject><subject><geographic>Colorado</geographic></subject><relatedItem><titleInfo><title>Beck Archives Photograph Collection, Individuals</title></titleInfo></relatedItem><identifier type="local">B063.08.0008.00012</identifier><location><url usage="primary display">http://hdl.handle.net/10176/codu:59746</url></location><accessCondition type="useAndReproduction">Copyright restrictions may apply. User is responsible for all copyright compliance.</accessCondition></mods>