<mods xmlns="http://www.loc.gov/mods/v3" xmlns:mods="http://www.loc.gov/mods/v3" xmlns:xlink="http://www.w3.org/1999/xlink" xmlns:xsi="http://www.w3.org/2001/XMLSchema-instance"><titleInfo><title>Miners at Penrose Mine</title></titleInfo><name type="personal"><role><roleTerm authority="marcrelator" type="text">creator</roleTerm></role></name><typeOfResource>still image</typeOfResource><originInfo><publisher>University of Denver</publisher><place><placeTerm type="text">Denver, Colorado</placeTerm></place><dateCreated keyDate="yes">between 1915-1918</dateCreated></originInfo><language><languageTerm type="text">Inscription is in English.</languageTerm></language><physicalDescription><extent>1 item (photograph), 8  x 11 inches,</extent><note>On envelope: "#498 Leadville Businesses 1900-1915." On back of photograph: "Miners at Penrose Mine, c1915-1918., Back Row: unidentified, Bert Hawkins, Claude Simmons, Charles Hawkins, Charles Cose, Charles Peterson (blacksmith), unidentified., Front Row: Maurice Miller (supplied gear to the miners), Billy Angees, unidentified, Connie McGrehan, Charles Withey, Ben Gray, Sam Simmons (fireman), unidentified, Big Smith (master mechanic)., Sam Looney could be one of the missing, #498."  On original envelope, "Leadville Businesses 1900-1915."</note><form>Photographic prints</form><digitalOrigin>Reformatted digital</digitalOrigin></physicalDescription><abstract>Group of miners outside the Penrose Mine. Back Row: unidentified, Bert Hawkins, Claude Simmons, Charles Hawkins, Charles Cose, Charles Peterson (blacksmith), unidentified., Front Row: Maurice Miller (supplied gear to the miners), Billy Angees, unidentified, Connie McGrehan, Charles Withey, Ben Gray, Sam Simmons (fireman), unidentified, Big Smith (master mechanic)., Sam Looney could be one of the missing.</abstract><note>Title supplied by archivist.</note><note type="admin">ph498</note><subject><name><namePart>Miller, Maurice,</namePart></name></subject><subject><name><namePart>Hawkins, Bert</namePart></name></subject><subject><name><namePart>Hawkins, Charles</namePart></name></subject><subject><name><namePart>Looney, Sam</namePart></name></subject><subject><name><namePart>Smith, Big</namePart></name></subject><subject><name><namePart>Simmons, Sam</namePart></name></subject><subject><name><namePart>Gray, Ben</namePart></name></subject><subject><name><namePart>Withey, Charles</namePart></name></subject><subject><name><namePart>Angees, Billy</namePart></name></subject><subject><name><namePart>Peterson, Charles</namePart></name></subject><subject><name><namePart>Cose, Charles</namePart></name></subject><subject><name><namePart>Simmons, Claude</namePart></name></subject><subject><name><namePart>Penrose Mine</namePart></name></subject><subject><topic>Jews</topic></subject><subject><topic>Jewish businesspeople</topic></subject><subject><topic>Mineral industries</topic></subject><subject><genre>Photographs</genre></subject><subject><geographic>Colorado</geographic></subject><relatedItem><titleInfo><title>Beck Archives Photograph Collection, Businesses</title></titleInfo></relatedItem><identifier type="local">B063.01.0001.00031</identifier><location><url usage="primary display">http://hdl.handle.net/10176/codu:59284</url></location><accessCondition type="useAndReproduction">Copyright restrictions may apply. User is responsible for all copyright compliance.</accessCondition></mods>