<mods xmlns="http://www.loc.gov/mods/v3" xmlns:mods="http://www.loc.gov/mods/v3" xmlns:xlink="http://www.w3.org/1999/xlink" xmlns:xsi="http://www.w3.org/2001/XMLSchema-instance"><titleInfo><title>Morris Hayutin Family at Balanced Rock, Colorado Springs</title></titleInfo><name type="personal"><role><roleTerm authority="marcrelator" type="text">creator</roleTerm></role></name><typeOfResource>still image</typeOfResource><originInfo><publisher>University of Denver</publisher><place><placeTerm type="text">Denver, Colorado</placeTerm></place><dateCreated keyDate="yes">1914</dateCreated></originInfo><language></language><physicalDescription><extent>1 item (photograph), 10 x 8 inches, black and white</extent><note>''Morris Hayutin Family at Manitou Springs, c. 1914.''</note><form>Photographic prints</form></physicalDescription><abstract>Morris and Anna (Ginsberg) Hayutin siting in the front seat in the car, Soloman Hayutin is the other man in the car, and Devera and Max Ginsberg sit on the back seat. The car is parked in front of the Balanced Rock in Garden of the Gods, Colorado Springs, Colorado. Morris Hayutin's niece, Freda Hayutin (child) is also seated in the car. Members of the Hayutin family arrived in Denver in the 1890s.</abstract><note>Title supplied by archivist.</note><note>Appears in ''Images of America: Jewish Denver 1859-1940,'' by Dr. Jeanne Abrams, on page 98.</note><note type="admin">Donated by Peryle Hayutin Beck.</note><note type="admin">68</note><subject><name><namePart>Hayutin family</namePart></name></subject><subject><name><namePart>Hayutin, Morris S.,--1889-1974</namePart></name></subject><subject><name><namePart>Hayutin, Anna Ginsberg,--1893-1973</namePart></name></subject><subject><name><namePart>Hayutin, Solomon,--1861-1932</namePart></name></subject><subject><name><namePart>Zelinger, Freda Hayutin,--1905-1982</namePart></name></subject><subject><name><namePart>Ginsberg, Dora</namePart></name></subject><subject><name><namePart>Ginsberg, Max</namePart></name></subject><subject><name><namePart>Beck, Peryle Hayutin,--1915-2006</namePart></name></subject><subject><name><namePart>Ginsberg family</namePart></name></subject><subject><name><namePart>Congregation Zera Israel (Denver, Colo.)</namePart></name></subject><subject><topic>Jewish families</topic></subject><subject><topic>Automobiles, Convertible</topic></subject><subject><topic>Manners and customs</topic></subject><subject><genre>Group portraits</genre></subject><subject><genre>Photographs</genre></subject><subject><geographic>Colorado</geographic></subject><subject><geographic>Denver (Colo.)</geographic></subject><subject><geographic>Colorado Springs (Colo.)</geographic></subject><subject><geographic>Garden of the Gods (Colorado Springs, Colo.)</geographic></subject><subject><geographic>Balanced Rock (Colo.)</geographic></subject><subject><occupation>Merchants</occupation></subject><relatedItem><titleInfo><title>Beck Archives Photograph Collection, Families and Groups</title></titleInfo></relatedItem><identifier type="local">B063.05.0005.00012</identifier><location><url usage="primary display">http://hdl.handle.net/10176/codu:37775</url></location><accessCondition type="useAndReproduction">Copyright restrictions may apply. User is responsible for all copyright compliance.</accessCondition></mods>