<mods xmlns="http://www.loc.gov/mods/v3" xmlns:mods="http://www.loc.gov/mods/v3" xmlns:xlink="http://www.w3.org/1999/xlink" xmlns:xsi="http://www.w3.org/2001/XMLSchema-instance"><titleInfo><title>From Inspiration Point</title></titleInfo><name type="personal"><role><roleTerm authority="marcrelator" type="text">creator</roleTerm></role></name><typeOfResource>still image</typeOfResource><originInfo><publisher>University of Denver</publisher><place><placeTerm type="text">Denver, Colorado</placeTerm></place><dateCreated keyDate="yes">7/26/1922</dateCreated></originInfo><language><languageTerm type="text">Inscription is in English.</languageTerm></language><physicalDescription><extent>1 item (photograph), 4 x 10 inches, black and white</extent><note>Handwritten on back of photograph: ''#141 City of Denver taken in 1922 from Inspiration Point. Donor: Mr. Sussman. 745 Clermont, Denver''. On front of photograph: ''From Inspiration Point Mt. [illegible] Calif. 7/26/1922.''  On envelope: ''141 City of Denver, 1922.''</note><form>Photographic prints</form><digitalOrigin>Reformatted digital</digitalOrigin></physicalDescription><abstract>Panoramic view of the city of Denver, Colorado taken from Inspiration Point.</abstract><note>Title supplied by archivist.</note><note type="admin">Donated by Morris Sussman.</note><note type="admin">ph141</note><subject><topic>Cities</topic></subject><subject><topic>Buildings</topic></subject><subject><topic>Streets</topic></subject><subject><genre>Photographs</genre></subject><subject><genre>Aerial views</genre></subject><subject><genre>Panoramic photographs</genre></subject><subject><geographic>Denver (Colo.)</geographic></subject><relatedItem><titleInfo><title>Beck Archives Photograph Collection, Community</title></titleInfo></relatedItem><identifier type="local">B063.02.0002.00006</identifier><location><url usage="primary display">http://hdl.handle.net/10176/codu:60203</url></location><accessCondition type="useAndReproduction">Copyright restrictions may apply. User is responsible for all copyright compliance.</accessCondition></mods>