<mods xmlns="http://www.loc.gov/mods/v3" xmlns:mods="http://www.loc.gov/mods/v3" xmlns:xlink="http://www.w3.org/1999/xlink" xmlns:xsi="http://www.w3.org/2001/XMLSchema-instance"><titleInfo><title>Interior of Chicago Hide, Fur and Wool Company with Unidentified Man</title></titleInfo><name type="personal"><role><roleTerm authority="marcrelator" type="text">creator</roleTerm></role></name><typeOfResource>still image</typeOfResource><originInfo><publisher>University of Denver</publisher><place><placeTerm type="text">Denver, Colorado</placeTerm></place><dateCreated keyDate="yes">circa 1917</dateCreated></originInfo><language></language><physicalDescription><extent>1 item (photograph), 5 x 7 inches, black and white</extent><note>Handwritten on envelope: ''#556 Chicago Hide, Fur and Wool Co, c 1917 Douglas, Wy.''</note><form>Photographic prints</form><digitalOrigin>Reformatted digital</digitalOrigin></physicalDescription><abstract>Interior showroom of Chicago Hide, Fur and Wool Company in Douglas, Wyoming. An unidentified man is leaning against a dresser while displaying a pelt that is for sale. Various fur coats and garments are on display throughout the room.</abstract><note>Title supplied by archivist.</note><note type="admin">ph556</note><subject><name><namePart>Chicago Hide, Fur and Wool Company</namePart></name></subject><subject><topic>Jews</topic></subject><subject><topic>Jewish merchants</topic></subject><subject><topic>Fur workers</topic></subject><subject><genre>Photographs</genre></subject><subject><genre>Interior views</genre></subject><subject><geographic>Douglas (Wyo.)</geographic></subject><subject><geographic>Wyoming</geographic></subject><relatedItem><titleInfo><title>Beck Archives Photograph Collection, Businesses</title></titleInfo></relatedItem><identifier type="local">B063.01.0009.00030</identifier><location><url usage="primary display">http://hdl.handle.net/10176/codu:59318</url></location><accessCondition type="useAndReproduction">Copyright restrictions may apply. User is responsible for all copyright compliance.</accessCondition></mods>