<mods xmlns="http://www.loc.gov/mods/v3" xmlns:mods="http://www.loc.gov/mods/v3" xmlns:xlink="http://www.w3.org/1999/xlink" xmlns:xsi="http://www.w3.org/2001/XMLSchema-instance"><titleInfo><title>Jesse Shwayder with Golden Rule Marbles</title></titleInfo><name type="personal"><role><roleTerm authority="marcrelator" type="text">creator</roleTerm></role></name><typeOfResource>still image</typeOfResource><originInfo><publisher>University of Denver</publisher><place><placeTerm type="text">Denver, Colorado</placeTerm></place><dateCreated keyDate="yes">between 1960-1970</dateCreated></originInfo><language><languageTerm type="text">Inscription is in English.</languageTerm></language><physicalDescription><extent>2 item (photograph), 10 x 8 inches,</extent><note>Handwritten on envelope: ''# 156 Jess Shwayder c 1960's''. On back of photograph, ''#156 Jesse Shwayder, with Golden Rule Marbles c 1960's  Donor Samsonite Corp. Advertising dept.''</note><form>Photographic prints</form><digitalOrigin>Reformatted digital</digitalOrigin></physicalDescription><abstract>Jesse Shwayder sits at a desk with a set of Golden Rule Marbles. These marbles were often given away to employees of the Samsonite Corporation, as well as visitors to remind them of the Golden Rule.</abstract><note>Title supplied by archivist.</note><note type="admin">Donated by Samsonite Corporation, advertising department.</note><note type="admin">ph156</note><subject><name><namePart>Shwayder, Jesse</namePart></name></subject><subject><name><namePart>Samsonite Corporation</namePart></name></subject><subject><topic>Jews</topic></subject><subject><topic>Jewish businesspeople</topic></subject><subject><topic>Luggage industry</topic></subject><subject><genre>Portraits</genre></subject><subject><geographic>Denver (Colo.)</geographic></subject><subject><geographic>Colorado</geographic></subject><subject><occupation>Manufacturer</occupation></subject><relatedItem><titleInfo><title>Beck Archives Photograph Collection, Businesses</title></titleInfo></relatedItem><identifier type="local">B063.01.0001.00015</identifier><location><url usage="primary display">http://hdl.handle.net/10176/codu:59398</url></location><accessCondition type="useAndReproduction">Copyright restrictions may apply. User is responsible for all copyright compliance.</accessCondition></mods>