<mods xmlns="http://www.loc.gov/mods/v3" xmlns:mods="http://www.loc.gov/mods/v3" xmlns:xlink="http://www.w3.org/1999/xlink" xmlns:xsi="http://www.w3.org/2001/XMLSchema-instance"><titleInfo><title>Ethel & Joe Mann 25th Anniversary</title></titleInfo><name type="personal"><role><roleTerm authority="marcrelator" type="text">creator</roleTerm></role></name><typeOfResource>still image</typeOfResource><originInfo><publisher>University of Denver</publisher><place><placeTerm type="text">Denver, Colorado</placeTerm></place><dateCreated keyDate="yes">6/6/1936</dateCreated></originInfo><language></language><physicalDescription><extent>1 item (photograph), 5 x 4 inches, black and white</extent><note>On envelope: "#442  Mann and Weinberger Families, 1900-46." On back of photograph: "25th Anniversary, Ethel & Joe man, June 6, 1936, #442(d)."</note><form>Photographic prints</form><digitalOrigin>Reformatted digital</digitalOrigin></physicalDescription><abstract>Print material from Ethel and Joe Mann's 25th Anniversary.  List of players in a band.</abstract><note>Title supplied by archivist.</note><note type="admin">Donated by Mr. and Mrs. Schoen</note><note type="admin">ph442</note><subject><name><namePart>Mann, Ethel</namePart></name></subject><subject><name><namePart>Mann, Joe</namePart></name></subject><subject><name><namePart>Joe Mann Orchestra</namePart></name></subject><subject><topic>Anniversaries</topic></subject><subject><genre>Photographic prints</genre></subject><relatedItem><titleInfo><title>Beck Archives Photograph Collection, Community</title></titleInfo></relatedItem><identifier type="local">B063.02.0018.00073</identifier><location><url usage="primary display">http://hdl.handle.net/10176/codu:60326</url></location><accessCondition type="useAndReproduction">Copyright restrictions may apply. User is responsible for all copyright compliance.</accessCondition></mods>