<mods xmlns="http://www.loc.gov/mods/v3" xmlns:mods="http://www.loc.gov/mods/v3" xmlns:xlink="http://www.w3.org/1999/xlink" xmlns:xsi="http://www.w3.org/2001/XMLSchema-instance"><titleInfo><title>Adolph Kiesler, Governor Ed Johnson and President Harry S. Truman</title></titleInfo><name type="personal"><role><roleTerm authority="marcrelator" type="text">creator</roleTerm></role></name><typeOfResource>still image</typeOfResource><originInfo><publisher>University of Denver</publisher><place><placeTerm type="text">Denver, Colorado</placeTerm></place><dateCreated keyDate="yes">between 1945-1960</dateCreated></originInfo><language><languageTerm type="text">Inscription is in English.</languageTerm></language><physicalDescription><extent>1 item (photograph), 7 x 10 inches, black and white</extent><note>Handwritten on back of photograph: ''Gov., Pres. Harry Truman, Adolph Kiesler.''  On envelope: ''121 Adolph Kiesler, Gov Johnson, Pres Truman.''  Handwritten on paper in envelope: ''#121 Adolph Kiesler with Governor Ed Johnson & President Harry S. Truman., Courtesy of the Allied Jewish Federation of Denver.''</note><form>Photographic prints</form><digitalOrigin>Reformatted digital</digitalOrigin></physicalDescription><abstract>Left to right: Governor Ed Johnson, President Harry S. Truman, and Adolph Kiesler standing in front of a microphone.</abstract><note>Title supplied by archivist.</note><note type="admin">Donated by the Allied Jewish Federation of Denver.</note><note type="admin">ph121</note><subject><name><namePart>Kiesler, Adolph,--1880-1967</namePart></name></subject><subject><name><namePart>Truman, Harry S.,--1884-1972</namePart></name></subject><subject><name><namePart>Johnson, Edwin Carl,--1884-1970</namePart></name></subject><subject><topic>Charities</topic></subject><subject><genre>Photographs</genre></subject><subject><genre>Group portraits</genre></subject><subject><geographic>Colorado</geographic></subject><relatedItem><titleInfo><title>Beck Archives Photograph Collection, Community</title></titleInfo></relatedItem><identifier type="local">B063.02.0002.00005</identifier><location><url usage="primary display">http://hdl.handle.net/10176/codu:60202</url></location><accessCondition type="useAndReproduction">Copyright restrictions may apply. User is responsible for all copyright compliance.</accessCondition></mods>