<mods xmlns="http://www.loc.gov/mods/v3" xmlns:mods="http://www.loc.gov/mods/v3" xmlns:xlink="http://www.w3.org/1999/xlink" xmlns:xsi="http://www.w3.org/2001/XMLSchema-instance"><titleInfo><title>Ed Green standing in Green's Dry Goods Store, Antonito, Colo.</title></titleInfo><name type="personal"><role><roleTerm authority="marcrelator" type="text">creator</roleTerm></role></name><typeOfResource>still image</typeOfResource><originInfo><publisher>University of Denver</publisher><place><placeTerm type="text">Denver, Colorado</placeTerm></place><dateCreated keyDate="yes">circa 1915</dateCreated></originInfo><language></language><physicalDescription><extent>1 item (photograph), 5 x 7 inches, black and white</extent><note>On back of photograph: #969 Green Store Antonito, Co c. 1915''.  On envelope: ''#969 Edward Green Store Antonito, Co., c. 1915''.</note><form>Photographic prints</form><digitalOrigin>Reformatted digital</digitalOrigin></physicalDescription><abstract>Ed Green stands at the right of the store wearing a hat and three-piece suit. One customer and four salesman pose in front of the counters and stacks of dry goods. Green's Dry Goods Store was located in Antonito, Colorado.</abstract><note>Title supplied by archivist.</note><note>Appears in, ''Images of America: Jewish Denver 1859-1940,'' By Dr. Jeanne Abrams on page 113.</note><note type="admin">Donated by Seymour Green.</note><note type="admin">ph969</note><subject><name><namePart>Green, Edward</namePart></name></subject><subject><name><namePart>Green's Dry Goods Store (Antonito, Colo.)</namePart></name></subject><subject><topic>Jews</topic></subject><subject><topic>Jewish men</topic></subject><subject><topic>Jewish businesspeople</topic></subject><subject><topic>Stores, Retail</topic></subject><subject><topic>Dry-goods</topic></subject><subject><topic>Grocery trade</topic></subject><subject><topic>Family-owned business enterprises</topic></subject><subject><genre>Photographs</genre></subject><subject><genre>Interior views</genre></subject><subject><genre>Group portraits</genre></subject><subject><geographic>Antonito (Colo.)</geographic></subject><subject><geographic>Colorado</geographic></subject><subject><occupation>Businesspeople</occupation></subject><relatedItem><titleInfo><title>Beck Archives Photograph Collection, Businesses</title></titleInfo></relatedItem><identifier type="local">B063.01.0009.00053</identifier><location><url usage="primary display">http://hdl.handle.net/10176/codu:59391</url></location><accessCondition type="useAndReproduction">Copyright restrictions may apply. User is responsible for all copyright compliance.</accessCondition></mods>