<mods xmlns="http://www.loc.gov/mods/v3" xmlns:mods="http://www.loc.gov/mods/v3" xmlns:xlink="http://www.w3.org/1999/xlink" xmlns:xsi="http://www.w3.org/2001/XMLSchema-instance"><titleInfo><title>Art Class at the Jewish Consumptives' Relief Society</title></titleInfo><name type="personal"><role><roleTerm authority="marcrelator" type="text">creator</roleTerm></role></name><typeOfResource>still image</typeOfResource><originInfo><publisher>University of Denver</publisher><place><placeTerm type="text">Denver, Colorado</placeTerm></place><dateCreated keyDate="yes">circa 1942</dateCreated></originInfo><language></language><physicalDescription><extent>1 item (photograph), 4 x 7 inches, black and white</extent><note>Handwritten on envelope: ''#462 JCRS Patient Activities''.   On back of photograph: ''#462 JCRS   Art Class - 1942''.</note><form>Halftone photomechanical prints</form></physicalDescription><abstract>An art class that is part of the rehabilitation program of the Jewish Consumptives' Relief Society (JCRS) meets for a session. Male patients sit on folding chairs in a half circle around a male model wearing a robe, pajamas, slippers and hat. Max Lazarus, a German-Jewish artist, is pictured second from the left. Twenty-three charcoal drawings hang on the walls. The JCRS was a sanatorium for tuberculosis patients that was founded in 1904 by a group of immigrant Jewish workingmen along with the support of several leading physicians and rabbis in Denver, Colorado. It was located on West Colfax Avenue just outside of Denver.</abstract><note>Title supplied by archivist.</note><note type="admin">Donated by AMC Cancer Research Center (JCRS).</note><note type="admin">ph462</note><subject><name><namePart>Lazarus, Max,--1892-1961</namePart></name></subject><subject><name><namePart>Jewish Consumptives' Relief Society (U.S.)</namePart></name></subject><subject><topic>Jews</topic></subject><subject><topic>Tuberculosis</topic></subject><subject><topic>Hospitals</topic></subject><subject><topic>Sanatoriums</topic></subject><subject><topic>Rehabilitation</topic></subject><subject><topic>Art</topic></subject><subject><topic>Patients</topic></subject><subject><genre>Photographs</genre></subject><subject><genre>Interior views</genre></subject><subject><geographic>Colorado</geographic></subject><subject><geographic>Denver (Colo.)</geographic></subject><subject><geographic>Colfax Avenue (Denver, Colo.)</geographic></subject><subject><geographic>West Colfax (Denver, Colo.)</geographic></subject><subject><geographic>Spivak (Colo.)</geographic></subject><relatedItem><titleInfo><title>Beck Archives Photograph Collection, Health Care and Philanthropy</title></titleInfo></relatedItem><identifier type="local">B063.03.0011.00050</identifier><location><url usage="primary display">http://hdl.handle.net/10176/codu:57299</url></location><accessCondition type="useAndReproduction">Copyright restrictions may apply. User is responsible for all copyright compliance.</accessCondition></mods>