<mods xmlns="http://www.loc.gov/mods/v3" xmlns:mods="http://www.loc.gov/mods/v3" xmlns:xlink="http://www.w3.org/1999/xlink" xmlns:xsi="http://www.w3.org/2001/XMLSchema-instance"><titleInfo><title>David Stein</title></titleInfo><name type="personal"><role><roleTerm authority="marcrelator" type="text">creator</roleTerm></role></name><typeOfResource>still image</typeOfResource><originInfo><publisher>University of Denver</publisher><place><placeTerm type="text">Denver, Colorado</placeTerm></place><dateCreated keyDate="yes">circa 1929</dateCreated></originInfo><language></language><physicalDescription><extent>1 item (photograph), 5 x 3 inches, black and white</extent><note>On envelope: ''#1126 Billie (Lillian) Stein Collection  collection B192.'' On photograph: ''David Stein, #1126 Billie Stein.''</note><form>Photographic prints</form><digitalOrigin>Reformatted digital</digitalOrigin></physicalDescription><abstract>David Stein stands in the doorway of his tailoring shop.</abstract><note>Title supplied by archivist.</note><note type="admin">ph1126</note><subject><topic>Jews</topic></subject><subject><genre>Photographs</genre></subject><subject><geographic>Denver (Colo.)</geographic></subject><subject><geographic>Colorado</geographic></subject><relatedItem><titleInfo><title>Beck Archives Photograph Collection, Businesses</title></titleInfo></relatedItem><identifier type="local">B063.01.0017.00046</identifier><location><url usage="primary display">http://hdl.handle.net/10176/codu:59294</url></location><accessCondition type="useAndReproduction">Copyright restrictions may apply. User is responsible for all copyright compliance.</accessCondition></mods>