<mods xmlns="http://www.loc.gov/mods/v3" xmlns:mods="http://www.loc.gov/mods/v3" xmlns:xlink="http://www.w3.org/1999/xlink" xmlns:xsi="http://www.w3.org/2001/XMLSchema-instance"><titleInfo><title>Abraham Sosne Family</title></titleInfo><titleInfo><title>Title from envelope: __Formal Portrait of the Sosne Family</title></titleInfo><name type="personal"><namePart>Elite Studio</namePart><role><roleTerm authority="marcrelator" type="text">creator</roleTerm></role></name><typeOfResource>still image</typeOfResource><originInfo><publisher>University of Denver</publisher><place><placeTerm type="text">Denver, Colorado</placeTerm></place><dateCreated keyDate="yes">circa 1913</dateCreated></originInfo><language></language><physicalDescription><extent>1 item (photograph), 4 x 5.5 inches, black and white</extent><note>On front of matting: ''Elite Studio, Denver, Colo.'' Handwritten on back of photograph: '' Gift of Mrs. Ben Bockla (Nina Sosne, daughter of ? Sosne), 2783 W. 14th Ave., Sosne Family, Gert Sigman (16), Anna Cohan (13), Lottie Craig (10), Mrs. Abramson - Rachel Sosne mother (45), Sara Stein (19) Margaret Sosne, niece, circa 1913.''</note><form>Photographic prints</form></physicalDescription><abstract>Formal portrait of Rachel Sosne (Mrs. Abraham Sosne) and her daughters Gert Sosne Sigman, Anna Sosne Cohan, Lottie Sosne Craig and Sara Sosne Stein. Members of the Sosne family ran the Capitol Wet Wash Laundry on West Colfax Avenue in Denver, Colorado.</abstract><note>Title supplied by archivist.</note><note type="admin">Donated by Nina Sosne Bockla.</note><note type="admin">43</note><subject><name><namePart>Sosne family</namePart></name></subject><subject><name><namePart>Sigman, Gertrude Sosne,--1897-1993</namePart></name></subject><subject><name><namePart>Cohan, Anna Sosne</namePart></name></subject><subject><name><namePart>Craig, Lottie Sosne</namePart></name></subject><subject><name><namePart>Sosne, Rachel</namePart></name></subject><subject><name><namePart>Stein, Sara Sosne</namePart></name></subject><subject><name><namePart>Capitol Wet Wash Laundry (Denver, Colo.)</namePart></name></subject><subject><topic>Jewish families</topic></subject><subject><topic>Social life and customs</topic></subject><subject><topic>Jewish women</topic></subject><subject><topic>Jewish businesspeople</topic></subject><subject><genre>Photographs</genre></subject><subject><genre>Group portraits</genre></subject><subject><geographic>Colorado</geographic></subject><subject><geographic>Denver (Colo.)</geographic></subject><subject><geographic>Colfax Avenue (Denver, Colo.)</geographic></subject><subject><geographic>West Colfax (Denver, Colo.)</geographic></subject><subject><occupation>Businesspeople</occupation></subject><subject><occupation>Laundry workers</occupation></subject><relatedItem><titleInfo><title>Beck Archives Photograph Collection, Families and Groups</title></titleInfo></relatedItem><identifier type="local">B063.05.0005.00008</identifier><location><url usage="primary display">http://hdl.handle.net/10176/codu:57300</url></location><accessCondition type="useAndReproduction">Copyright restrictions may apply. User is responsible for all copyright compliance.</accessCondition></mods>