<mods xmlns="http://www.loc.gov/mods/v3" xmlns:mods="http://www.loc.gov/mods/v3" xmlns:xlink="http://www.w3.org/1999/xlink" xmlns:xsi="http://www.w3.org/2001/XMLSchema-instance"><titleInfo><title>Fried Family Portrait</title></titleInfo><name type="personal"><role><roleTerm authority="marcrelator" type="text">creator</roleTerm></role></name><typeOfResource>still image</typeOfResource><originInfo><publisher>University of Denver</publisher><place><placeTerm type="text">Denver, Colorado</placeTerm></place><dateCreated keyDate="yes">circa 1900</dateCreated></originInfo><language></language><physicalDescription><extent>1 item (photograph), 10 x 8 inches, black and white</extent><note>On back of photograph: ''#1064 Kate, Bela and Eugene Fried, Bertha, Mary, Sally Fried''.  On envelope: ''#1064 Fried's Framing and Gift Shop 1900-40s''.</note><form>Photographic prints</form></physicalDescription><abstract>Members of the Fried family stand in front of the Fried's Picture Frame Factory in Denver, Colorado. Kate, Bela and Eugene Fried are standing behind an iron fence while Bela and Kate's daughters, Bertha, Mary and Sally are in front of the fence. A large sign reads, ''Fried's Picture Frame Factory, Frames Made to Order, 4 cents a foot and up, Come In and See Our Stock''.</abstract><note>Title supplied by archivist.</note><note>Appears in ''Images of America: Jewish Denver 1859-1940,'' by Dr. Jeanne Abrams, page 41.</note><note type="admin">Donated by Bobbi Furer, daughter of Sally Fried.</note><note type="admin">ph1064</note><subject><name><namePart>Fried family</namePart></name></subject><subject><name><namePart>Fried, Bela,--1860-1900</namePart></name></subject><subject><name><namePart>Fried, Kate,--1863-1954</namePart></name></subject><subject><name><namePart>Fried, Eugene,--1872-1942</namePart></name></subject><subject><name><namePart>Fried, Mary,--1896-1965</namePart></name></subject><subject><name><namePart>Kleiner, Bertha Fried,--1894-1977</namePart></name></subject><subject><name><namePart>Fried, Sally,--1897-1994</namePart></name></subject><subject><name><namePart>Fried's Picture Frame Factory (Denver, Colo.)</namePart></name></subject><subject><topic>Picture frames and framing</topic></subject><subject><topic>Jews</topic></subject><subject><topic>Jewish families</topic></subject><subject><topic>Social life and customs</topic></subject><subject><topic>Family-owned business enterprises</topic></subject><subject><genre>Group portraits</genre></subject><subject><genre>Photographic prints</genre></subject><subject><geographic>Denver (Colo.)</geographic></subject><subject><geographic>Colorado</geographic></subject><subject><occupation>Merchants</occupation></subject><relatedItem><titleInfo><title>Beck Archives Photograph Collection, Families and Groups</title></titleInfo></relatedItem><identifier type="local">B063.05.0005.00031</identifier><location><url usage="primary display">http://hdl.handle.net/10176/codu:59742</url></location><accessCondition type="useAndReproduction">Copyright restrictions may apply. User is responsible for all copyright compliance.</accessCondition></mods>