<mods xmlns="http://www.loc.gov/mods/v3" xmlns:mods="http://www.loc.gov/mods/v3" xmlns:xlink="http://www.w3.org/1999/xlink" xmlns:xsi="http://www.w3.org/2001/XMLSchema-instance"><titleInfo><title>Picnic of Denver Newsboys</title></titleInfo><name type="personal"><role><roleTerm authority="marcrelator" type="text">creator</roleTerm></role></name><typeOfResource>still image</typeOfResource><originInfo><publisher>University of Denver</publisher><place><placeTerm type="text">Denver, Colorado</placeTerm></place><dateCreated keyDate="yes">between 1900-1910</dateCreated></originInfo><language></language><physicalDescription><extent>1 item (photograph), 15 x 20 inches, black and white</extent><note>Handwritten on back of matting: ''Picnic of Denver Newsboys, Donor Mrs. Rae Katz.''</note><form>Photographic prints</form></physicalDescription><abstract>A group of men and boys pose for a photograph. There are pennants with ''News / Times'' on them and two boys are holding newspapers over their heads. A boy kneeling in front is holding a dog. Part of sign painted on an adjacent building can be seen. Many of the newsboys were from Jewish families who lived in the West Colfax neighborhood of Denver, Colorado.</abstract><note>Title supplied by archivist.</note><note type="admin">Donated by Mrs. Rae Katz.</note><note type="admin">ph452</note><subject><topic>Newspapers</topic></subject><subject><topic>Jewish children</topic></subject><subject><topic>Jews</topic></subject><subject><topic>Rocky Mountain news (Denver, Colo.)</topic></subject><subject><topic>Denver times (Denver, Colo. : 1872)</topic></subject><subject><topic>Picnics</topic></subject><subject><genre>Group portraits</genre></subject><subject><geographic>Denver (Colo.)</geographic></subject><subject><geographic>Colfax Avenue (Denver, Colo.)</geographic></subject><subject><geographic>West Colfax (Denver, Colo.)</geographic></subject><subject><occupation>Paperboys</occupation></subject><relatedItem><titleInfo><title>Beck Archives Photograph Collection, Families and Groups</title></titleInfo></relatedItem><identifier type="local">B063.05.0027.00001</identifier><location><url usage="primary display">http://hdl.handle.net/10176/codu:59262</url></location><accessCondition type="useAndReproduction">Copyright restrictions may apply. User is responsible for all copyright compliance.</accessCondition></mods>