<mods xmlns="http://www.loc.gov/mods/v3" xmlns:mods="http://www.loc.gov/mods/v3" xmlns:xlink="http://www.w3.org/1999/xlink" xmlns:xsi="http://www.w3.org/2001/XMLSchema-instance"><titleInfo><title>Cemetery in Trinidad, Colorado</title></titleInfo><name type="personal"><role><roleTerm authority="marcrelator" type="text">creator</roleTerm></role></name><typeOfResource>still image</typeOfResource><originInfo><publisher>University of Denver</publisher><place><placeTerm type="text">Denver, Colorado</placeTerm></place><dateCreated keyDate="yes">between 1970-1977</dateCreated></originInfo><language></language><physicalDescription><extent>1 item (photograph), 4 x 5 inches, black and white</extent><note>On envelope: ''#101 Group of pictures of Trinidad Cemetery''. On photograph: "Jaffa Family tombstones in Trinidad Jewish Cemetery [sic] 1976, donor: Paul May, #101."</note><form>Photographic prints</form><digitalOrigin>Reformatted digital</digitalOrigin></physicalDescription><abstract>Three smaller tombstones in front of a larger tombstone with the name Jaffa in the Jewish Cemetery in Trinidad, Colorado.  One of the small stones is illegible the others say "Amelia Jaffa, Born June 13, 1845, Died Aug 6, 1921, [Hebrew word]." and "Dr Perry Jaffa, Jan 26, 1867, Nov 2, 1915."</abstract><note>Title supplied by archivist.</note><note type="admin">Donated by Paul May.</note><note type="admin">ph101</note><subject><name><namePart>Jaffa, Amelia--1845-1921</namePart></name></subject><subject><name><namePart>Jaffa, Perry--1867-1915--Dr.</namePart></name></subject><subject><topic>Jews</topic></subject><subject><topic>Jewish families</topic></subject><subject><topic>Cemeteries</topic></subject><subject><genre>Photographs</genre></subject><subject><geographic>Trinidad (Colo.)</geographic></subject><relatedItem><titleInfo><title>Beck Archives Photograph Collection, Community</title></titleInfo></relatedItem><identifier type="local">B063.02.0018.00007</identifier><location><url usage="primary display">http://hdl.handle.net/10176/codu:60260</url></location><accessCondition type="useAndReproduction">Copyright restrictions may apply. User is responsible for all copyright compliance. Please credit Roger Whitacre.</accessCondition></mods>