<mods xmlns="http://www.loc.gov/mods/v3" xmlns:mods="http://www.loc.gov/mods/v3" xmlns:xlink="http://www.w3.org/1999/xlink" xmlns:xsi="http://www.w3.org/2001/XMLSchema-instance"><titleInfo><title>Fourth of July Celebration in Aspen, Colorado</title></titleInfo><name type="personal"><role><roleTerm authority="marcrelator" type="text">creator</roleTerm></role></name><typeOfResource>still image</typeOfResource><originInfo><publisher>University of Denver</publisher><place><placeTerm type="text">Denver, Colorado</placeTerm></place><dateCreated keyDate="yes">1914</dateCreated></originInfo><language><languageTerm type="text">Inscription is in English.</languageTerm></language><physicalDescription><extent>1 item (photograph), 7 x 9 inches, black and white</extent><note>On envelope: ''#102 Fourth of July, Aspen, 1914'' Handwritten on back of photograph: ''#102 Fourth of July Aspen 1914  donated by: Silas Kobey.''</note><form>Photographic prints</form><digitalOrigin>Reformatted digital</digitalOrigin></physicalDescription><abstract>Fourth of July Celebration in Aspen, Colorado. An unidentified woman is standing outside on a wooden stage. A large American flag is strung up at the back of the stage, between two trees. A crowd of people is circled around the stage and a band is playing.</abstract><note>Title supplied by archivist.</note><note type="admin">Donated by Silas Kobey.</note><note type="admin">ph102</note><subject><topic>Fourth of July celebrations</topic></subject><subject><genre>Photographs</genre></subject><subject><genre>Event photographs</genre></subject><subject><geographic>Aspen (Colo.)</geographic></subject><relatedItem><titleInfo><title>Beck Archives Photograph Collection, Community</title></titleInfo></relatedItem><identifier type="local">B063.02.0002.00002</identifier><location><url usage="primary display">http://hdl.handle.net/10176/codu:60186</url></location><accessCondition type="useAndReproduction">Copyright restrictions may apply. User is responsible for all copyright compliance.</accessCondition></mods>