<mods xmlns="http://www.loc.gov/mods/v3" xmlns:mods="http://www.loc.gov/mods/v3" xmlns:xlink="http://www.w3.org/1999/xlink" xmlns:xsi="http://www.w3.org/2001/XMLSchema-instance"><titleInfo><title>Mr. & Mrs. Arthur Sweet Home in Leadville (Colo.)</title></titleInfo><name type="personal"><role><roleTerm authority="marcrelator" type="text">creator</roleTerm></role></name><typeOfResource>still image</typeOfResource><originInfo><publisher>University of Denver</publisher><place><placeTerm type="text">Denver, Colorado</placeTerm></place><dateCreated keyDate="yes">circa 1922</dateCreated></originInfo><language></language><physicalDescription><extent>1 item (photograph), 4 x 5 inches, black and white</extent><note>On envelope: "#430 Sweet and Lewen Families, c 1908-1930  (Lakeside Amusement Park)." On back of photograph: "Home of Mr. & Mrs. Arthur Sweet, c 1922, Leadville Co? #430."</note><form>Photographic prints</form><digitalOrigin>Reformatted digital</digitalOrigin></physicalDescription><abstract>Exterior view of the Arthur Sweet home with a mining cart in front.  A woman and girl are in the street in front of the house and other homes can be seen on the hills in the background.</abstract><note>Title supplied by archivist.</note><note type="admin">ph430</note><subject><name><namePart>Sweet, Arthur</namePart></name></subject><subject><topic>Houses</topic></subject><subject><topic>Streets</topic></subject><subject><genre>Photographic prints</genre></subject><subject><genre>Exterior views</genre></subject><subject><geographic>Leadville (Colo.)</geographic></subject><relatedItem><titleInfo><title>Beck Archives Photograph Collection, Community</title></titleInfo></relatedItem><identifier type="local">B063.02.0018.00063</identifier><location><url usage="primary display">http://hdl.handle.net/10176/codu:60316</url></location><accessCondition type="useAndReproduction">Copyright restrictions may apply. User is responsible for all copyright compliance.</accessCondition></mods>