<mods xmlns="http://www.loc.gov/mods/v3" xmlns:mods="http://www.loc.gov/mods/v3" xmlns:xlink="http://www.w3.org/1999/xlink" xmlns:xsi="http://www.w3.org/2001/XMLSchema-instance"><titleInfo><title>Exterior of Bernheim Woman's Outfitters After the Pueblo Flood</title></titleInfo><name type="personal"><role><roleTerm authority="marcrelator" type="text">creator</roleTerm></role></name><typeOfResource>still image</typeOfResource><originInfo><publisher>University of Denver</publisher><place><placeTerm type="text">Denver, Colorado</placeTerm></place><dateCreated keyDate="yes">6/3/1921</dateCreated></originInfo><language></language><physicalDescription><extent>1 item (photographic postcard), 4 x 6 inches, black and white</extent><note>On front of postcard: ''200 Blk. N. Main. June 3 1921  Pueblo Colo.'' On back of photocard: ''Mrs. Isidore Bernheim Ocate New Mexico  Bernheim Woman's Outfitters Main St. Pueblo, Co. after the Pueblo flood 1921''.  On envelope: ''#1048 Bernheim/Bowman Family Businesses, Pueblo, Co. 1921''.</note><form>Photographic postcards</form><digitalOrigin>Reformatted digital</digitalOrigin></physicalDescription><abstract>Damage at Charles Bernheim's Woman's Outfitters resulting from the 1921 flood in Pueblo, Colorado. The store is shown with an overturned trolley in front of it. The store was located in the 200 block of North Main in Pueblo, Colorado.</abstract><note>Title supplied by archivist.</note><note type="admin">Donated by Dorothy Shipman.</note><note type="admin">ph1048</note><subject><name><namePart>Bernheim family</namePart></name></subject><subject><name><namePart>Bernheim Woman's Outfitters (Pueblo, Colo.)</namePart></name></subject><subject><topic>Jews</topic></subject><subject><topic>Jewish businesspeople</topic></subject><subject><topic>Floods</topic></subject><subject><topic>Stores, Retail</topic></subject><subject><topic>Outdoor recreation</topic></subject><subject><topic>Flood damage</topic></subject><subject><topic>Social life and customs</topic></subject><subject><genre>Photographic postcards</genre></subject><subject><genre>Exterior views</genre></subject><subject><geographic>Pueblo (Colo.)</geographic></subject><subject><geographic>Colorado</geographic></subject><relatedItem><titleInfo><title>Beck Archives Photograph Collection, Businesses</title></titleInfo></relatedItem><identifier type="local">B063.01.0009.00054</identifier><location><url usage="primary display">http://hdl.handle.net/10176/codu:59330</url></location><accessCondition type="useAndReproduction">Copyright restrictions may apply. User is responsible for all copyright compliance.</accessCondition></mods>