<mods xmlns="http://www.loc.gov/mods/v3" xmlns:mods="http://www.loc.gov/mods/v3" xmlns:xlink="http://www.w3.org/1999/xlink" xmlns:xsi="http://www.w3.org/2001/XMLSchema-instance"><titleInfo><title>Hannah Levy as a Young Woman</title></titleInfo><name type="personal"><role><roleTerm authority="marcrelator" type="text">creator</roleTerm></role></name><typeOfResource>still image</typeOfResource><originInfo><publisher>University of Denver</publisher><place><placeTerm type="text">Denver, Colorado</placeTerm></place><dateCreated keyDate="yes">between 1930-1939</dateCreated></originInfo><language></language><physicalDescription><extent>1 item (photograph), 7 x 5 inches, Black and white</extent><note>Handwritten on back of photograph:  ''Hannah Levy as a young woman.''</note><form>Photographic prints</form></physicalDescription><abstract>Hannah Levy sits in an outdoor setting in the early 1930s. Hannah and brother Jack Levy are the founders of several women's clothing retail stores, in Colorado: the Hosiery Bar, Fashion Bar, and Hannah.  She also became a leading Colorado philanthropist and helped support numerous community institutions, including the Rose Hospital and the University of Denver.</abstract><note>Title from back of photograph.</note><note>Appears in ''Images of America: Jewish Denver 1859-1940,'' by Dr. Jeanne Abrams, page 39.</note><note type="admin">Copy donated by Hannah Levy.</note><note type="admin">ph702</note><subject><name><namePart>Levy, Hannah,--1905-1984</namePart></name></subject><subject><name><namePart>Levy, Jack,--1908-1985</namePart></name></subject><subject><name><namePart>Fashion Bar (Denver, CO)</namePart></name></subject><subject><topic>Jewish women</topic></subject><subject><topic>Jewish businesspeople</topic></subject><subject><topic>Social life and customs</topic></subject><subject><topic>Fashion</topic></subject><subject><genre>Portraits</genre></subject><subject><genre>Photographs</genre></subject><subject><geographic>Denver (Colo.)</geographic></subject><subject><geographic>Colorado</geographic></subject><subject><geographic>Haigerloch (Germany)</geographic></subject><subject><occupation>Women merchants</occupation></subject><relatedItem><titleInfo><title>Beck Archives Photograph Collection, Individuals</title></titleInfo></relatedItem><identifier type="local">B063.08.0039.00005</identifier><location><url usage="primary display">http://hdl.handle.net/10176/codu:37772</url></location><accessCondition type="useAndReproduction">Copyright restrictions may apply. User is responsible for all copyright compliance.</accessCondition></mods>