<mods xmlns="http://www.loc.gov/mods/v3" xmlns:mods="http://www.loc.gov/mods/v3" xmlns:xlink="http://www.w3.org/1999/xlink" xmlns:xsi="http://www.w3.org/2001/XMLSchema-instance"><titleInfo><title>Central Electric</title></titleInfo><name type="personal"><role><roleTerm authority="marcrelator" type="text">creator</roleTerm></role></name><typeOfResource>still image</typeOfResource><originInfo><publisher>University of Denver</publisher><place><placeTerm type="text">Denver, Colorado</placeTerm></place><dateCreated keyDate="yes">between 1940-1960</dateCreated></originInfo><language></language><physicalDescription><extent>1 item (photograph), 11 x 14 inches, black and white</extent><form>Photographic prints</form><digitalOrigin>Reformatted digital</digitalOrigin></physicalDescription><abstract>Front entrance of the Central Electric Company building with several cars in the parking lot. Sam Beck founded the Central Electric Supply Co. and was elected chairman.  Ira M. Beck succeeded his father as the president of the company in 1969.</abstract><note>Title supplied by archivist.</note><note type="admin">ph90</note><subject><name><namePart>Central Electric Supply Co.</namePart></name></subject><subject><topic>Industries</topic></subject><subject><genre>Photographs</genre></subject><subject><genre>Exterior views</genre></subject><subject><geographic>Denver (Colo.)</geographic></subject><subject><geographic>Colorado</geographic></subject><relatedItem><titleInfo><title>Beck Archives Photograph Collection, Businesses</title></titleInfo></relatedItem><identifier type="local">B063.01.0032.0001.00003</identifier><location><url usage="primary display">http://hdl.handle.net/10176/codu:59482</url></location><accessCondition type="useAndReproduction">Copyright restrictions may apply. User is responsible for all copyright compliance.</accessCondition></mods>