<mods xmlns="http://www.loc.gov/mods/v3" xmlns:mods="http://www.loc.gov/mods/v3" xmlns:xlink="http://www.w3.org/1999/xlink" xmlns:xsi="http://www.w3.org/2001/XMLSchema-instance"><titleInfo><title>Baseball Team</title></titleInfo><name type="personal"><role><roleTerm authority="marcrelator" type="text">creator</roleTerm></role></name><typeOfResource>still image</typeOfResource><originInfo><publisher>University of Denver</publisher><place><placeTerm type="text">Denver, Colorado</placeTerm></place><dateCreated keyDate="yes">between 1880-1920</dateCreated></originInfo><language><languageTerm type="text">Inscription is in English.</languageTerm></language><physicalDescription><extent>1 item (photograph), 5 x 9 inches, black and white</extent><form>Photographic prints</form><digitalOrigin>Reformatted digital</digitalOrigin></physicalDescription><abstract>Fifteen men of the Colorado Fixtures Company baseball team pose together including the team, the ball boy, and their managers and coaches.</abstract><note>Title supplied by archivist.</note><subject><topic>Baseball teams</topic></subject><subject><genre>Photographs</genre></subject><subject><geographic>Fairplay (Colo.)</geographic></subject><subject><occupation>Baseball coaches</occupation></subject><subject><occupation>Baseball players</occupation></subject><subject><occupation>Baseball team owners</occupation></subject><relatedItem><titleInfo><title>Beck Archives Photograph Collection, Community</title></titleInfo></relatedItem><identifier type="local">B063.02.0002.00034</identifier><location><url usage="primary display">http://hdl.handle.net/10176/codu:60226</url></location><accessCondition type="useAndReproduction">Copyright restrictions may apply. User is responsible for all copyright compliance.</accessCondition></mods>