<mods xmlns="http://www.loc.gov/mods/v3" xmlns:mods="http://www.loc.gov/mods/v3" xmlns:xlink="http://www.w3.org/1999/xlink" xmlns:xsi="http://www.w3.org/2001/XMLSchema-instance"><titleInfo><title>Shwayder Family</title></titleInfo><name type="personal"><role><roleTerm authority="marcrelator" type="text">creator</roleTerm></role></name><typeOfResource>still image</typeOfResource><originInfo><publisher>University of Denver</publisher><place><placeTerm type="text">Denver, Colorado</placeTerm></place><dateCreated keyDate="yes">6/30/1938</dateCreated></originInfo><language><languageTerm type="text">Inscription is in English.</languageTerm></language><physicalDescription><extent>1 item (photograph), 6 x 7 inches, black and white</extent><note>Caption from photo book: ''The Shwayder Family celebrating the 80th birthday of Rachel Shwayder, seated center, at the Green Gables country Club, Denver, c. 1950.  In 1910 Jesse Shwayder opened a small luggage factroy and with his brothers, Mark, Maurice, Benjamin, and Solomon, turned it into one of the largest luggage producers in America, the Samsonite Corporation.  Leaders in Denver philanthropy, the Shwayder family took an especially active role in Rose Hospital, the University of Denver, the Denver Art Museum, the National Jewish Hospital, Temple Emanuel, and many other organizations.  Courtesy: Mr. and Mrs. King Shwayder, Sponsor: Mr. and Mrs. King Shwayder.''</note><form>Photomechanical prints</form></physicalDescription><abstract>The Shwayder family pose on a stairway at the Green Gables Country Club during Rachel Shwayder's 80th birthday celebration.</abstract><note>Title supplied by archivist.</note><note>Appears in Jeanne E. Abrams, Images of America: Jewish Denver, 1859-1940 (Charleston: Arcadia, 2007), 35.</note><note type="admin">Donated by Hannah Shwayder Berry</note><note type="admin">ph481</note><subject><name><namePart>Shwayder Family</namePart></name></subject><subject><topic>Jewish families--Colorado</topic></subject><subject><genre>Photographs</genre></subject><subject><geographic>Colorado</geographic></subject><subject><geographic>Denver (Colo.)</geographic></subject><relatedItem><titleInfo><title>Beck Archives Photograph Collection, Families and Groups</title></titleInfo></relatedItem><identifier type="local">B063.05.0013.00026</identifier><location><url usage="primary display">http://hdl.handle.net/10176/codu:59699</url></location><accessCondition type="useAndReproduction">Copyright restrictions may apply. User is responsible for all copyright compliance.</accessCondition></mods>