<mods xmlns="http://www.loc.gov/mods/v3" xmlns:mods="http://www.loc.gov/mods/v3" xmlns:xlink="http://www.w3.org/1999/xlink" xmlns:xsi="http://www.w3.org/2001/XMLSchema-instance"><titleInfo><title>Interior of Stein's Market in Pueblo, Colorado</title></titleInfo><name type="personal"><role><roleTerm authority="marcrelator" type="text">creator</roleTerm></role></name><typeOfResource>still image</typeOfResource><originInfo><publisher>University of Denver</publisher><place><placeTerm type="text">Denver, Colorado</placeTerm></place><dateCreated keyDate="yes">10/4/1926</dateCreated></originInfo><language></language><physicalDescription><extent>1 item (photograph), 4 x 5 inches, black and white</extent><note>Handwritten on envelope: ''# 386 Stein family of Pueblo, 1900-1960  info inside.'' Photocopy of handwritten note inside original envelope: ''Taken in Pueblo, Colorado between 1913 and 1914. Max Stein arrived in Pueblo in 1898 (he is the man on the right) after serving as a mounted policeman, he began peddling fruit and vegetables from a wagon. About 1910 he opened a retail grocery store at 1156 4th St., Pueblo. The business is still in the same location but has expanded to become a wholesale food company. Marvin Stein, the present owner, is a third-generation Stein.  Handwritten notes on back of photograph: ''10-4-26 Pueblo  Donated by Mrs. Ruth Stein #386.''</note><form>Photographic prints</form><digitalOrigin>Reformatted digital</digitalOrigin></physicalDescription><abstract>Interior of Stein's Market in Pueblo, Colorado. The market was located at 115 East 4th Street. Two unidentified employees stand behind a counter and an unidentified woman stands in front of one of the counters.</abstract><note>Title supplied by archivist.</note><note type="admin">Donated by Mrs. Ruth Stein</note><note type="admin">ph386</note><subject><name><namePart>Stein, Max</namePart></name></subject><subject><name><namePart>Stein's Market</namePart></name></subject><subject><topic>Jews</topic></subject><subject><topic>Jewish businesspeople</topic></subject><subject><topic>Grocery trade</topic></subject><subject><genre>Photographs</genre></subject><subject><genre>Interior views</genre></subject><subject><geographic>Colorado</geographic></subject><subject><occupation>Merchants</occupation></subject><relatedItem><titleInfo><title>Beck Archives Photograph Collection, Businesses</title></titleInfo></relatedItem><identifier type="local">B063.01.0017.00010</identifier><location><url usage="primary display">http://hdl.handle.net/10176/codu:59462</url></location><accessCondition type="useAndReproduction">Copyright restrictions may apply. User is responsible for all copyright compliance.</accessCondition></mods>