<mods xmlns="http://www.loc.gov/mods/v3" xmlns:mods="http://www.loc.gov/mods/v3" xmlns:xlink="http://www.w3.org/1999/xlink" xmlns:xsi="http://www.w3.org/2001/XMLSchema-instance"><titleInfo><title>Israel and Rebecca Kortz</title></titleInfo><titleInfo><title>Title from envelope: __Portrait of Israel and Rebecca Kortz</title></titleInfo><name type="personal"><role><roleTerm authority="marcrelator" type="text">creator</roleTerm></role></name><typeOfResource>still image</typeOfResource><originInfo><publisher>University of Denver</publisher><place><placeTerm type="text">Denver, Colorado</placeTerm></place><dateCreated keyDate="yes">circa 1900</dateCreated></originInfo><language></language><physicalDescription><extent>1 item (photograph), 4 x 3 inches, black and white</extent><form>Photographic prints</form></physicalDescription><abstract>Full-length portrait of Israel Kortz in his suit and bowler hat and Rebecca Kortz in a dress and hat. She holds a parasol. The Kortz family originated in Brest Litovsk, Russia, and arrived in Denver, Colorado around 1885. The Kortz family and their descendants contributed to the development of Denver and its Jewish community.</abstract><note>Title supplied by archivist.</note><note type="admin">Copy was donated by the Kortz Family for A Colorado Jewish Family Album.</note><subject><name><namePart>Kortz, Israel</namePart></name></subject><subject><name><namePart>Kortz, Rebecca</namePart></name></subject><subject><topic>Jewish men</topic></subject><subject><topic>Jewish women</topic></subject><subject><genre>Photographs</genre></subject><subject><genre>Group portraits</genre></subject><subject><geographic>Colorado</geographic></subject><subject><geographic>Denver (Colo.)</geographic></subject><subject><geographic>West Colfax (Denver, Colo.)</geographic></subject><subject><occupation>Peddlers and peddling</occupation></subject><subject><occupation>Coopers and cooperage</occupation></subject><relatedItem><titleInfo><title>Beck Archives Photograph Collection, Families and Groups</title></titleInfo></relatedItem><identifier type="local">B063.05.0021.00002</identifier><location><url usage="primary display">http://hdl.handle.net/10176/codu:57297</url></location><accessCondition type="useAndReproduction">Copyright restrictions may apply. User is responsible for all copyright compliance.</accessCondition></mods>