<mods xmlns="http://www.loc.gov/mods/v3" xmlns:mods="http://www.loc.gov/mods/v3" xmlns:xlink="http://www.w3.org/1999/xlink" xmlns:xsi="http://www.w3.org/2001/XMLSchema-instance"><titleInfo><title>Robinson Farm Climax Dairy</title></titleInfo><name type="personal"><role><roleTerm authority="marcrelator" type="text">creator</roleTerm></role></name><typeOfResource>still image</typeOfResource><originInfo><publisher>University of Denver</publisher><place><placeTerm type="text">Denver, Colorado</placeTerm></place><dateCreated keyDate="yes">circa 1906</dateCreated></originInfo><language></language><physicalDescription><extent>1 item (photograph), 9 x 11 inches, black and white</extent><note>On envelope: ''#2021 Robinson Dairy.'' On photograph: ''Morris Robinson (right) at the Robinson Farm Climax Dairy, c. 1906, Courtesy: Robinson Dairy Inc., Sponsor: Robinson Dairy Inc.''</note><form>Photocopies</form><digitalOrigin>Reformatted digital</digitalOrigin></physicalDescription><abstract>Page 31 from ''A Colorado Jewish Family Album: 1859-1992'' with a photograph of Morris Robinson at Robinson Farm Climax Dairy.</abstract><note>Title supplied by archivist.</note><note>Appears in ''Images of America: Jewish Denver 1859-1940,'' by Dr. Jeanne Abrams, page 32.</note><note type="admin">ph2021</note><subject><name><namePart>Robinson Dairy (Denver, Colo.)</namePart></name></subject><subject><topic>Jewish businesspeople</topic></subject><subject><genre>Photographs</genre></subject><subject><geographic>Denver (Colo.)</geographic></subject><subject><geographic>Colorado</geographic></subject><subject><occupation>Dairy farmers</occupation></subject><relatedItem><titleInfo><title>Beck Archives Photograph Collection, Businesses</title></titleInfo></relatedItem><identifier type="local">B063.01.0001.00057</identifier><location><url usage="primary display">http://hdl.handle.net/10176/codu:59354</url></location><accessCondition type="useAndReproduction">Copyright restrictions may apply. User is responsible for all copyright compliance.</accessCondition></mods>