<mods xmlns="http://www.loc.gov/mods/v3" xmlns:mods="http://www.loc.gov/mods/v3" xmlns:xlink="http://www.w3.org/1999/xlink" xmlns:xsi="http://www.w3.org/2001/XMLSchema-instance"><titleInfo><title>Harry Richman Behind Bar at R and S Buffet</title></titleInfo><name type="personal"><role><roleTerm authority="marcrelator" type="text">creator</roleTerm></role></name><name type="personal"><role><roleTerm authority="marcrelator" type="text">contributor</roleTerm></role></name><name type="corporate"><role><roleTerm authority="marcrelator" type="text">creator</roleTerm></role></name><name type="corporate"><role><roleTerm authority="marcrelator" type="text">contributor</roleTerm></role></name><typeOfResource>still image</typeOfResource><originInfo><publisher>University of Denver</publisher><place><placeTerm type="text">Denver, Colorado</placeTerm></place><dateCreated keyDate="yes">between 1925-1930</dateCreated></originInfo><language></language><physicalDescription><extent>1 item (photograph), 5 x 7 inches, black and white</extent><note>Handwritten on envelope: ''#496 Richman Family''.  On back of photograph: ''R and S Buffet 18th and Arapahoe 1925-30  Harry Richman behind bar   donor Margaret Richman Piehl  #496''.</note><form>Photographic prints</form><digitalOrigin>reformatted digital</digitalOrigin></physicalDescription><abstract>Interior of R and S Buffet at 18th and Arapahoe in Denver, Colorado. Harry Richman is standing behind the bar and an unidentified man is having a drink.</abstract><note>Title supplied by archivist.</note><note type="admin">Donated by Margaret Richman Piehl.</note><note type="admin">ph496</note><subject><name><namePart>Richman, Harry Carl</namePart></name></subject><subject><name><namePart>R and S Buffet</namePart></name></subject><subject><topic>Jews</topic></subject><subject><topic>Bars (Drinking establishments)</topic></subject><subject><genre>Photographs</genre></subject><subject><genre>Interior views</genre></subject><subject><geographic>Denver (Colo.)</geographic></subject><subject><geographic>Colorado</geographic></subject><relatedItem><titleInfo><title>Beck Archives Photograph Collection, Businesses</title></titleInfo></relatedItem><identifier type="local">B063.01.0009.00026</identifier><location><url usage="primary display">http://hdl.handle.net/10176/codu:59351</url></location><accessCondition type="useAndReproduction">Copyright restrictions may apply. User is responsible for all copyright compliance.</accessCondition></mods>