<mods xmlns="http://www.loc.gov/mods/v3" xmlns:mods="http://www.loc.gov/mods/v3" xmlns:xlink="http://www.w3.org/1999/xlink" xmlns:xsi="http://www.w3.org/2001/XMLSchema-instance"><titleInfo><title>Geriatric Center at Beth Israel Hospital</title></titleInfo><name type="personal"><role><roleTerm authority="marcrelator" type="text">creator</roleTerm></role></name><typeOfResource>still image</typeOfResource><originInfo><publisher>University of Denver</publisher><place><placeTerm type="text">Denver, Colorado</placeTerm></place><dateCreated keyDate="yes">between 1920-1946</dateCreated></originInfo><language></language><physicalDescription><extent>1 item (photograph), 5 x 7 inches, black and white</extent><note>Handwritten on envelope: ''#543  Beth Israel Home.''  On back of photograph: ''#543  Old Folks Home Beth Israel Hospital.''</note><form>Photographic prints</form></physicalDescription><abstract>Exterior view of the Geriatric Center at Beth Israel Hospital in Denver, Colorado at the corner of Sixteenth Avenue and Lowell Boulevard. Beth Israel opened in Denver's west-side community in 1920 as a Jewish old-age home. It added a Jewish-run general hospital in 1923. Sparked by Bella Mintz, it garnered the support of members of Denver's Jewish community from throughout the city. Philanthropists Leopold Guldman, Isadore Rude, and Adolph Kiesler provided especially generous donations. Eventually its geriatric center evolved into Denver's Shalom Park, located today in Aurora, Colorado.</abstract><note>Title supplied by archivist.</note><note>Appears in ''Images of America: Jewish Denver 1859-1940,'' by Dr. Jeanne Abrams, page 90.</note><note type="admin">Donated by Beth Israel Hospital and Geriatric Center.</note><note type="admin">ph543</note><subject><name><namePart>Beth Israel Home for the Aged (Denver, Colo.)</namePart></name></subject><subject><name><namePart>Beth Israel Hospital and Home Society (Denver, Colo.)</namePart></name></subject><subject><topic>Jewish old age homes</topic></subject><subject><topic>Jews</topic></subject><subject><topic>Nursing homes</topic></subject><subject><topic>Hospitals</topic></subject><subject><topic>Geriatrics</topic></subject><subject><topic>Buildings</topic></subject><subject><topic>Old age homes</topic></subject><subject><genre>Photographs</genre></subject><subject><genre>Exterior views</genre></subject><subject><geographic>Colorado</geographic></subject><subject><geographic>Denver (Colo.)</geographic></subject><subject><geographic>West Colfax (Denver, Colo.)</geographic></subject><relatedItem><titleInfo><title>Beck Archives Photograph Collection, Health Care and Philanthropy</title></titleInfo></relatedItem><identifier type="local">B063.03.0011.00065</identifier><location><url usage="primary display">http://hdl.handle.net/10176/codu:57305</url></location><accessCondition type="useAndReproduction">Copyright restrictions may apply. User is responsible for all copyright compliance.</accessCondition></mods>