<mods xmlns="http://www.loc.gov/mods/v3" xmlns:mods="http://www.loc.gov/mods/v3" xmlns:xlink="http://www.w3.org/1999/xlink" xmlns:xsi="http://www.w3.org/2001/XMLSchema-instance"><titleInfo><title>Sheep Being Fed by a Nurse at the Jewish Consumptives' Relief Society</title></titleInfo><name type="personal"><namePart>Albert O. Corwin Commercial Photographs</namePart><role><roleTerm authority="marcrelator" type="text">creator</roleTerm></role></name><typeOfResource>still image</typeOfResource><originInfo><publisher>University of Denver</publisher><place><placeTerm type="text">Denver, Colorado</placeTerm></place><dateCreated keyDate="yes">1947</dateCreated></originInfo><language></language><physicalDescription><extent>1 item (photograph), 10 x 8 inches, black and white</extent><note>Handwritten on envelope: ''#455 JCRS Farm''.  On back of photograph: ''#455 JCRS ''Fag'' Ram being fed by nurse  1947''.</note><form>Photographic prints</form></physicalDescription><abstract>A ram named Fag which belongs to the Jewish Consumptives' Relief Society (JCRS), appearing to be fed by a nurse. The JCRS was a sanatorium for tuberculosis patients that was founded in 1904 by a group of immigrant Jewish working men along with the support of several leading physicians and rabbis in Denver, Colorado. It was located on West Colfax Avenue just outside of Denver. This photograph has been manipulated by the photographer and is made up of several separate images that have been combined into one.</abstract><note>Title supplied by archivist.</note><note type="admin">Donated by AMC Cancer Research Center (JCRS).</note><note type="admin">ph455</note><subject><name><namePart>Jewish Consumptives' Relief Society (U.S.)</namePart></name></subject><subject><name><namePart>American Medical Center (Denver, Colo.)</namePart></name></subject><subject><topic>Jews</topic></subject><subject><topic>Tuberculosis</topic></subject><subject><topic>Hospitals</topic></subject><subject><topic>Sanatoriums</topic></subject><subject><topic>Nurses</topic></subject><subject><topic>Sheep</topic></subject><subject><topic>Farms</topic></subject><subject><topic>Animals</topic></subject><subject><genre>Photographs</genre></subject><subject><genre>Portraits</genre></subject><subject><genre>Manipulated photographs</genre></subject><subject><genre>Composite photographs</genre></subject><subject><genre>Paste-up (Printing)</genre></subject><subject><geographic>Colorado</geographic></subject><subject><geographic>Denver (Colo.)</geographic></subject><subject><geographic>Colfax Avenue (Denver, Colo.)</geographic></subject><subject><geographic>West Colfax (Denver, Colo.)</geographic></subject><subject><geographic>Spivak (Colo.)</geographic></subject><relatedItem><titleInfo><title>Beck Archives Photograph Collection, Health Care and Philanthropy</title></titleInfo></relatedItem><identifier type="local">B063.03.0035.00011</identifier><location><url usage="primary display">http://hdl.handle.net/10176/codu:57308</url></location><accessCondition type="useAndReproduction">Copyright restrictions may apply. User is responsible for all copyright compliance.</accessCondition></mods>