<mods xmlns="http://www.loc.gov/mods/v3" xmlns:mods="http://www.loc.gov/mods/v3" xmlns:xlink="http://www.w3.org/1999/xlink" xmlns:xsi="http://www.w3.org/2001/XMLSchema-instance"><titleInfo><title>Interior of Goldberg Brothers Tinners with Employees</title></titleInfo><name type="personal"><role><roleTerm authority="marcrelator" type="text">creator</roleTerm></role></name><typeOfResource>still image</typeOfResource><originInfo><publisher>University of Denver</publisher><place><placeTerm type="text">Denver, Colorado</placeTerm></place><dateCreated keyDate="yes">between 1900-1930</dateCreated></originInfo><language></language><physicalDescription><extent>1 item (photograph), 4 x 5 inches, black and white</extent><note>Handwritten on envelope: ''#520 Goldberg Bros.''  On back of photograph: ''#520 Goldberg Brothers, Tinners  c 19  Donor Normon Goldberg l to r: Louis, Nathan and William Goldberg.''</note><form>Photographic prints</form><digitalOrigin>Reformatted digital</digitalOrigin></physicalDescription><abstract>Interior of Goldberg Brothers, Tinners. From left to right: Louis, Nathan and William Goldberg with three unidentified men.</abstract><note>Title supplied by archivist.</note><note>Appears in ''Images of America: Jewish Denver 1859-1940,'' by Dr. Jeanne Abrams, page 53.</note><note type="admin">Donated by Norman Goldberg.</note><note type="admin">ph520</note><subject><name><namePart>Goldberg, William</namePart></name></subject><subject><name><namePart>Goldberg, Nathan</namePart></name></subject><subject><name><namePart>Goldberg, Louis</namePart></name></subject><subject><name><namePart>Goldberg Brothers Tinners</namePart></name></subject><subject><topic>Jews</topic></subject><subject><topic>Tinsmiths</topic></subject><subject><topic>Jewish merchants</topic></subject><subject><genre>Photographs</genre></subject><subject><genre>Interior views</genre></subject><subject><geographic>Denver (Colo.)</geographic></subject><subject><geographic>Colorado</geographic></subject><relatedItem><titleInfo><title>Beck Archives Photograph Collection, Businesses</title></titleInfo></relatedItem><identifier type="local">B063.01.0017.00023</identifier><location><url usage="primary display">http://hdl.handle.net/10176/codu:59386</url></location><accessCondition type="useAndReproduction">Copyright restrictions may apply. User is responsible for all copyright compliance.</accessCondition></mods>