<mods xmlns="http://www.loc.gov/mods/v3" xmlns:mods="http://www.loc.gov/mods/v3" xmlns:xlink="http://www.w3.org/1999/xlink" xmlns:xsi="http://www.w3.org/2001/XMLSchema-instance"><titleInfo><title>Delegates to Arizona Constitutional Convention</title></titleInfo><name type="personal"><role><roleTerm authority="marcrelator" type="text">creator</roleTerm></role></name><typeOfResource>still image</typeOfResource><originInfo><publisher>University of Denver</publisher><place><placeTerm type="text">Denver, Colorado</placeTerm></place><dateCreated keyDate="yes">10/10/1910</dateCreated></originInfo><language></language><physicalDescription><extent>1 item (photograph), 4 x 5 inches, black and white</extent><note>On envelope: "#203 Weinberger Family of Arizona, 1887-1963  B 13  B17 B 18-2 prints  B21 - 4 prints  B24 - 2  check copy of buggy photo for info." Handwritten on back of photograph: "No. 7, Delegates to Arizona Constitutional Convention, October 10, 1910, Jacob Weinberger was the youngest delegate, #203."</note><form>Photographic prints</form><digitalOrigin>Reformatted digital</digitalOrigin></physicalDescription><abstract>Delegates to the Arizona Constitutional Convention pose outside a large building while others look down at them from a second story balcony.  Jacob Weinberger was the youngest delegate.</abstract><note>Title supplied by archivist.</note><note type="admin">ph203</note><subject><name><namePart>Weinberger, Jacob</namePart></name></subject><subject><genre>Photographs</genre></subject><subject><genre>Group portraits</genre></subject><subject><genre>Exterior views</genre></subject><subject><geographic>Arizona</geographic></subject><relatedItem><titleInfo><title>Beck Archives Photograph Collection, Community</title></titleInfo></relatedItem><identifier type="local">B063.02.0018.00020</identifier><location><url usage="primary display">http://hdl.handle.net/10176/codu:60273</url></location><accessCondition type="useAndReproduction">Copyright restrictions may apply. User is responsible for all copyright compliance.</accessCondition></mods>