<mods xmlns="http://www.loc.gov/mods/v3" xmlns:mods="http://www.loc.gov/mods/v3" xmlns:xlink="http://www.w3.org/1999/xlink" xmlns:xsi="http://www.w3.org/2001/XMLSchema-instance"><titleInfo><title>Bloomfield Fish Market</title></titleInfo><name type="personal"><role><roleTerm authority="marcrelator" type="text">creator</roleTerm></role></name><typeOfResource>still image</typeOfResource><originInfo><publisher>University of Denver</publisher><place><placeTerm type="text">Denver, Colorado</placeTerm></place><dateCreated keyDate="yes">July 11, 1920</dateCreated></originInfo><language></language><physicalDescription><extent>1 item (photograph), 7 x 5 inches, black and white</extent><note>On envelope: ''#970 Bloomfield Park, 1920.'' On back of photograph: ''Bloomfield Park, Sam Bloomfield (not Jewish) Fish Market supplying the west side Orthodox Community with fish for Sabbath, #970.''</note><form>Photographic prints</form><digitalOrigin>Reformatted digital</digitalOrigin></physicalDescription><abstract>Newspaper pictorial section from the Rocky Mountain News, Denver, CO, Sunday, July 11, 1920.  Collage of pictures showing people at the Sam Bloomfield Fish Market, which catered to east European Jewish immigrants on Denver's West Side.</abstract><note>Title supplied by archivist.</note><note type="admin">ph970</note><subject><name><namePart>Rocky Mountain News</namePart></name></subject><subject><topic>Grocery trade</topic></subject><subject><genre>Exterior views</genre></subject><subject><geographic>Denver (Colo.)</geographic></subject><subject><geographic>Colorado</geographic></subject><relatedItem><titleInfo><title>Beck Archives Photograph Collection, Businesses</title></titleInfo></relatedItem><identifier type="local">B063.01.0009.00060</identifier><location><url usage="primary display">http://hdl.handle.net/10176/codu:59304</url></location><accessCondition type="useAndReproduction">Copyright restrictions may apply. User is responsible for all copyright compliance.</accessCondition></mods>