<mods xmlns="http://www.loc.gov/mods/v3" xmlns:mods="http://www.loc.gov/mods/v3" xmlns:xlink="http://www.w3.org/1999/xlink" xmlns:xsi="http://www.w3.org/2001/XMLSchema-instance"><titleInfo><title>Bernstein Family at Seven Falls, Colorado</title></titleInfo><name type="personal"><role><roleTerm authority="marcrelator" type="text">creator</roleTerm></role></name><typeOfResource>still image</typeOfResource><originInfo><publisher>University of Denver</publisher><place><placeTerm type="text">Denver, Colorado</placeTerm></place><dateCreated keyDate="yes">6/1910</dateCreated></originInfo><language></language><physicalDescription><extent>1 item (photograph), 3 x 5 inches, black and white</extent><note>Postcard markings stamped on back of photograph. Handwritten on back of photograph: ''Seven Falls, Colo. June 1910, Family of Moritz Bernstein of Walsenberg [sic], Donor Morton P. Stark.'' On envelope: ''Bernstein family of Walsenberg[sic] at Seven Falls, 1910.''</note><form>Photographic postcards</form></physicalDescription><abstract>Mrs. Moritz Bernstein, her son and daughter and an unidentified woman ride on burros in front of the waterfalls at Seven Falls, Colorado Springs, Colorado, during a tour. Mrs. Bernstein's other son stands behind the group beside a fake elk. All five of the men and women are wearing hats. Moritz Bernstein had a dry goods store in Walsenburg, Colorado, where the family lived and in other southern Colorado towns.</abstract><note>Title supplied by cataloger.</note><note>Appears in ''Images of America: Jewish Denver 1859-1940,'' by Dr. Jeanne Abrams, on page 125.</note><note type="admin">Donated by Morton P. Stark</note><note type="admin">ph147</note><subject><name><namePart>Bernstein family</namePart></name></subject><subject><name><namePart>Bernstein, Theresa,--1865-1944</namePart></name></subject><subject><name><namePart>Stark, Eva Bernstein,--1897-1977</namePart></name></subject><subject><name><namePart>Bernstein, Moritz,--1866-1918</namePart></name></subject><subject><topic>Jewish families</topic></subject><subject><topic>Social life and customs</topic></subject><subject><topic>Donkeys</topic></subject><subject><topic>Waterfalls</topic></subject><subject><genre>Group portraits</genre></subject><subject><genre>Postcards</genre></subject><subject><geographic>Colorado</geographic></subject><subject><geographic>Seven Falls (Colo.)</geographic></subject><subject><geographic>Colorado Springs (Colo.)</geographic></subject><subject><geographic>Walsenburg (Colo.)</geographic></subject><subject><occupation>Merchants</occupation></subject><relatedItem><titleInfo><title>Beck Archives Photograph Collection, Families and Groups</title></titleInfo></relatedItem><identifier type="local">B063.05.0013.00018</identifier><location><url usage="primary display">http://hdl.handle.net/10176/codu:37771</url></location><accessCondition type="useAndReproduction">Copyright restrictions may apply. User is responsible for all copyright compliance.</accessCondition></mods>