<mods xmlns="http://www.loc.gov/mods/v3" xmlns:mods="http://www.loc.gov/mods/v3" xmlns:xlink="http://www.w3.org/1999/xlink" xmlns:xsi="http://www.w3.org/2001/XMLSchema-instance"><titleInfo><title>Home of Abraham Jacobs</title></titleInfo><titleInfo><title>Title from back of photograph: __Home of A Jacobs, 16th Welton St.</title></titleInfo><name type="personal"><namePart>A. E. Rinehart</namePart><role><roleTerm authority="marcrelator" type="text">creator</roleTerm></role></name><typeOfResource>still image</typeOfResource><originInfo><publisher>University of Denver</publisher><place><placeTerm type="text">Denver, Colorado</placeTerm></place><dateCreated keyDate="yes">circa 1880</dateCreated></originInfo><language><languageTerm type="text">Inscription is in English.</languageTerm></language><physicalDescription><extent>2 item (photograph), 6 x 4 inches, black and white</extent><note>On front of photograph, printed on the card portion: ''A.E. Rinehart, Denver, Colo.'' On back of photograph: ''A.E. Rinehart'' and: ''Duplicates can be had at any time'' in gold colored script, with gold colored logo: ''Larimer Street, 413 Denver, Col.'' Handwritten on the back: ''Home of A Jacobs, 16th Welton St., Before Masonic Temple was built there.''</note><form>Photographic prints</form></physicalDescription><abstract>View of the exterior of the Abraham and Frances Wisebart Jacobs home at 16th Ave. and Welton St., Denver, Colo. View shows surrounding fence, with neighborhood homes, trees and streetcar lines visible in the background. Abraham Jacobs was a clothing merchant, his wife Frances was impetus behind founding of National Jewish Hospital.</abstract><note>Title supplied by archivist.</note><note>Appears in ''Images of America: Jewish Denver 1859-1940,'' by Dr. Jeanne Abrams, on page 11.</note><note type="admin">Original owners were Abraham and Frances Wisebart Jacobs. The photograph was given to Jean Morris, their great-niece, who donated it to the Beck Archives in 1977.  Related material may be found in the Frances Wisebart Jacobs Clothing and Other Material, B148.</note><note type="admin">ph1</note><subject><name><namePart>Jacobs family</namePart></name></subject><subject><name><namePart>Jacobs, Abraham,--1834-</namePart></name></subject><subject><name><namePart>Jacobs, Frances Wisebart,--1843-1892</namePart></name></subject><subject><topic>Jewish merchants</topic></subject><subject><topic>Jews</topic></subject><subject><topic>Residential streets</topic></subject><subject><topic>Houses</topic></subject><subject><genre>Cabinet photographs</genre></subject><subject><genre>Exterior views</genre></subject><subject><genre>Photographs</genre></subject><subject><geographic>Denver (Colo.)</geographic></subject><subject><occupation>Merchants</occupation></subject><relatedItem><titleInfo><title>Beck Archives Photograph Collection, Community</title></titleInfo></relatedItem><identifier type="local">B063.02.0010.00001</identifier><location><url usage="primary display">http://hdl.handle.net/10176/codu:59717</url></location><accessCondition type="useAndReproduction">Copyright restrictions may apply. User is responsible for all copyright compliance.</accessCondition></mods>