<mods xmlns="http://www.loc.gov/mods/v3" xmlns:mods="http://www.loc.gov/mods/v3" xmlns:xlink="http://www.w3.org/1999/xlink" xmlns:xsi="http://www.w3.org/2001/XMLSchema-instance"><titleInfo><title>Exterior of C.M. Schayer Store</title></titleInfo><name type="personal"><role><roleTerm authority="marcrelator" type="text">creator</roleTerm></role></name><typeOfResource>still image</typeOfResource><originInfo><publisher>University of Denver</publisher><place><placeTerm type="text">Denver, Colorado</placeTerm></place><dateCreated keyDate="yes">between 1880-1890</dateCreated></originInfo><language></language><physicalDescription><extent>1 item (photograph), 13 x 9 inches, black and white</extent><note>Handwritten on back of photograph: ''#114, C. M. Schayer's store on 409 Blake St circa 1874, wholesale dealers in liquors, wines & cigars; donated by Mr. Charles Schayer.''</note><form>Photographic prints</form><digitalOrigin>Reformatted digital</digitalOrigin></physicalDescription><abstract>Exterior of the C.M. Schayer Store owned by Charles M. Schayer, with a sign posted at the top of the building. Eight unidentified men and children stand in front and on a balcony. The store was located at 409 Blake Street in Denver, Colorado. Charles and Ricka Saft Schayer arrived in Denver by covered wagon in 1865.</abstract><note>Title supplied by archivist.</note><note type="admin">Donated by Mr. Charles Schayer.</note><note type="admin">ph114</note><subject><name><namePart>Schayer, Charles M.,--1837-1907</namePart></name></subject><subject><name><namePart>C. M. Schayer Store</namePart></name></subject><subject><topic>Stores, Retail</topic></subject><subject><topic>Jewish businesspeople</topic></subject><subject><genre>Photographs</genre></subject><subject><genre>Exterior views</genre></subject><subject><geographic>Denver (Colo.)</geographic></subject><subject><geographic>Colorado</geographic></subject><subject><occupation>Merchants</occupation></subject><relatedItem><titleInfo><title>Beck Archives Photograph Collection, Businesses</title></titleInfo></relatedItem><identifier type="local">B063.01.0032.0003.00001</identifier><location><url usage="primary display">http://hdl.handle.net/10176/codu:59491</url></location><accessCondition type="useAndReproduction">Copyright restrictions may apply. User is responsible for all copyright compliance.</accessCondition></mods>