<mods xmlns="http://www.loc.gov/mods/v3" xmlns:mods="http://www.loc.gov/mods/v3" xmlns:xlink="http://www.w3.org/1999/xlink" xmlns:xsi="http://www.w3.org/2001/XMLSchema-instance"><titleInfo><title>Gus Cohen Standing in Front of Guffey's First Post Office</title></titleInfo><name type="personal"><role><roleTerm authority="marcrelator" type="text">creator</roleTerm></role></name><typeOfResource>still image</typeOfResource><originInfo><publisher>University of Denver</publisher><place><placeTerm type="text">Denver, Colorado</placeTerm></place><dateCreated keyDate="yes">circa 1894</dateCreated></originInfo><language></language><physicalDescription><extent>1 item (photograph), 4 x 5 inches, black and white</extent><note>Handwritten on envelope: ''#464 Gus Cohen family of Guffey.''  On back of photograph: ''This is Guffey's first post office - about 1894.  The Post Master standing in front is Gus Cohen. The man in the wagon - last row front is Wolf Poznansky.''</note><form>Photographic prints</form><digitalOrigin>Reformatted digital</digitalOrigin></physicalDescription><abstract>Guffey, Colorado's first Post Office. Standing in front of the entrance is Gus Cohen, Post Master. Wolf Poznansky is seated in the wagon in the last row, front.</abstract><note>Title supplied by archivist.</note><note type="admin">ph464</note><subject><name><namePart>Poznansky, Wolf</namePart></name></subject><subject><name><namePart>Cohen, Gus</namePart></name></subject><subject><topic>Jews</topic></subject><subject><topic>Post office buildings</topic></subject><subject><genre>Photographs</genre></subject><subject><genre>Exterior views</genre></subject><subject><geographic>Guffey (Colo.)</geographic></subject><subject><geographic>Colorado</geographic></subject><relatedItem><titleInfo><title>Beck Archives Photograph Collection, Businesses</title></titleInfo></relatedItem><identifier type="local">B063.01.0017.00019</identifier><location><url usage="primary display">http://hdl.handle.net/10176/codu:59414</url></location><accessCondition type="useAndReproduction">Copyright restrictions may apply. User is responsible for all copyright compliance.</accessCondition></mods>