<mods xmlns="http://www.loc.gov/mods/v3" xmlns:mods="http://www.loc.gov/mods/v3" xmlns:xlink="http://www.w3.org/1999/xlink" xmlns:xsi="http://www.w3.org/2001/XMLSchema-instance"><titleInfo><title>Rabbi Manuel Laderman at Union Station</title></titleInfo><name type="personal"><role><roleTerm authority="marcrelator" type="text">creator</roleTerm></role></name><typeOfResource>still image</typeOfResource><originInfo><publisher>University of Denver</publisher><place><placeTerm type="text">Denver, Colorado</placeTerm></place><dateCreated keyDate="yes">10/25/1932</dateCreated></originInfo><language></language><physicalDescription><extent>1 item (photograph), 5 x 8.5 inches, black and white</extent><form>Photographic prints</form></physicalDescription><abstract>Twenty-three-year-old Rabbi Manuel Laderman (tallest man in the group) surrounded by delegates from the Hebrew Educational Alliance upon his arrival at Union Station, Denver, Colorado in 1932. He graduated from the Hebrew Theological College in Illinois and had just been ordained when he came to Denver to serve as the first Rabbi of the Hebrew Educational Alliance. He served as rabbi at the Orthodox synagogue until 1979. He was born August 25, 1909 and died in Denver on November 27, 1989.</abstract><note>Title supplied by archivist.</note><note>Copy of photograph is missing and a reprint was made.</note><note>Appears in ''Images of America: Jewish Denver 1859-1940,'' by Dr. Jeanne Abrams, page 68.</note><note type="admin">Copy of the photograph was donated for the Rocky Mountain Jewish Historical Society Annual Meeting in 2000.</note><subject><name><namePart>Laderman, Manuel,--1909-1989</namePart></name></subject><subject><name><namePart>Hebrew Educational Alliance (Denver, Colo.)</namePart></name></subject><subject><topic>Jewish religious schools</topic></subject><subject><topic>Orthodox Judaism</topic></subject><subject><genre>Group portraits</genre></subject><subject><genre>Photographs</genre></subject><subject><geographic>Colorado</geographic></subject><subject><geographic>Denver (Colo.)</geographic></subject><subject><geographic>West Colfax (Denver, Colo.)</geographic></subject><subject><geographic>Union Station (Denver, Colo.)</geographic></subject><subject><occupation>Rabbis</occupation></subject><relatedItem><titleInfo><title>Beck Archives Photograph Collection, Religious Life</title></titleInfo></relatedItem><identifier type="local">B063.06.0006.00025</identifier><location><url usage="primary display">http://hdl.handle.net/10176/codu:57298</url></location><accessCondition type="useAndReproduction">Copyright restrictions may apply. User is responsible for all copyright compliance.</accessCondition></mods>