<mods xmlns="http://www.loc.gov/mods/v3" xmlns:mods="http://www.loc.gov/mods/v3" xmlns:xlink="http://www.w3.org/1999/xlink" xmlns:xsi="http://www.w3.org/2001/XMLSchema-instance"><titleInfo><title>Etta Miller Robinson</title></titleInfo><name type="personal"><namePart>Nast Studio</namePart><role><roleTerm authority="marcrelator" type="text">creator</roleTerm></role></name><typeOfResource>still image</typeOfResource><originInfo><publisher>University of Denver</publisher><place><placeTerm type="text">Denver, Colorado</placeTerm></place><dateCreated keyDate="yes">between 1890-1900</dateCreated></originInfo><language></language><physicalDescription><extent>1 item (photograph), 6 x 4 inches, Black and white</extent><note>On back of photograph: ''Etta Miller Robinson.'' Printed on front of card: ''Nast, new gallery cor. 16th & Curtis Sts. Denver, Colo.''</note><form>Photographic prints</form></physicalDescription><abstract>Formal portrait of Etta Miller Robinson who wears a flowered full-length dress with lace at the collar and cuffs, and a sash at the waist. "Etta Miller Robinson" is handwritten in pen on the back of the photograph. Robinson was married to Louis Robinson and was the mother of Samuel Robinson of Robinson Dairy.</abstract><note>Title from back of photograph.</note><note>Appears in ''Images of America: Jewish Denver 1859-1940,'' by Dr. Jeanne Abrams, on page 107.</note><note type="admin">Original photograph donated by Irene Miller Stein, sister of Etta Miller Robinson.</note><note type="admin">ph1053</note><subject><name><namePart>Robinson, Etta Miller,---1900</namePart></name></subject><subject><name><namePart>Robinson Dairy (Denver, Colo.)</namePart></name></subject><subject><topic>Jewish women</topic></subject><subject><topic>Social life and customs</topic></subject><subject><genre>Portraits</genre></subject><subject><genre>Photographs</genre></subject><subject><geographic>Denver (Colo.)</geographic></subject><subject><geographic>Colorado</geographic></subject><relatedItem><titleInfo><title>Beck Archives Photograph Collection, Individuals</title></titleInfo></relatedItem><identifier type="local">B063.08.0039.00007</identifier><location><url usage="primary display">http://hdl.handle.net/10176/codu:37779</url></location><accessCondition type="useAndReproduction">Copyright restrictions may apply. User is responsible for all copyright compliance.</accessCondition></mods>