<mods xmlns="http://www.loc.gov/mods/v3" xmlns:mods="http://www.loc.gov/mods/v3" xmlns:xlink="http://www.w3.org/1999/xlink" xmlns:xsi="http://www.w3.org/2001/XMLSchema-instance"><titleInfo><title>Morris and Harry Berry Delivering Groceries in the 1913 Blizzard</title></titleInfo><name type="personal"><role><roleTerm authority="marcrelator" type="text">creator</roleTerm></role></name><typeOfResource>still image</typeOfResource><originInfo><publisher>University of Denver</publisher><place><placeTerm type="text">Denver, Colorado</placeTerm></place><dateCreated keyDate="yes">1913</dateCreated></originInfo><language></language><physicalDescription><extent>1 item (photograph), 4 x 5 inches, black and white</extent><note>Handwritten on envelope: ''#426 Morris and Harry Berry delivering groceries - 1913 Blizzard.''  On back of photograph: ''Morris Berry on horse. Harry Berry on sled. Delivering groceries during blizzard of 1913 #426.''</note><form>Photographic prints</form><digitalOrigin>Reformatted digital</digitalOrigin></physicalDescription><abstract>Morris and Harry Berry deliver groceries by horse-drawn sled during the 1913 blizzard in Denver, Colorado. Morris Berry later married Hannah Shwayder.</abstract><note>Title supplied by archivist.</note><note type="admin">Donated by Joseph Lemberg.</note><note type="admin">ph426</note><subject><name><namePart>Berry, Harry</namePart></name></subject><subject><name><namePart>Berry, Morris</namePart></name></subject><subject><name><namePart>Berry, Hannah Shwayder,--1895-1954</namePart></name></subject><subject><topic>Jews</topic></subject><subject><topic>Jewish merchants</topic></subject><subject><topic>Grocery trade</topic></subject><subject><genre>Photographs</genre></subject><subject><geographic>Denver (Colo.)</geographic></subject><subject><geographic>Colorado</geographic></subject><subject><occupation>Merchants</occupation></subject><relatedItem><titleInfo><title>Beck Archives Photograph Collection, Businesses</title></titleInfo></relatedItem><identifier type="local">B063.01.0017.00018</identifier><location><url usage="primary display">http://hdl.handle.net/10176/codu:59302</url></location><accessCondition type="useAndReproduction">Copyright restrictions may apply. User is responsible for all copyright compliance.</accessCondition></mods>