<mods xmlns="http://www.loc.gov/mods/v3" xmlns:mods="http://www.loc.gov/mods/v3" xmlns:xlink="http://www.w3.org/1999/xlink" xmlns:xsi="http://www.w3.org/2001/XMLSchema-instance"><titleInfo><title>Display Shelf Inside Pencol Drug</title></titleInfo><name type="personal"><role><roleTerm authority="marcrelator" type="text">creator</roleTerm></role></name><typeOfResource>still image</typeOfResource><originInfo><publisher>University of Denver</publisher><place><placeTerm type="text">Denver, Colorado</placeTerm></place><dateCreated keyDate="yes">between 1950-1965</dateCreated></originInfo><language></language><physicalDescription><extent>1 item (photograph), 5 x 7 inches, black and white</extent><note>Handwritten on envelope: ''#582  Interior of Pencol Drug owned by Azriel Stein''. On back of photograph: ''#582 Interior of Pencol Drug''.</note><form>Photographic prints</form><digitalOrigin>Reformatted digital</digitalOrigin></physicalDescription><abstract>Display shelf with perfumes for sale, inside Pencol Drug. The store was located at Pennsylvania Street and Colfax Avenue in Denver, Colorado and, owned by Azriel Stein.</abstract><note>Title supplied by archivist.</note><note type="admin">ph582</note><subject><name><namePart>Stein, Azriel,--1896-1976</namePart></name></subject><subject><name><namePart>Pencol Drugs</namePart></name></subject><subject><topic>Jews</topic></subject><subject><topic>Pharmacists</topic></subject><subject><genre>Photographs</genre></subject><subject><geographic>Denver (Colo.)</geographic></subject><subject><geographic>Colorado</geographic></subject><relatedItem><titleInfo><title>Beck Archives Photograph Collection, Businesses</title></titleInfo></relatedItem><identifier type="local">B063.01.0009.00036</identifier><location><url usage="primary display">http://hdl.handle.net/10176/codu:59446</url></location><accessCondition type="useAndReproduction">Copyright restrictions may apply. User is responsible for all copyright compliance.</accessCondition></mods>