<mods xmlns="http://www.loc.gov/mods/v3" xmlns:mods="http://www.loc.gov/mods/v3" xmlns:xlink="http://www.w3.org/1999/xlink" xmlns:xsi="http://www.w3.org/2001/XMLSchema-instance"><titleInfo><title>Pueblo Metropolitan Museum</title></titleInfo><name type="personal"><role><roleTerm authority="marcrelator" type="text">creator</roleTerm></role></name><typeOfResource>still image</typeOfResource><originInfo><publisher>University of Denver</publisher><place><placeTerm type="text">Denver, Colorado</placeTerm></place><dateCreated keyDate="yes">6/14/1981</dateCreated></originInfo><language></language><physicalDescription><extent>1 item (photograph), 4 x 5 inches, color</extent><note>On envelope: "#511 RMJHS - Bus Trip Pueblo, Colorado Springs, Roll 1 - Temple Emanuel and Pueblo Metropolitan Museum; Roll 2 - United Hebrew Center, Pueblo Cemetery, Rabbi David Kline;." On back of photograph: "III Bus trip to Pueblo, 6/14/81, 20A-21, Pueblo - Thatcher Museum."</note><form>Photographic prints</form><digitalOrigin>Reformatted digital</digitalOrigin></physicalDescription><abstract>Flower garden at  the Pueblo Metropolitan Museum, later renamed Rosemont Museum, the former residence of John A. and Margaret H. Thatcher in Pueblo, Colorado.</abstract><note>Title supplied by archivist.</note><note type="admin">ph511</note><subject><name><namePart>Thatcher, John A.--1836-1913</namePart></name></subject><subject><name><namePart>Thatcher, Margaret H.--1848-1922</namePart></name></subject><subject><name><namePart>Rosemount Museum</namePart></name></subject><subject><topic>Museums--United States</topic></subject><subject><genre>Photographic prints</genre></subject><subject><geographic>Pueblo (Colo.)</geographic></subject><relatedItem><titleInfo><title>Beck Archives Photograph Collection, Community</title></titleInfo></relatedItem><identifier type="local">B063.02.0018.00110</identifier><location><url usage="primary display">http://hdl.handle.net/10176/codu:60363</url></location><accessCondition type="useAndReproduction">Copyright restrictions may apply. User is responsible for all copyright compliance.</accessCondition></mods>