<mods xmlns="http://www.loc.gov/mods/v3" xmlns:mods="http://www.loc.gov/mods/v3" xmlns:xlink="http://www.w3.org/1999/xlink" xmlns:xsi="http://www.w3.org/2001/XMLSchema-instance"><titleInfo><title>Philip J. Ragooland Poses with a Group of Unidentified Men</title></titleInfo><name type="personal"><role><roleTerm authority="marcrelator" type="text">creator</roleTerm></role></name><typeOfResource>still image</typeOfResource><originInfo><publisher>University of Denver</publisher><place><placeTerm type="text">Denver, Colorado</placeTerm></place><dateCreated keyDate="yes">between 1920-1940</dateCreated></originInfo><language></language><physicalDescription><extent>2 item (photograph), 4 x 6 inches, black and white</extent><note>Handwritten on envelope: ''#392 Phillip Raguland [sic]''.  On back of photograph: ''Philip J. Raguland [sic] #392''.</note><form>Photographic prints</form><digitalOrigin>Reformatted digital</digitalOrigin></physicalDescription><abstract>Philip J. Ragooland and a group of unidentified men pose for a photograph outdoors. These men may have been employees of the Saratoga Mines Company, which owned and operated mines in Gilpin County, Colorado.</abstract><note>Title supplied by archivist.</note><note type="admin">Donated by Celia Fischel in 1979.</note><note type="admin">ph392</note><subject><name><namePart>Ragooland, Philip J.</namePart></name></subject><subject><name><namePart>Saratoga Mines Company</namePart></name></subject><subject><topic>Jews</topic></subject><subject><topic>Jewish businesspeople</topic></subject><subject><topic>Mineral industries</topic></subject><subject><topic>Mines and mineral resources</topic></subject><subject><genre>Photographs</genre></subject><subject><genre>Group portraits</genre></subject><subject><geographic>Colorado</geographic></subject><relatedItem><titleInfo><title>Beck Archives Photograph Collection, Businesses</title></titleInfo></relatedItem><identifier type="local">B063.01.0009.00016</identifier><location><url usage="primary display">http://hdl.handle.net/10176/codu:59443</url></location><accessCondition type="useAndReproduction">Copyright restrictions may apply. User is responsible for all copyright compliance.</accessCondition></mods>