<mods xmlns="http://www.loc.gov/mods/v3" xmlns:mods="http://www.loc.gov/mods/v3" xmlns:xlink="http://www.w3.org/1999/xlink" xmlns:xsi="http://www.w3.org/2001/XMLSchema-instance"><titleInfo><title>Spivak Institute</title></titleInfo><name type="personal"><namePart>McNamara, Charles</namePart><role><roleTerm authority="marcrelator" type="text">creator</roleTerm></role></name><typeOfResource>still image</typeOfResource><originInfo><publisher>University of Denver</publisher><place><placeTerm type="text">Denver, Colorado</placeTerm></place><dateCreated keyDate="yes">1979</dateCreated></originInfo><language><languageTerm type="text">Inscription is in English.</languageTerm></language><physicalDescription><extent>1 item (photograph), 5 x 7 inches, black and white</extent><note>On envelope: ''#476 Spivak Institute.'' On photograph: ''#476, Spivak Institute, 14th & Lowell Blvd, donor: Charles McNamera, 1979.''</note><form>Photographic prints</form><digitalOrigin>Reformatted digital</digitalOrigin></physicalDescription><abstract>Photograph of former Spivak Institute, now a church on 1400 block of Lowell Boulevard in Denver Colorado.</abstract><note>Description from accession record.</note><note>Title supplied by archivist.</note><note type="admin">ph476</note><subject><name><namePart>Dr. Charles Spivak Educational Institute</namePart></name></subject><subject><topic>Education</topic></subject><subject><topic>Church buildings</topic></subject><subject><genre>Photographs</genre></subject><subject><genre>Exterior views</genre></subject><subject><geographic>Denver (Colo.)</geographic></subject><relatedItem><titleInfo><title>Beck Archives Photograph Collection, Community</title></titleInfo></relatedItem><identifier type="local">B063.02.0010.00010</identifier><location><url usage="primary display">http://hdl.handle.net/10176/codu:60234</url></location><accessCondition type="useAndReproduction">Copyright restrictions may apply. User is responsible for all copyright compliance.</accessCondition></mods>