<mods xmlns="http://www.loc.gov/mods/v3" xmlns:mods="http://www.loc.gov/mods/v3" xmlns:xlink="http://www.w3.org/1999/xlink" xmlns:xsi="http://www.w3.org/2001/XMLSchema-instance"><titleInfo><title>Patient Drinks Milk from the Dairy of the Jewish Consumptives' Relief Society</title></titleInfo><name type="personal"><role><roleTerm authority="marcrelator" type="text">creator</roleTerm></role></name><typeOfResource>still image</typeOfResource><originInfo><publisher>University of Denver</publisher><place><placeTerm type="text">Denver, Colorado</placeTerm></place><dateCreated keyDate="yes">between 1930-1950</dateCreated></originInfo><language></language><physicalDescription><extent>1 item (photograph), 7 x 5 inches, black and white</extent><note>Handwritten on envelope: ''#462 JCRS Patient Activities.''  On back of photograph: ''#462 JCRS Patient drinking milk from JCRS dairy.''</note><form>Photographic prints</form></physicalDescription><abstract>An unidentified patient drinks milk from the dairy of the Jewish Consumptives' Relief Society (JCRS). The JCRS was a sanatorium for tuberculosis patients that was founded in 1904 by a group of immigrant Jewish workingmen along with the support of several leading physicians and rabbis in Denver, Colorado. It was located on West Colfax Avenue just outside of Denver.</abstract><note>Title supplied by archivist.</note><note type="admin">Donated by AMC Cancer Research Center (JCRS).</note><note type="admin">ph462</note><subject><name><namePart>Jewish Consumptives' Relief Society (U.S.)</namePart></name></subject><subject><topic>Jews</topic></subject><subject><topic>Tuberculosis</topic></subject><subject><topic>Hospitals</topic></subject><subject><topic>Sanatoriums</topic></subject><subject><topic>Milk</topic></subject><subject><topic>Dairy farms</topic></subject><subject><topic>Patients</topic></subject><subject><genre>Photographs</genre></subject><subject><genre>Portraits</genre></subject><subject><geographic>Colorado</geographic></subject><subject><geographic>Denver (Colo.)</geographic></subject><subject><geographic>Colfax Avenue (Denver, Colo.)</geographic></subject><subject><geographic>West Colfax (Denver, Colo.)</geographic></subject><subject><geographic>Spivak (Colo.)</geographic></subject><relatedItem><titleInfo><title>Beck Archives Photograph Collection, Health Care and Philanthropy</title></titleInfo></relatedItem><identifier type="local">B063.03.0011.00048</identifier><location><url usage="primary display">http://hdl.handle.net/10176/codu:57285</url></location><accessCondition type="useAndReproduction">Copyright restrictions may apply. User is responsible for all copyright compliance.</accessCondition></mods>