<mods xmlns="http://www.loc.gov/mods/v3" xmlns:mods="http://www.loc.gov/mods/v3" xmlns:xlink="http://www.w3.org/1999/xlink" xmlns:xsi="http://www.w3.org/2001/XMLSchema-instance"><titleInfo><title>Fannie Lorber at Sheltering Home</title></titleInfo><name type="personal"><role><roleTerm authority="marcrelator" type="text">creator</roleTerm></role></name><typeOfResource>still image</typeOfResource><originInfo><publisher>University of Denver</publisher><place><placeTerm type="text">Denver, Colorado</placeTerm></place><dateCreated keyDate="yes">between 1940-1960</dateCreated></originInfo><language></language><physicalDescription><extent>1 item (photograph), 4 x 5 inches, black and white</extent><note>Handwritten on envelope: ''#136 Fannie Lorber at Sheltering Home.''  On back of photograph: ''#136 Silverberg?  Young man shaking hands with gentleman and Fannie Lorber.''</note><form>Photographic prints</form></physicalDescription><abstract>Fannie E. Lorber stands between two unidentified men in front of the National Home for Jewish Children. Mrs. Lorber was one of the founders of the Denver Sheltering Home, which opened in 1908.</abstract><note>Title supplied by archivist.</note><note type="admin">Donated by either Ida Hurwitz or Mr. and Mrs. Ben Glass.</note><note type="admin">ph136</note><subject><name><namePart>Lorber, Fannie E.--(Fannie Eller),--1881-1958</namePart></name></subject><subject><name><namePart>Jewish National Home for Asthmatic Children in Denver</namePart></name></subject><subject><name><namePart>National Home for Jewish Children in Denver</namePart></name></subject><subject><topic>Jewish children</topic></subject><subject><topic>Jews</topic></subject><subject><topic>Medical centers</topic></subject><subject><topic>Group homes for children</topic></subject><subject><topic>Asthmatics</topic></subject><subject><topic>Asthma</topic></subject><subject><genre>Photographs</genre></subject><subject><genre>Event photographs</genre></subject><subject><geographic>Colorado</geographic></subject><subject><geographic>Denver (Colo.)</geographic></subject><subject><geographic>Colfax Avenue (Denver, Colo.)</geographic></subject><subject><geographic>West Colfax (Denver, Colo.)</geographic></subject><subject><geographic>Spivak (Colo.)</geographic></subject><relatedItem><titleInfo><title>Beck Archives Photograph Collection, Health Care and Philanthropy</title></titleInfo></relatedItem><identifier type="local">B063.03.0011.00003</identifier><location><url usage="primary display">http://hdl.handle.net/10176/codu:57326</url></location><accessCondition type="useAndReproduction">Copyright restrictions may apply. User is responsible for all copyright compliance.</accessCondition></mods>