<mods xmlns="http://www.loc.gov/mods/v3" xmlns:mods="http://www.loc.gov/mods/v3" xmlns:xlink="http://www.w3.org/1999/xlink" xmlns:xsi="http://www.w3.org/2001/XMLSchema-instance"><titleInfo><title>Young Girls Playing at National Jewish Hospital</title></titleInfo><name type="personal"><role><roleTerm authority="marcrelator" type="text">creator</roleTerm></role></name><name type="personal"><role><roleTerm authority="marcrelator" type="text">contributor</roleTerm></role></name><name type="corporate"><role><roleTerm authority="marcrelator" type="text">creator</roleTerm></role></name><name type="corporate"><role><roleTerm authority="marcrelator" type="text">contributor</roleTerm></role></name><typeOfResource>still image</typeOfResource><originInfo><place><placeTerm type="text">Denver, Colorado</placeTerm></place><publisher>University of Denver</publisher><dateCreated keyDate="yes">circa 1907</dateCreated></originInfo><language></language><physicalDescription><extent>1 item, (photograph), 8 x 10 inches, sepia</extent><form>Photographic prints</form><digitalOrigin>reformatted digital</digitalOrigin><note>On back of photograph: ''#1141 NJH Pediatric Patients, 1907''.  On envelope: ''Early Historical NJH pictures of Patients and campus''.</note></physicalDescription><abstract>Four girls in dresses sit on the lawn at National Jewish Hospital for Consumptives in Denver, Colorado. Three girls are playing with toys, while one is sewing. The National Jewish Hospital (NJH) worked to prevent tuberculosis by accepting children who seemed susceptible to the disease, while offering good nutrition and plenty of fresh air to keep them healthy. The hospital was founded in 1899.</abstract><note>Title supplied by archivist. ||Appears in ''Images of America, Jewish Denver 1859-1940,'' by Dr. Jeanne Abrams, page 78.</note><subject><topic>Jewish children</topic></subject><subject><topic>Jews</topic></subject><subject><topic>Medical centers</topic></subject><subject><topic>Group homes for children</topic></subject><subject><geographic>Colfax Avenue (Denver, Colo.)</geographic></subject><subject><geographic>Denver (Colo.)</geographic></subject><subject><name><namePart>Denver Sheltering Home for Jewish Children</namePart></name></subject><subject><name><namePart>Jewish National Home for Asthmatic Children in Denver</namePart></name></subject><subject><name><namePart>National Home for Jewish Children in Denver</namePart></name></subject><subject><genre>Group portraits</genre></subject><subject><genre>Photographs</genre></subject><subject><genre>Exterior views</genre></subject><location><url usage="primary display">http://hdl.handle.net/10176/codu:59532</url></location><accessCondition type="useAndReproduction">Copyright restrictions may apply. User is responsible for all copyright compliance.</accessCondition></mods>