<mods xmlns="http://www.loc.gov/mods/v3" xmlns:mods="http://www.loc.gov/mods/v3" xmlns:xlink="http://www.w3.org/1999/xlink" xmlns:xsi="http://www.w3.org/2001/XMLSchema-instance"><titleInfo><title>Gus Cohen</title></titleInfo><name type="personal"><role><roleTerm authority="marcrelator" type="text">creator</roleTerm></role></name><typeOfResource>still image</typeOfResource><originInfo><publisher>University of Denver</publisher><place><placeTerm type="text">Denver, Colorado</placeTerm></place><dateCreated keyDate="yes">undated</dateCreated></originInfo><language></language><physicalDescription><extent>1 item (photograph), 5 x 4 inches, black and white</extent><note>On envelope: "#464 Gus Cohen family of Guffey." On back of photograph: "Gus Cohen, Married to Louise (Laura) Goldburg & parents of Cohen boys, #464." On front of photograph: "Guffey, Colo."</note><form>Photographic prints</form><digitalOrigin>Reformatted digital</digitalOrigin></physicalDescription><abstract>Gus Cohen stands in front of the Post Office in Guffey, Colorado where he served as the postmaster and a justice of the peace.</abstract><note>Title supplied by archivist.</note><note type="admin">Donated by Milton Morris</note><note type="admin">ph464</note><subject><name><namePart>Cohen, Gus</namePart></name></subject><subject><topic>Post office buildings</topic></subject><subject><genre>Photographic prints</genre></subject><subject><genre>Exterior views</genre></subject><subject><geographic>Guffey (Colo.)</geographic></subject><relatedItem><titleInfo><title>Beck Archives Photograph Collection, Community</title></titleInfo></relatedItem><identifier type="local">B063.02.0018.00078</identifier><location><url usage="primary display">http://hdl.handle.net/10176/codu:60331</url></location><accessCondition type="useAndReproduction">Copyright restrictions may apply. User is responsible for all copyright compliance.</accessCondition></mods>