<mods xmlns="http://www.loc.gov/mods/v3" xmlns:mods="http://www.loc.gov/mods/v3" xmlns:xlink="http://www.w3.org/1999/xlink" xmlns:xsi="http://www.w3.org/2001/XMLSchema-instance"><titleInfo><title>Baker and McKenna Boxing Match in Leadville, Colorado</title></titleInfo><name type="personal"><role><roleTerm authority="marcrelator" type="text">creator</roleTerm></role></name><typeOfResource>still image</typeOfResource><originInfo><publisher>University of Denver</publisher><place><placeTerm type="text">Denver, Colorado</placeTerm></place><dateCreated keyDate="yes">12/12/1911</dateCreated></originInfo><language><languageTerm type="text">Inscription is in English.</languageTerm></language><physicalDescription><extent>1 item (photograph), 8 x 10 inches, black and white</extent><note>Handwritten on back of photograph: ''#359, Olympic Athletic Club Boxing match between Baker and McKenna Dec 1 1911  (McKenna's seconds threw up sponge in 10th round).'' On envelope: ''#359 Leadville Boxing Match 1911.''</note><form>Photographic prints</form><digitalOrigin>Reformatted digital</digitalOrigin></physicalDescription><abstract>Boxing match between Howard Baker and Patsy McKenna, being held in Leadville, Colorado. The match was held at the Olympic Athletic Club on December 12, 1911. McKenna's Second (trainer) threw in the sponge in the 10th round.</abstract><note>Title supplied by archivist.</note><note>Full names and exact date were found at www.boxrec.com.</note><note type="admin">Donated by Minette Miller.</note><note type="admin">ph359</note><subject><name><namePart>McKenna, Patsy</namePart></name></subject><subject><name><namePart>Baker, Howard</namePart></name></subject><subject><topic>Boxing</topic></subject><subject><genre>Photographs</genre></subject><subject><genre>Event photographs</genre></subject><subject><geographic>Leadville (Colo.)</geographic></subject><subject><occupation>Boxers (Sports)</occupation></subject><relatedItem><titleInfo><title>Beck Archives Photograph Collection, Community</title></titleInfo></relatedItem><identifier type="local">B063.02.0002.00014</identifier><location><url usage="primary display">http://hdl.handle.net/10176/codu:60209</url></location><accessCondition type="useAndReproduction">Copyright restrictions may apply. User is responsible for all copyright compliance.</accessCondition></mods>