<mods xmlns="http://www.loc.gov/mods/v3" xmlns:mods="http://www.loc.gov/mods/v3" xmlns:xlink="http://www.w3.org/1999/xlink" xmlns:xsi="http://www.w3.org/2001/XMLSchema-instance"><titleInfo><title>Exterior View of Cohen's Store</title></titleInfo><name type="personal"><role><roleTerm authority="marcrelator" type="text">creator</roleTerm></role></name><typeOfResource>still image</typeOfResource><originInfo><publisher>University of Denver</publisher><place><placeTerm type="text">Denver, Colorado</placeTerm></place><dateCreated keyDate="yes">circa 1890</dateCreated></originInfo><language></language><physicalDescription><extent>1 item (photograph), 8  x 10 inches,</extent><note>Handwritten on envelope: "# 655 Sam Cohen and family in front of Cohen's store, Fairplay, ca. 1890." Handwritten on front of photograph: "S. Cohen Groceries Fairplay, CO."</note><form>Photomechanical prints</form><digitalOrigin>Reformatted digital</digitalOrigin></physicalDescription><abstract>Street view of Fairplay, Colorado.  Sam Cohen's grocery store can be seen in the right foreground.  Several unidentified individuals stand in the street and on the boardwalks.</abstract><note>Title supplied by archivist.</note><note type="admin">ph655</note><subject><name><namePart>Cohen, Sam</namePart></name></subject><subject><name><namePart>S. Cohen Groceries</namePart></name></subject><subject><topic>Jews</topic></subject><subject><topic>Jewish businesspeople</topic></subject><subject><topic>Jewish merchants</topic></subject><subject><genre>Photographs</genre></subject><subject><geographic>Fairplay (Colo.)</geographic></subject><subject><geographic>Colorado</geographic></subject><relatedItem><titleInfo><title>Beck Archives Photograph Collection, Businesses</title></titleInfo></relatedItem><identifier type="local">B063.01.0001.00035</identifier><location><url usage="primary display">http://hdl.handle.net/10176/codu:59459</url></location><accessCondition type="useAndReproduction">Copyright restrictions may apply. User is responsible for all copyright compliance.</accessCondition></mods>