<mods xmlns="http://www.loc.gov/mods/v3" xmlns:mods="http://www.loc.gov/mods/v3" xmlns:xlink="http://www.w3.org/1999/xlink" xmlns:xsi="http://www.w3.org/2001/XMLSchema-instance"><titleInfo><title>Exterior of Orlinsky Grocery Store</title></titleInfo><name type="personal"><role><roleTerm authority="marcrelator" type="text">creator</roleTerm></role></name><typeOfResource>still image</typeOfResource><originInfo><publisher>University of Denver</publisher><place><placeTerm type="text">Denver, Colorado</placeTerm></place><dateCreated keyDate="yes">between 1908-1912</dateCreated></originInfo><language></language><physicalDescription><extent>2 item (photograph), 4 x 5 inches, black and white</extent><note>Handwritten on envelope: "#306 Orlinsky Grocery."  Handwritten notes on back of photograph: "#306 Orlinsky Grocery" and "Orlinsky Grocery, corner 8th & Mariposa."</note><form>Photographic prints</form><digitalOrigin>Reformatted digital</digitalOrigin></physicalDescription><abstract>Exterior of Orlinsky's Cash Grocery and Meat Market. There is a large Quaker Oats advertisement on the side of the building and three people are standing between two trees in front of the entrance. The grocery store was at 8th and Mariposa in Denver, Colorado.</abstract><note>Title supplied by archivist.</note><note type="admin">ph306</note><subject><name><namePart>Orlinsky's Cash Grocery and Meat Market</namePart></name></subject><subject><topic>Jews</topic></subject><subject><topic>Jewish women</topic></subject><subject><topic>Jewish merchants</topic></subject><subject><topic>Grocery trade</topic></subject><subject><genre>Photographs</genre></subject><subject><genre>Exterior views</genre></subject><subject><geographic>Denver (Colo.)</geographic></subject><subject><geographic>Colorado</geographic></subject><subject><occupation>Merchants</occupation></subject><relatedItem><titleInfo><title>Beck Archives Photograph Collection, Businesses</title></titleInfo></relatedItem><identifier type="local">B063.01.0017.00004</identifier><location><url usage="primary display">http://hdl.handle.net/10176/codu:59444</url></location><accessCondition type="useAndReproduction">Copyright restrictions may apply. User is responsible for all copyright compliance.</accessCondition></mods>