<mods xmlns="http://www.loc.gov/mods/v3" xmlns:mods="http://www.loc.gov/mods/v3" xmlns:xlink="http://www.w3.org/1999/xlink" xmlns:xsi="http://www.w3.org/2001/XMLSchema-instance"><titleInfo><title>Interior of Kobey Shoe and Clothing Company</title></titleInfo><name type="personal"><role><roleTerm authority="marcrelator" type="text">creator</roleTerm></role></name><typeOfResource>still image</typeOfResource><originInfo><publisher>University of Denver</publisher><place><placeTerm type="text">Denver, Colorado</placeTerm></place><dateCreated keyDate="yes">1911</dateCreated></originInfo><language></language><physicalDescription><extent>1 item (photograph), 4 x 5 inches, black and white</extent><note>Handwritten on envelope: ''#697 Kobey.''  On back of photograph: ''#697 Interior Kobey Store,  Aspen, 1911,  Mrs. Ben Kobey (Hattie), Mark Kobey, Albert Kobey, Homer Von Loon, John Parsons''.</note><form>Photographic prints</form><digitalOrigin>Reformatted digital</digitalOrigin></physicalDescription><abstract>Interior of the Kobey Shoe and Clothing Company in Aspen, Colorado. Left to right: Mrs. Ben Kobey (Hattie), Mark Kobey, Albert Kobey, Homer Von Loon, and John Parsons stand in the store.</abstract><note>Title supplied by archivist.</note><note type="admin">ph697</note><subject><name><namePart>Kobey family</namePart></name></subject><subject><name><namePart>Von Loon, Homer</namePart></name></subject><subject><name><namePart>Kobey, Albert L.,--1891-1951</namePart></name></subject><subject><name><namePart>Kobey, Mark G.,--1864-</namePart></name></subject><subject><name><namePart>Kobey, Benjamin R.,--Mrs.</namePart></name></subject><subject><name><namePart>Parsons, John</namePart></name></subject><subject><name><namePart>Kobey Shoe and Clothing Company (Aspen, Colo.)</namePart></name></subject><subject><topic>Jews</topic></subject><subject><topic>Jewish merchants</topic></subject><subject><genre>Photographs</genre></subject><subject><genre>Interior views</genre></subject><subject><geographic>Aspen (Colo.)</geographic></subject><subject><geographic>Colorado</geographic></subject><relatedItem><titleInfo><title>Beck Archives Photograph Collection, Businesses</title></titleInfo></relatedItem><identifier type="local">B063.01.0017.00034</identifier><location><url usage="primary display">http://hdl.handle.net/10176/codu:59405</url></location><accessCondition type="useAndReproduction">Copyright restrictions may apply. User is responsible for all copyright compliance.</accessCondition></mods>