<mods xmlns="http://www.loc.gov/mods/v3" xmlns:mods="http://www.loc.gov/mods/v3" xmlns:xlink="http://www.w3.org/1999/xlink" xmlns:xsi="http://www.w3.org/2001/XMLSchema-instance"><titleInfo><title>Beth Israel Hospital and Geriatric Center</title></titleInfo><name type="personal"><namePart>Beth Israel Hospital and Geriatric Center (Denver, Colo.)</namePart><role><roleTerm authority="marcrelator" type="text">creator</roleTerm></role></name><typeOfResource>still image</typeOfResource><originInfo><publisher>University of Denver</publisher><place><placeTerm type="text">Denver, Colorado</placeTerm></place><dateCreated keyDate="yes">between 1920-1946</dateCreated></originInfo><language></language><physicalDescription><extent>1 item (photograph), 5 x 7 inches, black and white</extent><note>Handwritten on envelope: ''#586 Beth Israel Hospital and Geriatric Center  Guldman and Dupler Bldgs.''.   On back of photograph: ''#586 Beth Israel Hospital and Geriatric Center  Guldman and Dupler Bldgs''.</note><form>Photographic prints</form></physicalDescription><abstract>Exterior view of Beth Israel Hospital and Geriatric Center in Denver, Colorado. Beth Israel was founded in 1905 and was located on the west side of Denver at 16th Avenue and Lowell Boulevard. Pictured are the Guldman and Dupler Buildings.</abstract><note>Title supplied by archivist.</note><note type="admin">Donated by Beth Israel Hospital and Geriatric Center.</note><note type="admin">ph586</note><subject><name><namePart>Beth Israel Hospital (Denver, Colo.)</namePart></name></subject><subject><name><namePart>Guldman Building (Denver Colo.)</namePart></name></subject><subject><name><namePart>Beth Israel Home for the Aged (Denver, Colo.)</namePart></name></subject><subject><name><namePart>Dupler Building (Denver Colo.)</namePart></name></subject><subject><name><namePart>Beth Israel Hospital and Home Society (Denver, Colo.)</namePart></name></subject><subject><topic>Jewish hospitals</topic></subject><subject><topic>Jewish old age homes</topic></subject><subject><topic>Jews</topic></subject><subject><topic>Nursing homes</topic></subject><subject><topic>Hospitals</topic></subject><subject><topic>Geriatrics</topic></subject><subject><topic>Buildings</topic></subject><subject><genre>Photographs</genre></subject><subject><genre>Exterior views</genre></subject><subject><geographic>Colorado</geographic></subject><subject><geographic>Denver (Colo.)</geographic></subject><subject><geographic>West Colfax (Denver, Colo.)</geographic></subject><relatedItem><titleInfo><title>Beck Archives Photograph Collection, Health Care and Philanthropy</title></titleInfo></relatedItem><identifier type="local">B063.03.0011.00066</identifier><location><url usage="primary display">http://hdl.handle.net/10176/codu:57329</url></location><accessCondition type="useAndReproduction">Copyright restrictions may apply. User is responsible for all copyright compliance.</accessCondition></mods>