<mods xmlns="http://www.loc.gov/mods/v3" xmlns:mods="http://www.loc.gov/mods/v3" xmlns:xlink="http://www.w3.org/1999/xlink" xmlns:xsi="http://www.w3.org/2001/XMLSchema-instance"><titleInfo><title>Advertisement for the Palm Theatre</title></titleInfo><name type="personal"><role><roleTerm authority="marcrelator" type="text">creator</roleTerm></role></name><name type="personal"><namePart>Denver Jewish News</namePart><role><roleTerm authority="marcrelator" type="text">contributor</roleTerm></role></name><typeOfResource>still image</typeOfResource><originInfo><publisher>University of Denver</publisher><place><placeTerm type="text">Denver, Colorado</placeTerm></place><dateCreated keyDate="yes">12/1923</dateCreated></originInfo><language><languageTerm type="text">Inscription is in English.</languageTerm></language><physicalDescription><extent>1 item (photograph), 10 x 8 inches, black and white</extent><note>On back of photograph: ''From Denver Jewish News, c. 1923.''</note><form>Photographic prints</form></physicalDescription><abstract>Advertisement for the Yiddish theater at the Palm Theatre that appeared in the Denver Jewish News. The theater was located at 3116 West Colfax Avenue in Denver, Colorado. The main drama was ''The Second Wife'' on December 25, 1923. The Jewish Theatre was established by the Jewish Theatrical Company, organized by the Josephson family. The Jewish Theatrical Company operated from 1922 to 1926.</abstract><note>Title supplied by archivist.</note><note type="admin">Donated by the Denver Jewish News.</note><note type="admin">ph428</note><subject><name><namePart>Josephson family</namePart></name></subject><subject><name><namePart>Palm Theatre</namePart></name></subject><subject><name><namePart>Denver Jewish News</namePart></name></subject><subject><name><namePart>Intermountain Jewish News</namePart></name></subject><subject><topic>Jewish theater</topic></subject><subject><topic>Theater, Yiddish</topic></subject><subject><topic>Social life and customs</topic></subject><subject><topic>Advertising</topic></subject><subject><topic>Jews</topic></subject><subject><genre>Advertising</genre></subject><subject><geographic>Denver (Colo.)</geographic></subject><subject><geographic>Colfax Avenue (Denver, Colo.)</geographic></subject><subject><geographic>West Colfax (Denver, Colo.)</geographic></subject><subject><occupation>Theatrical producers and directors</occupation></subject><relatedItem><titleInfo><title>Beck Archives Photograph Collection, Community</title></titleInfo></relatedItem><identifier type="local">B063.02.0002.00017</identifier><location><url usage="primary display">http://hdl.handle.net/10176/codu:57315</url></location><accessCondition type="useAndReproduction">Copyright restrictions may apply. User is responsible for all copyright compliance.</accessCondition></mods>