<mods xmlns="http://www.loc.gov/mods/v3" xmlns:mods="http://www.loc.gov/mods/v3" xmlns:xlink="http://www.w3.org/1999/xlink" xmlns:xsi="http://www.w3.org/2001/XMLSchema-instance"><titleInfo><title>Schachet Mercantile Company</title></titleInfo><name type="personal"><role><roleTerm authority="marcrelator" type="text">creator</roleTerm></role></name><typeOfResource>still image</typeOfResource><originInfo><publisher>University of Denver</publisher><place><placeTerm type="text">Denver, Colorado</placeTerm></place><dateCreated keyDate="yes">6/27/1982</dateCreated></originInfo><language></language><physicalDescription><extent>1 item (photograph), 5 x 4 inches, color</extent><note>Handwritten on envelope: ''#558 RMJHS Historic Denver Tour Roll II 6-27-82''.  On back of photograph: ''6/27/82 II 16A-17 Schachet Mercantile''.</note><form>Photographic prints</form></physicalDescription><abstract>Exterior view of the Schachet Mercantile Company on West Colfax Avenue in Denver, Colorado. The building was originally built as a saloon in 1896, rented by Eli Schachet and his sons in 1918 and served as the headquarters for their meat and fish store until it closed in 1981.</abstract><note>Title supplied by archivist.</note><note type="admin">Donated by Peryle Hayutin Beck.</note><note type="admin">ph558</note><subject><name><namePart>Schachet, Eli</namePart></name></subject><subject><name><namePart>Schachet, Nelson,--1903-1992</namePart></name></subject><subject><name><namePart>Schachet family</namePart></name></subject><subject><name><namePart>Schachet Mercantile Company (Denver, Colo.)</namePart></name></subject><subject><topic>Jews</topic></subject><subject><topic>Jewish merchants</topic></subject><subject><topic>Factories</topic></subject><subject><topic>Kosher food</topic></subject><subject><topic>Delicatessens</topic></subject><subject><genre>Photographs</genre></subject><subject><genre>Exterior views</genre></subject><subject><geographic>Denver (Colo.)</geographic></subject><subject><geographic>West Colfax (Denver, Colo.)</geographic></subject><subject><geographic>Colfax Avenue (Denver, Colo.)</geographic></subject><subject><geographic>Colorado</geographic></subject><subject><occupation>Butchers</occupation></subject><relatedItem><titleInfo><title>Beck Archives Photograph Collection, Businesses</title></titleInfo></relatedItem><identifier type="local">B063.01.0017.00027</identifier><location><url usage="primary display">http://hdl.handle.net/10176/codu:57304</url></location><accessCondition type="useAndReproduction">Copyright restrictions may apply. User is responsible for all copyright compliance.</accessCondition></mods>