<mods xmlns="http://www.loc.gov/mods/v3" xmlns:mods="http://www.loc.gov/mods/v3" xmlns:xlink="http://www.w3.org/1999/xlink" xmlns:xsi="http://www.w3.org/2001/XMLSchema-instance"><titleInfo><title>Shul Baer Milstein Sits with a Long Pipe</title></titleInfo><name type="personal"><role><roleTerm authority="marcrelator" type="text">creator</roleTerm></role></name><name type="personal"><role><roleTerm authority="marcrelator" type="text">contributor</roleTerm></role></name><name type="corporate"><role><roleTerm authority="marcrelator" type="text">creator</roleTerm></role></name><name type="corporate"><role><roleTerm authority="marcrelator" type="text">contributor</roleTerm></role></name><typeOfResource>still image</typeOfResource><originInfo><publisher>University of Denver</publisher><place><placeTerm type="text">Denver, Colorado</placeTerm></place><dateCreated keyDate="yes">circa 1895</dateCreated></originInfo><language></language><physicalDescription><extent>1 item (photograph), 5.5 x 4 inches, black and white</extent><note>Handwritten on back of photograph: ''Shul Baer Milstein, 1880s.''</note><form>Photographic prints</form><digitalOrigin>reformatted digital</digitalOrigin></physicalDescription><abstract>Shul Baer Milstein, wearing a yarmulka and smoking a long pipe, sits at a table with an open Talmud in front of him. A tapestry hangs on the wall behind his chair. Milstein, who immigrated from Russia, was an early leader in Denver's west side Orthodox Jewish community and in Congregation Zera Abraham. He was also a patriarch of the Cotopaxi Colony, an agricultural community located in Cotopaxi, Colorado that failed in 1884. Shul Baer Milstein and his wife Miriam never lived in Cotopaxi Colony. He was a peddler and later opened his own kosher butcher shop.</abstract><note>Title supplied by archivist.</note><note>Appears in ''Images of America: Jewish Denver 1859-1940,'' by Dr. Jeanne Abrams, on page 65.</note><note type="admin">Donated by Freda Toltz</note><note type="admin">1060</note><subject><name><namePart>Milstein, Shul Baer,--d. 1915</namePart></name></subject><subject><name><namePart>Congregation Zera Abraham (Denver, Colo.)</namePart></name></subject><subject><topic>Jewish men</topic></subject><subject><topic>Jewish businesspeople</topic></subject><subject><topic>Social life and customs</topic></subject><subject><genre>Portraits</genre></subject><subject><genre>Photographs</genre></subject><subject><geographic>Colorado</geographic></subject><subject><geographic>Cotopaxi (Colo.)</geographic></subject><subject><geographic>Denver (Colo.)</geographic></subject><subject><geographic>West Colfax (Denver, Colo.)</geographic></subject><subject><geographic>Colfax Avenue (Denver, Colo.)</geographic></subject><subject><occupation>Butchers</occupation></subject><subject><occupation>Civic leaders</occupation></subject><subject><occupation>Peddlers and peddling</occupation></subject><relatedItem><titleInfo><title>Beck Archives Photograph Collection, Individuals</title></titleInfo></relatedItem><identifier type="local">B063.08.0039.00001</identifier><location><url usage="primary display">http://hdl.handle.net/10176/codu:37768</url></location><accessCondition type="useAndReproduction">Copyright restrictions may apply. User is responsible for all copyright compliance.</accessCondition></mods>