<mods xmlns="http://www.loc.gov/mods/v3" xmlns:mods="http://www.loc.gov/mods/v3" xmlns:xlink="http://www.w3.org/1999/xlink" xmlns:xsi="http://www.w3.org/2001/XMLSchema-instance"><titleInfo><title>The Klein Family of New York at the National Home for Jewish Children at Denver</title></titleInfo><name type="personal"><role><roleTerm authority="marcrelator" type="text">creator</roleTerm></role></name><typeOfResource>still image</typeOfResource><originInfo><publisher>University of Denver</publisher><place><placeTerm type="text">Denver, Colorado</placeTerm></place><dateCreated keyDate="yes">1931</dateCreated></originInfo><language></language><physicalDescription><extent>1 item (photograph), 5 x 7 inches, black and white</extent><note>Handwritten on envelope: ''#388 Residents of Nat. Home for Jewish Children'' and ''Jewish Sheltering Home 1910-1950s''.  On back of photograph: ''#388 The Klein's of New York  Mother Tuberculous  Four in one Family.  National Home for Jewish Children at Denver   1931  L- Fannie Lubton  Front row - Sara Klein, R - Rosie Klein   Julius Klein   ___  Klein''.</note><form>Photographic prints</form></physicalDescription><abstract>The four children of the Klein family of New York with another child. From left to right is Fannie Lukton, Sara Klein, Rosie Klein, Julius Klein and their brother whose first name is unknown.</abstract><note>Title supplied by archivist.</note><note type="admin">Donated by the National Asthma Center.</note><note type="admin">ph388</note><subject><name><namePart>Lukton, Fannie</namePart></name></subject><subject><name><namePart>Klein, Sara</namePart></name></subject><subject><name><namePart>Klein, Rosie</namePart></name></subject><subject><name><namePart>Klein, Julius</namePart></name></subject><subject><name><namePart>Klein family</namePart></name></subject><subject><name><namePart>National Home for Jewish Children in Denver</namePart></name></subject><subject><topic>Jewish children</topic></subject><subject><topic>Jews</topic></subject><subject><topic>Medical centers</topic></subject><subject><topic>Group homes for children</topic></subject><subject><topic>Rehabilitation</topic></subject><subject><topic>Children</topic></subject><subject><topic>Tuberculosis</topic></subject><subject><genre>Photographs</genre></subject><subject><genre>Group portraits</genre></subject><subject><geographic>Colorado</geographic></subject><subject><geographic>Denver (Colo.)</geographic></subject><subject><geographic>Colfax Avenue (Denver, Colo.)</geographic></subject><relatedItem><titleInfo><title>Beck Archives Photograph Collection, Health Care and Philanthropy</title></titleInfo></relatedItem><identifier type="local">B063.03.0011.00072</identifier><location><url usage="primary display">http://hdl.handle.net/10176/codu:57307</url></location><accessCondition type="useAndReproduction">Copyright restrictions may apply. User is responsible for all copyright compliance.</accessCondition></mods>