<mods xmlns="http://www.loc.gov/mods/v3" xmlns:mods="http://www.loc.gov/mods/v3" xmlns:xlink="http://www.w3.org/1999/xlink" xmlns:xsi="http://www.w3.org/2001/XMLSchema-instance"><titleInfo><title>Isadore Hershkowitz in Uncle Sam's Bar and Grill</title></titleInfo><name type="personal"><role><roleTerm authority="marcrelator" type="text">creator</roleTerm></role></name><typeOfResource>still image</typeOfResource><originInfo><publisher>University of Denver</publisher><place><placeTerm type="text">Denver, Colorado</placeTerm></place><dateCreated keyDate="yes">1935</dateCreated></originInfo><language><languageTerm type="text">Inscription is in English.</languageTerm></language><physicalDescription><extent>1 item (photograph), 8 x 10 inches,</extent><note>Handwritten on envelope: "197 Herskowitz in Uncle Sam's Bar and Grill, 1935."  Handwritten on the front of the photograph: ''Isadore Hershkowitz."  Handwritten on back of photograph: "1935- 1860 Curtis St.- 'Uncle Sam's Bar and Grill,' MMJ 14, Isadore Hershkowitz in picture!, He is now 92- & of sound mind!, He lives in the Allied Council Apts. at 11 So. Adams St., #196 (197?), Return to Belle Marcus, Center for Judaic Studies, University of Denver, Denver Co 80208."</note><form>Photographic prints</form><digitalOrigin>Reformatted digital</digitalOrigin></physicalDescription><abstract>Isadore Herskowitz is standing behind the bar at Uncle Sam's Bar and Grill at 1860 Curtis St., Denver, Colorado.</abstract><note>Title supplied by archivist.</note><note type="admin">ph196 (ph197)</note><subject><name><namePart>Hershkowitz, Isadore</namePart></name></subject><subject><name><namePart>Uncle Sam's Bar and Grill</namePart></name></subject><subject><topic>Jews</topic></subject><subject><genre>Interior views</genre></subject><subject><geographic>Denver (Colo.)</geographic></subject><subject><geographic>Colorado</geographic></subject><relatedItem><titleInfo><title>Beck Archives Photograph Collection, Businesses</title></titleInfo></relatedItem><identifier type="local">B063.01.0001.00022</identifier><location><url usage="primary display">http://hdl.handle.net/10176/codu:59463</url></location><accessCondition type="useAndReproduction">Copyright restrictions may apply. User is responsible for all copyright compliance.</accessCondition></mods>