<mods xmlns="http://www.loc.gov/mods/v3" xmlns:mods="http://www.loc.gov/mods/v3" xmlns:xlink="http://www.w3.org/1999/xlink" xmlns:xsi="http://www.w3.org/2001/XMLSchema-instance"><titleInfo><title>Rabbi Elias Hillkowitz</title></titleInfo><name type="personal"><role><roleTerm authority="marcrelator" type="text">creator</roleTerm></role></name><typeOfResource>still image</typeOfResource><originInfo><publisher>University of Denver</publisher><place><placeTerm type="text">Denver, Colorado</placeTerm></place><dateCreated keyDate="yes">circa 1910</dateCreated></originInfo><language></language><physicalDescription><extent>1 item (photograph), 7 x 5 inches, black and white</extent><note>On back of photograph: ''Rabbi Elias Hillkowitz.''</note><form>Photographic prints</form></physicalDescription><abstract>Rabbi Elias Hillkowitz was considered the dean of Denver's early west-side Orthodox Jewish rabbis. He was an early supporter of the Jewish Consumptives' Relief Society (JCRS), where his son, Dr. Philip Hillkowitz, served as president from 1904 to 1948. Rabbi Hillkowitz suggested the JCRS motto from the Talmud: ''He who saves one life saves the world.''</abstract><note>Title supplied by archivist.</note><note>Appears in ''Images of America: Jewish Denver 1859-1940,'' by Dr. Jeanne Abrams, page 67.</note><note type="admin">Photograph from JCRS publication, The Sanatorium.</note><note type="admin">ph1132</note><subject><name><namePart>Hillkowitz, Elias H.</namePart></name></subject><subject><name><namePart>Jewish Consumptives' Relief Society (U.S.)</namePart></name></subject><subject><topic>Jews</topic></subject><subject><topic>Jewish men</topic></subject><subject><topic>Sanatoriums</topic></subject><subject><topic>Tuberculosis</topic></subject><subject><topic>Orthodox Judaism</topic></subject><subject><genre>Portraits</genre></subject><subject><genre>Photographs</genre></subject><subject><geographic>Colorado</geographic></subject><subject><geographic>Denver (Colo.)</geographic></subject><subject><occupation>Rabbis</occupation></subject><relatedItem><titleInfo><title>Beck Archives Photograph Collection, Religious Life</title></titleInfo></relatedItem><identifier type="local">B063.06.0014.00002</identifier><location><url usage="primary display">http://hdl.handle.net/10176/codu:37776</url></location><accessCondition type="useAndReproduction">Copyright restrictions may apply. User is responsible for all copyright compliance.</accessCondition></mods>