<mods xmlns="http://www.loc.gov/mods/v3" xmlns:mods="http://www.loc.gov/mods/v3" xmlns:xlink="http://www.w3.org/1999/xlink" xmlns:xsi="http://www.w3.org/2001/XMLSchema-instance"><titleInfo><title>Exterior of Hebrew Education Alliance</title></titleInfo><name type="personal"><namePart>McNamara, Charles</namePart><role><roleTerm authority="marcrelator" type="text">creator</roleTerm></role></name><typeOfResource>still image</typeOfResource><originInfo><publisher>University of Denver</publisher><place><placeTerm type="text">Denver, Colorado</placeTerm></place><dateCreated keyDate="yes">circa 1978</dateCreated></originInfo><language></language><physicalDescription><extent>1 item (photograph), 5 x 7 inches, black and white</extent><form>Photographic prints</form></physicalDescription><abstract>The Hebrew Educational Alliance's original building at West Colfax and Meade Street. It was founded in 1932 and became the largest congregation on Denver's west side. The Hebrew Educational Alliance was created as a result of the ''alliance'' between the Beth David Hebrew School Sisterhood and Brotherhood, and the Denver Hebrew Institute. On October 25, 1932, Rabbi Manuel Laderman arrived in Denver to serve as the first Rabbi of the Hebrew Educational Alliance. The combined synagogue and Hebrew School was organized along Orthodox lines. When the Alliance moved into another building, the original building became the Golden West Nursing Home.</abstract><note>Title supplied by archivist.</note><note>Courtesy of Charles McNamara.</note><note>Photograph was mislaid and was replaced by another print.</note><note>Appears in ''Images of America: Jewish Denver 1859-1940,'' by Dr. Jeanne Abrams, page 68.</note><note type="admin">Donated by the photographer, Dr. Charles Mcnamara.</note><note type="admin">ph222</note><subject><name><namePart>Laderman, Manuel,--1909-1989</namePart></name></subject><subject><name><namePart>Hebrew Educational Alliance (Denver, Colo.)</namePart></name></subject><subject><topic>Jewish religious schools</topic></subject><subject><topic>Orthodox Judaism</topic></subject><subject><genre>Exterior views</genre></subject><subject><geographic>Colorado</geographic></subject><subject><geographic>Denver (Colo.)</geographic></subject><subject><geographic>West Colfax (Denver, Colo.)</geographic></subject><relatedItem><titleInfo><title>Beck Archives Photograph Collection, Religious Life</title></titleInfo></relatedItem><identifier type="local">B063.06.0014.00004</identifier><location><url usage="primary display">http://hdl.handle.net/10176/codu:57332</url></location><accessCondition type="useAndReproduction">Copyright restrictions may apply. User is responsible for all copyright compliance.</accessCondition></mods>