<mods xmlns="http://www.loc.gov/mods/v3" xmlns:mods="http://www.loc.gov/mods/v3" xmlns:xlink="http://www.w3.org/1999/xlink" xmlns:xsi="http://www.w3.org/2001/XMLSchema-instance"><titleInfo><title>Portrait of Anna Ginsberg Hayutin</title></titleInfo><name type="personal"><role><roleTerm authority="marcrelator" type="text">creator</roleTerm></role></name><typeOfResource>still image</typeOfResource><originInfo><publisher>University of Denver</publisher><place><placeTerm type="text">Denver, Colorado</placeTerm></place><dateCreated keyDate="yes">circa 1912</dateCreated></originInfo><language></language><physicalDescription><extent>1 item (photograph), 5 x 4 inches., black and white</extent><note>On back of photograph: ''#465 Anna F. Hayutin 1912? (Mrs. Morris Hayutin)''. On envelope: ''#465 Hayutin Family''.</note><form>Photographic prints</form></physicalDescription><abstract>Anna Ginsberg Hayutin sits with her hands folded on her lap. She wears an elaborate hat and a long dress with lace at the collar and sleeves. Anna Ginsberg was born in Russia but came to New York City with her parents, D'vera and Max Ginsberg. They moved to Denver in 1910 when she was still a young girl. Anna married the son of Russian immigrants, businessman Morris Hayutin, who owned the Western Supply Company and later the Public Industrial Bank.</abstract><note>Title supplied by archivist.</note><note>Pictured in ''Jewish Denver 1859-1940,'' by Dr. Jeanne Abrams, page 99.</note><note type="admin">Donated by Peryle Hayutin Beck.</note><note type="admin">465</note><subject><name><namePart>Hayutin, Anna Ginsberg,--1893-1973</namePart></name></subject><subject><topic>Jews</topic></subject><subject><topic>Jewish women</topic></subject><subject><topic>Social life and customs</topic></subject><subject><genre>Photographs</genre></subject><subject><genre>Portraits</genre></subject><subject><geographic>Colorado</geographic></subject><subject><geographic>Denver (Colo.)</geographic></subject><relatedItem><titleInfo><title>Beck Archives Photograph Collection, Individuals</title></titleInfo></relatedItem><identifier type="local">B063.08.0047.00002</identifier><location><url usage="primary display">http://hdl.handle.net/10176/codu:59775</url></location><accessCondition type="useAndReproduction">Copyright restrictions may apply. User is responsible for all copyright compliance.</accessCondition></mods>