<mods xmlns="http://www.loc.gov/mods/v3" xmlns:mods="http://www.loc.gov/mods/v3" xmlns:xlink="http://www.w3.org/1999/xlink" xmlns:xsi="http://www.w3.org/2001/XMLSchema-instance"><titleInfo><title>Anna Hillkowitz</title></titleInfo><name type="personal"><role><roleTerm authority="marcrelator" type="text">creator</roleTerm></role></name><typeOfResource>still image</typeOfResource><originInfo><publisher>University of Denver</publisher><place><placeTerm type="text">Denver, Colorado</placeTerm></place><dateCreated keyDate="yes">1907</dateCreated></originInfo><language></language><physicalDescription><extent>1 item (photograph), 2 x 3 inches., black and white</extent><note>On back of photograph: ''Anna Hillkowitz, c. 1907.''</note><form>Photographic prints</form></physicalDescription><abstract>Anna Hillkowitz in a formal pose is wearing eyeglasses, a necklace, and a large hat.</abstract><note>Title from back of photograph.</note><note type="admin">Photograph from JCRS publication, The Sanatorium.</note><note type="admin">706</note><subject><name><namePart>Hillkowitz, Anna</namePart></name></subject><subject><name><namePart>Jewish Consumptives' Relief Society (U.S.)</namePart></name></subject><subject><topic>Jews</topic></subject><subject><topic>Jewish women</topic></subject><subject><topic>Sanatoriums</topic></subject><subject><topic>Tuberculosis</topic></subject><subject><genre>Portraits</genre></subject><subject><genre>Photographs</genre></subject><subject><geographic>Colorado</geographic></subject><subject><geographic>Denver (Colo.)</geographic></subject><subject><occupation>Fund raisers (Persons)</occupation></subject><subject><occupation>Librarians</occupation></subject><relatedItem><titleInfo><title>Beck Archives Photograph Collection, Individuals</title></titleInfo></relatedItem><identifier type="local">B063.08.0024.00002</identifier><location><url usage="primary display">http://hdl.handle.net/10176/codu:59750</url></location><accessCondition type="useAndReproduction">Copyright restrictions may apply. User is responsible for all copyright compliance.</accessCondition></mods>