<mods xmlns="http://www.loc.gov/mods/v3" xmlns:mods="http://www.loc.gov/mods/v3" xmlns:xlink="http://www.w3.org/1999/xlink" xmlns:xsi="http://www.w3.org/2001/XMLSchema-instance"><titleInfo><title>Boys Milking a Tuberculin-Tested Cow</title></titleInfo><name type="personal"><role><roleTerm authority="marcrelator" type="text">creator</roleTerm></role></name><typeOfResource>still image</typeOfResource><originInfo><publisher>University of Denver</publisher><place><placeTerm type="text">Denver, Colorado</placeTerm></place><dateCreated keyDate="yes">circa 1932</dateCreated></originInfo><language></language><physicalDescription><extent>1 item (photograph), 4  x 5 inches, black and white</extent><note>Handwritten on envelope: ''#388 Residents of Nat. Home for Jewish Children'' and ''Jewish Sheltering Home 1910-1950s''.  On back of photograph: ''#388 Summertime Volunteers Milking Tuberculin-Tested Cows  National Home for Jewish Children at Denver  c 1932  Sammy Israel and Irving Israel''.</note><form>Photographic prints</form></physicalDescription><abstract>Sammy Israel and Irving Israel milk a tuberculin-tested cow. The boys were summertime volunteers in the care of the National Home for Jewish Children at Denver, which later became part of the National Jewish Hospital.</abstract><note>Title supplied by archivist.</note><note type="admin">Donated by the National Asthma Center.</note><note type="admin">ph388</note><subject><name><namePart>Israel, Sammy</namePart></name></subject><subject><name><namePart>Israel, Irving</namePart></name></subject><subject><name><namePart>National Home for Jewish Children in Denver</namePart></name></subject><subject><topic>Jewish children</topic></subject><subject><topic>Jews</topic></subject><subject><topic>Medical centers</topic></subject><subject><topic>Group homes for children</topic></subject><subject><topic>Rehabilitation</topic></subject><subject><topic>Children</topic></subject><subject><topic>Cows</topic></subject><subject><topic>Boys</topic></subject><subject><genre>Photographs</genre></subject><subject><geographic>Colorado</geographic></subject><subject><geographic>Denver (Colo.)</geographic></subject><subject><geographic>Colfax Avenue (Denver, Colo.)</geographic></subject><relatedItem><titleInfo><title>Beck Archives Photograph Collection, Health Care and Philanthropy</title></titleInfo></relatedItem><identifier type="local">B063.03.0011.00081</identifier><location><url usage="primary display">http://hdl.handle.net/10176/codu:57327</url></location><accessCondition type="useAndReproduction">Copyright restrictions may apply. User is responsible for all copyright compliance.</accessCondition></mods>