<mods xmlns="http://www.loc.gov/mods/v3" xmlns:mods="http://www.loc.gov/mods/v3" xmlns:xlink="http://www.w3.org/1999/xlink" xmlns:xsi="http://www.w3.org/2001/XMLSchema-instance"><titleInfo><title>Adolph Kiesler in Front of Peerless Smelting Works</title></titleInfo><name type="personal"><role><roleTerm type="text">creator</roleTerm></role></name><typeOfResource>still image</typeOfResource><originInfo><publisher>University of Denver</publisher></originInfo><originInfo><place><placeTerm type="text">Denver, Colorado</placeTerm></place></originInfo><originInfo><dateCreated keyDate="yes">circa 1908</dateCreated></originInfo><language></language><physicalDescription><extent>1 item, (photograph), 3 x 4 inches, black and white</extent></physicalDescription><physicalDescription><note>Handwritten on top of page: "Scan Smelting Works #032."</note></physicalDescription><physicalDescription><form authority="lctgm">Halftone photomechanical prints</form></physicalDescription><physicalDescription></physicalDescription><abstract>Exterior view of Peerless Smelting Works at 2022 West Colfax Avenue in Denver, Colorado. Adolph Kiesler, standing in the center, started the Peerless Alloy Company in Denver in 1908.</abstract><note type="ownership">Copy donated by Peggy Lehmann, granddaughter of Adolph Kiesler, for ''A Colorado Jewish Family Album.''</note><subject><name><namePart>Kiesler, Adolph,--1880-1967</namePart></name></subject><subject><name><namePart>Peerless Smelting Works (Denver, Colo.)</namePart></name></subject><subject><name><namePart>Peerless Alloy Company (Denver, Colo.)</namePart></name></subject><subject><topic>Jewish men</topic></subject><subject><topic>Jewish businesspeople</topic></subject><subject><topic>Charities</topic></subject><subject><genre>Exterior views</genre></subject><subject><geographic>Denver (Colo.)</geographic></subject><subject><geographic>West Colfax (Denver, Colo.)</geographic></subject><subject><occupation>Metal-workers</occupation></subject><relatedItem><titleInfo><title>Beck Archives Photograph Collection, Businesses</title></titleInfo></relatedItem><identifier type="local">B063.01.0001.00038</identifier><identifier type="legacy">PB032</identifier><location><url usage="primary display">http://hdl.handle.net/10176/codu:59486</url></location><accessCondition type="useAndReproduction">Copyright restrictions may apply. User is responsible for all copyright compliance.</accessCondition></mods>