<mods xmlns="http://www.loc.gov/mods/v3" xmlns:mods="http://www.loc.gov/mods/v3" xmlns:xlink="http://www.w3.org/1999/xlink" xmlns:xsi="http://www.w3.org/2001/XMLSchema-instance"><titleInfo><title>William Goldblatt and Family</title></titleInfo><name type="personal"><role><roleTerm authority="marcrelator" type="text">creator</roleTerm></role></name><typeOfResource>still image</typeOfResource><originInfo><publisher>University of Denver</publisher><place><placeTerm type="text">Denver, Colorado</placeTerm></place><dateCreated keyDate="yes">1914</dateCreated></originInfo><language></language><physicalDescription><extent>1 item (photograph), 5 x 7 inches, black and white</extent><note>Handwritten on back of photograph: ''Denver Newton St. 1914, William and Helen Goldblatt, Ruth and Marvin Goldblatt children.''</note><form>Photographic prints</form></physicalDescription><abstract>William Goldblatt and his family stand on the porch of their home at 1473 Newton Street in Denver, Colorado. Goldblatt followed an unusual profession for a Denver Jewish citizen when he became a local fireman. Later, he became a Denver police officer and wore badge number one. He is pictured here in police uniform with his wife, Helen, and children Ruth and Marvin.</abstract><note>Title supplied by archivist.</note><note>This is a copy of the original photograph.</note><note>Appears in ''Images of America: Jewish Denver 1859-1940,'' by Dr. Jeanne Abrams, page 45.</note><note type="admin">Donated by Helene Hoffman.</note><note type="admin">1051</note><subject><name><namePart>Goldblatt family</namePart></name></subject><subject><name><namePart>Goldblatt, William</namePart></name></subject><subject><name><namePart>Goldblatt, Helen</namePart></name></subject><subject><name><namePart>Goldblatt, Ruth</namePart></name></subject><subject><name><namePart>Goldblatt, Marvin</namePart></name></subject><subject><topic>Jewish families</topic></subject><subject><topic>Jewish men</topic></subject><subject><topic>Social life and customs</topic></subject><subject><topic>Dwellings</topic></subject><subject><genre>Photographs</genre></subject><subject><genre>Group portraits</genre></subject><subject><geographic>Colorado</geographic></subject><subject><geographic>Denver (Colo.)</geographic></subject><subject><geographic>West Colfax (Denver, Colo.)</geographic></subject><subject><occupation>Fire fighters</occupation></subject><subject><occupation>Police</occupation></subject><relatedItem><titleInfo><title>Beck Archives Photograph Collection, Families and Groups</title></titleInfo></relatedItem><identifier type="local">B063.05.0038.00001</identifier><location><url usage="primary display">http://hdl.handle.net/10176/codu:57336</url></location><accessCondition type="useAndReproduction">Copyright restrictions may apply. User is responsible for all copyright compliance.</accessCondition></mods>