<mods xmlns="http://www.loc.gov/mods/v3" xmlns:mods="http://www.loc.gov/mods/v3" xmlns:xlink="http://www.w3.org/1999/xlink" xmlns:xsi="http://www.w3.org/2001/XMLSchema-instance"><titleInfo><title>Exterior of the Bernstein's Store</title></titleInfo><name type="personal"><role><roleTerm authority="marcrelator" type="text">creator</roleTerm></role></name><typeOfResource>still image</typeOfResource><originInfo><publisher>University of Denver</publisher><place><placeTerm type="text">Denver, Colorado</placeTerm></place><dateCreated keyDate="yes">between 1890-1905</dateCreated></originInfo><language><languageTerm type="text">Inscription is in English.</languageTerm></language><physicalDescription><extent>1 item (photograph), 7 x 9 inches, black and white</extent><note>Handwritten on back of photograph: ''#150, Moritz Bernstein (center - hands in pocket) in front of his store.''</note><form>Photographic prints</form><digitalOrigin>Reformatted digital</digitalOrigin></physicalDescription><abstract>Moritz Bernstein, fifth from right, dressed in a suit, stands with hands in pockets amongst a large group of customers in front of Bernstein's Dry Goods Store in Walsenburg, Colorado.</abstract><note>Title supplied by archivist.</note><note type="admin">Donated by Mr. Morton P. Stark.</note><note type="admin">ph150</note><subject><name><namePart>Bernstein, Moritz,--1866-1918</namePart></name></subject><subject><name><namePart>Bernstein's Dry Goods Store</namePart></name></subject><subject><topic>Stores, Retail</topic></subject><subject><topic>Jewish businesspeople</topic></subject><subject><genre>Photographs</genre></subject><subject><genre>Exterior views</genre></subject><subject><geographic>Walsenburg (Colo.)</geographic></subject><subject><geographic>Colorado</geographic></subject><subject><occupation>Merchants</occupation></subject><relatedItem><titleInfo><title>Beck Archives Photograph Collection, Businesses</title></titleInfo></relatedItem><identifier type="local">B063.01.0032.0005.00001</identifier><location><url usage="primary display">http://hdl.handle.net/10176/codu:60065</url></location><accessCondition type="useAndReproduction">Copyright restrictions may apply. User is responsible for all copyright compliance.</accessCondition></mods>