<mods xmlns="http://www.loc.gov/mods/v3" xmlns:mods="http://www.loc.gov/mods/v3" xmlns:xlink="http://www.w3.org/1999/xlink" xmlns:xsi="http://www.w3.org/2001/XMLSchema-instance"><titleInfo><title>Cheltenham School</title></titleInfo><name type="personal"><role><roleTerm authority="marcrelator" type="text">creator</roleTerm></role></name><typeOfResource>still image</typeOfResource><originInfo><publisher>University of Denver</publisher><place><placeTerm type="text">Denver, Colorado</placeTerm></place><dateCreated keyDate="yes">1/1925</dateCreated></originInfo><language><languageTerm type="text">Inscription is in English.</languageTerm></language><physicalDescription><extent>1 item (photograph), 8 x 9 inches, black and white</extent><note>On envelope: ''#1166 Silver Tire Company and Sam Silver.'' On back of photograph: ''Sam Silver front center. January, 1925 class at Cheltenham.'' On front of photograph: ''January Class of 1925, Cheltenham School, Denver, [illegible] Alex Martin, photographer.''</note><form>Photographic prints</form><digitalOrigin>Reformatted digital</digitalOrigin></physicalDescription><abstract>Students and their teachers pose for a school photo on steps of the Cheltenham School.  Sam Silver sits fifth from the right in the front row with an arrow pointing to him.</abstract><note>Title supplied by archivist.</note><note type="admin">ph1166</note><subject><name><namePart>Silver, Sam</namePart></name></subject><subject><name><namePart>Cheltenham School (Denver, Colo.)</namePart></name></subject><subject><topic>Schools</topic></subject><subject><topic>Jewish children</topic></subject><subject><genre>Photographs</genre></subject><subject><geographic>Denver (Colo.)</geographic></subject><subject><occupation>Teachers</occupation></subject><subject><occupation>Students</occupation></subject><relatedItem><titleInfo><title>Beck Archives Photograph Collection, Community</title></titleInfo></relatedItem><identifier type="local">B063.02.0002.00032</identifier><location><url usage="primary display">http://hdl.handle.net/10176/codu:60224</url></location><accessCondition type="useAndReproduction">Copyright restrictions may apply. User is responsible for all copyright compliance.</accessCondition></mods>