<mods xmlns="http://www.loc.gov/mods/v3" xmlns:mods="http://www.loc.gov/mods/v3" xmlns:xlink="http://www.w3.org/1999/xlink" xmlns:xsi="http://www.w3.org/2001/XMLSchema-instance"><titleInfo><title>Opening of Dave Cook Sporting Goods Store, Denver, Colo.</title></titleInfo><name type="personal"><role><roleTerm authority="marcrelator" type="text">creator</roleTerm></role></name><typeOfResource>still image</typeOfResource><originInfo><publisher>University of Denver</publisher><place><placeTerm type="text">Denver, Colorado</placeTerm></place><dateCreated keyDate="yes">1936</dateCreated></originInfo><language></language><physicalDescription><extent>1 item (photograph), 8 x 10 inches, black and white</extent><note>On envelope: "#1034 Cooks Sporting Goods." Handwritten on back of photograph: "Opening of Dave Cook Sporting Goods, 1601 Larimer St store, 1936, Standing from left to right: Nate Bernstone, Dave Cook, Jane Cook, Herb Cook, Belle Smernoff."</note><form>Photographic prints</form><digitalOrigin>Reformatted digital</digitalOrigin></physicalDescription><abstract>The staff of Dave Cook Sporting Goods stand in front of the counter next to baskets of flowers, celebrating the grand opening of the store at 1601 Larimer Street, Denver, Colorado. From left to right: Nate Bernstone, Dave Cook, Jane Cook, Herb Cook, and Belle Smernoff. In 1924, Dave and Max Cook went into the sporting goods business, operating the first major sports store in Colorado.</abstract><note>Title supplied by archivist.</note><note>Appears in, ''Images of America: Jewish Denver 1859-1940,'' By Dr. Jeanne Abrams on page 55.</note><note type="admin">Donated by Leonard Gordan.</note><note type="admin">ph1034</note><subject><name><namePart>Cook, Dave</namePart></name></subject><subject><name><namePart>Cook, Jane</namePart></name></subject><subject><name><namePart>Cook, Herbert</namePart></name></subject><subject><name><namePart>Bernstone, Nate</namePart></name></subject><subject><name><namePart>Smernoff, Belle</namePart></name></subject><subject><name><namePart>Dave Cook Sporting Goods (Denver, Colo.)</namePart></name></subject><subject><topic>Jews</topic></subject><subject><topic>Jewish men</topic></subject><subject><topic>Jewish businesspeople</topic></subject><subject><topic>Sporting goods</topic></subject><subject><topic>Stores, Retail</topic></subject><subject><genre>Photographs</genre></subject><subject><genre>Interior views</genre></subject><subject><genre>Group portraits</genre></subject><subject><geographic>Denver (Colo.)</geographic></subject><subject><geographic>Colorado</geographic></subject><subject><occupation>Businesspeople</occupation></subject><relatedItem><titleInfo><title>Beck Archives Photograph Collection, Businesses</title></titleInfo></relatedItem><identifier type="local">B063.01.0001.00043</identifier><location><url usage="primary display">http://hdl.handle.net/10176/codu:59431</url></location><accessCondition type="useAndReproduction">Copyright restrictions may apply. User is responsible for all copyright compliance.</accessCondition></mods>