<mods xmlns="http://www.loc.gov/mods/v3" xmlns:mods="http://www.loc.gov/mods/v3" xmlns:xlink="http://www.w3.org/1999/xlink" xmlns:xsi="http://www.w3.org/2001/XMLSchema-instance"><titleInfo><title>Emanuel Stein Displaying Leisure-O Line of Retail Seafoods</title></titleInfo><name type="personal"><role><roleTerm authority="marcrelator" type="text">creator</roleTerm></role></name><typeOfResource>still image</typeOfResource><originInfo><publisher>University of Denver</publisher><place><placeTerm type="text">Denver, Colorado</placeTerm></place><dateCreated keyDate="yes">circa 1960</dateCreated></originInfo><language><languageTerm type="text">Inscription is in English.</languageTerm></language><physicalDescription><extent>1 item (photograph), 8 x 10 inches,</extent><note>Handwritten on envelope: "# 386 Stein family of Pueblo, 1900-1960 info inside." Photocopy of handwritten note inside original envelope: "Taken in Pueblo, Colorado between 1913 and 1914. Max Stein arrived in Pueblo in 1898 (he is the man on the right) after serving as a mounted policeman, he began peddling fruit and vegetables from a wagon. About 1910 he opened a retail grocery store at 1156 4th St., Pueblo. The business is still in the same location but has expanded to become a wholesale food company. Marvin Stein, the present owner, is a third-generation Stein."  Handwritten note on back of photocopy: "Emanuel Stein displaying part of his Leisure-O line of retail seafoods sold throughout the west starting in 1939."  Handwritten on back of photocopy: "Emanual Stein in Stein Foods, 115 E 4th St, Pueblo, c1960., Business in continuous proprietorship of Stein family for 65 years as of 1981 at original location., #386."</note><form>Photocopies</form><digitalOrigin>Reformatted digital</digitalOrigin></physicalDescription><abstract>Emanuel Stein is seated behind a table covered with his Leisure-O brand of frozen seafood, which was sold throughout the Western States starting in 1939. This is a photocopy print.</abstract><note>Title supplied by archivist.</note><note type="admin">ph386</note><subject><name><namePart>Stein, Emanuel</namePart></name></subject><subject><topic>Jews</topic></subject><subject><topic>Jewish businesspeople</topic></subject><subject><genre>Photographs</genre></subject><subject><genre>Portraits</genre></subject><subject><geographic>Pueblo (Colo.)</geographic></subject><subject><geographic>Colorado</geographic></subject><relatedItem><titleInfo><title>Beck Archives Photograph Collection, Businesses</title></titleInfo></relatedItem><identifier type="local">B063.01.0001.00027</identifier><location><url usage="primary display">http://hdl.handle.net/10176/codu:59430</url></location><accessCondition type="useAndReproduction">Copyright restrictions may apply. User is responsible for all copyright compliance.</accessCondition></mods>