<mods xmlns="http://www.loc.gov/mods/v3" xmlns:mods="http://www.loc.gov/mods/v3" xmlns:xlink="http://www.w3.org/1999/xlink" xmlns:xsi="http://www.w3.org/2001/XMLSchema-instance"><titleInfo><title>Max Stein as a Mounted Policeman</title></titleInfo><name type="personal"><role><roleTerm authority="marcrelator" type="text">creator</roleTerm></role></name><typeOfResource>still image</typeOfResource><originInfo><publisher>University of Denver</publisher><place><placeTerm type="text">Denver, Colorado</placeTerm></place><dateCreated keyDate="yes">circa 1910</dateCreated></originInfo><language><languageTerm type="text">Inscription is in English.</languageTerm></language><physicalDescription><extent>1 item (photograph), 11 x 8 inches, black and white</extent><note>On envelope: ''#386 Max Stein Peddling Pineapples in Pueblo, c. 1910.''  Handwritten on back of photograph: ''Max Stein.''</note><form>Photographic prints</form><digitalOrigin>Reformatted digital</digitalOrigin></physicalDescription><abstract>Max Stein dressed in a police uniform with a star badge pinned to his jacket. He stands in front of a saddled horse in Pueblo, Colorado.</abstract><note>Title supplied by archivist.</note><note>Appears in ''Images of America: Jewish Denver 1859-1940,'' by Dr. Jeanne Abrams, page 126.</note><note type="admin">Photograph was donated by Ruth Stein.</note><note type="admin">ph386</note><subject><name><namePart>Stein, Max</namePart></name></subject><subject><topic>Jews</topic></subject><subject><topic>Social life and customs</topic></subject><subject><topic>Jewish men</topic></subject><subject><topic>Police</topic></subject><subject><genre>Photographs</genre></subject><subject><genre>Portraits</genre></subject><subject><geographic>Pueblo (Colo.)</geographic></subject><subject><occupation>Police</occupation></subject><relatedItem><titleInfo><title>Beck Archives Photograph Collection, Community</title></titleInfo></relatedItem><identifier type="local">B063.02.0002.00029</identifier><location><url usage="primary display">http://hdl.handle.net/10176/codu:60221</url></location><accessCondition type="useAndReproduction">Copyright restrictions may apply. User is responsible for all copyright compliance.</accessCondition></mods>