<mods xmlns="http://www.loc.gov/mods/v3" xmlns:mods="http://www.loc.gov/mods/v3" xmlns:xlink="http://www.w3.org/1999/xlink" xmlns:xsi="http://www.w3.org/2001/XMLSchema-instance"><titleInfo><title>Portrait of Fannie Anfenger, 1905</title></titleInfo><name type="personal"></name><typeOfResource>still image</typeOfResource><originInfo></originInfo><language><languageTerm type="code">eng</languageTerm></language><physicalDescription><extent>1 (whole) items</extent><form authority="marcform">nonprojected graphic</form></physicalDescription><abstract>Formal head and shoulders portrait of Fannie Anfenger (1885-1965) as a young woman wearing a lace dress and elaborate necklace. Fannie Anfenger was the daughter of Louis and Louise Schlesinger Anfenger. She married Sidney Rinds and they had one son, Louis Rinds.</abstract><note type="odd">Title supplied by archivist. ||Appears in ''Images of America: Jewish Denver 1859-1940,'' by Dr. Jeanne Abrams, page 20.</note><note type="langmaterial">eng</note><note displayLabel="Inscription and Marks">On back of photograph: ''#362 Fannie Anfenger about 1905 daughter of Louis Anfenger Donor Marjorie Hornbein acquired 11/80''. On envelope: ''#362 Fannie Anfenger, c 1905''.</note><note type="phystech">Good  5 x 4 inches   black and white</note><note displayLabel="Provenance">Donated by Marjorie Hornbein.</note><subject><topic>Jews</topic></subject><subject><topic>Jewish women</topic></subject><subject><topic>Social life and customs</topic></subject><subject><topic>Colorado</topic></subject><subject><topic>Denver (Colo.)</topic></subject><subject><topic>Photographs</topic></subject><subject><name type="family"><namePart type="family">Rinds</namePart></name></subject><subject><name type="given"><namePart type="given">Fannie Anfenger</namePart></name></subject><subject><name><role><roleTerm></roleTerm></role></name></subject><identifier type="local">B063.08.0016.00015</identifier><accessCondition type="useAndReproduction">Copyright restrictions may apply. User is responsible for all copyright compliance.</accessCondition></mods>