<mods xmlns="http://www.loc.gov/mods/v3" xmlns:mods="http://www.loc.gov/mods/v3" xmlns:xlink="http://www.w3.org/1999/xlink" xmlns:xsi="http://www.w3.org/2001/XMLSchema-instance"><titleInfo><title>Dave Waldman's First Restaurant</title></titleInfo><name type="personal"><namePart>Goldman, Jack J.</namePart><role><roleTerm authority="marcrelator" type="text">creator</roleTerm></role></name><typeOfResource>still image</typeOfResource><originInfo><publisher>University of Denver</publisher><place><placeTerm type="text">Denver, Colorado</placeTerm></place><dateCreated keyDate="yes">between 1900-1920</dateCreated></originInfo><language></language><physicalDescription><extent>1 item (photograph), 4 x 5 inches, black and white</extent><note>On envelope: ''#1079 Waldman Family.'' On photograph: ''1st Waldman Restaurant at City Park Pavilion.''</note><form>Photographic prints</form><digitalOrigin>Reformatted digital</digitalOrigin></physicalDescription><abstract>Three unidentified men stand in Dave Waldman's Restaurant in the City Park Pavilion.  Signs in the photograph say: ''[illegible], sandwiches, hot coffee.'' and ''Dave Waldman's Restaurant, City [illegible] Denver.''</abstract><note>Title supplied by archivist.</note><note type="admin">ph1079</note><subject><name><namePart>Dave Waldman's Restaurant</namePart></name></subject><subject><topic>Jews</topic></subject><subject><genre>Photographs</genre></subject><subject><genre>Exterior views</genre></subject><subject><geographic>Denver (Colo.)</geographic></subject><subject><geographic>Colorado</geographic></subject><subject><occupation>Merchants</occupation></subject><relatedItem><titleInfo><title>Beck Archives Photograph Collection, Businesses</title></titleInfo></relatedItem><identifier type="local">B063.01.0017.00042</identifier><location><url usage="primary display">http://hdl.handle.net/10176/codu:59402</url></location><accessCondition type="useAndReproduction">Copyright restrictions may apply. User is responsible for all copyright compliance.</accessCondition></mods>