<mods xmlns="http://www.loc.gov/mods/v3" xmlns:mods="http://www.loc.gov/mods/v3" xmlns:xlink="http://www.w3.org/1999/xlink" xmlns:xsi="http://www.w3.org/2001/XMLSchema-instance"><titleInfo><title>Arthur Lang Stands in Front of his Father's Store</title></titleInfo><name type="personal"><role><roleTerm authority="marcrelator" type="text">creator</roleTerm></role></name><typeOfResource>still image</typeOfResource><originInfo><publisher>University of Denver</publisher><place><placeTerm type="text">Denver, Colorado</placeTerm></place><dateCreated keyDate="yes">circa 1919</dateCreated></originInfo><language><languageTerm type="text">Inscription is in English.</languageTerm></language><physicalDescription><extent>1 item (photograph), 5 x 8 inches, black and white</extent><note>On back of photograph: '#67, Arthur Lang, circa 1919, 2115 Larimer St.  Donor Julia Brown''</note><form>Photographic prints</form><digitalOrigin>Reformatted digital</digitalOrigin></physicalDescription><abstract>Arthur Lang is shown here wearing a white shirt, tie, and cap standing in front of the A. Lang Dry Goods Store located at 2115 Larimer Street in Denver.</abstract><note>Title supplied by archivist.</note><note>Appears in ''Images of America: Jewish Denver 1859-1940,'' by Dr. Jeanne Abrams, page 51.</note><note type="admin">Photograph was donated by Mrs. Julie Brown in February of 1977.</note><note type="admin">ph067</note><subject><name><namePart>Lang, Arthur</namePart></name></subject><subject><name><namePart>A. Lang Dry Goods Store</namePart></name></subject><subject><topic>Jewish merchants</topic></subject><subject><topic>Jews</topic></subject><subject><genre>Front views</genre></subject><subject><genre>Portraits</genre></subject><subject><geographic>Denver (Colo.)</geographic></subject><subject><geographic>Colorado</geographic></subject><subject><occupation>Merchants</occupation></subject><relatedItem><titleInfo><title>Beck Archives Photograph Collection, Businesses</title></titleInfo></relatedItem><identifier type="local">B063.01.0001.00001</identifier><location><url usage="primary display">http://hdl.handle.net/10176/codu:59190</url></location><accessCondition type="useAndReproduction">Copyright restrictions may apply. User is responsible for all copyright compliance.</accessCondition></mods>