<mods xmlns="http://www.loc.gov/mods/v3" xmlns:mods="http://www.loc.gov/mods/v3" xmlns:xlink="http://www.w3.org/1999/xlink" xmlns:xsi="http://www.w3.org/2001/XMLSchema-instance"><titleInfo><title>Sandy Vinnick Stands by the Trivoli Building</title></titleInfo><name type="personal"><role><roleTerm authority="marcrelator" type="text">creator</roleTerm></role></name><typeOfResource>still image</typeOfResource><originInfo><publisher>University of Denver</publisher><place><placeTerm type="text">Denver, Colorado</placeTerm></place><dateCreated keyDate="yes">between 1995-2005</dateCreated></originInfo><language><languageTerm type="text">Inscription is in English.</languageTerm></language><physicalDescription><extent>1 item (photograph), 4 x 6 inches, color</extent><note>On envelope: ''#1065 Lillian and Sam Marchick  Sam and Ben Marchick.''</note><form>Photographic prints</form></physicalDescription><abstract>Sandy Vinnick, granddaughter of Sam Marchick, stands outside the Trivoli Building in Cheyenne, Wyoming near two plaques: one tells the history of the building and the other identifies the building. The Trivoli Building was owned by Sam Marchick and housed his clothing store.</abstract><note>Title supplied by archivist.</note><note type="admin">ph1065</note><subject><name><namePart>Vinnick, Sandy</namePart></name></subject><subject><name><namePart>Marchick Store</namePart></name></subject><subject><topic>Stores, Retail</topic></subject><subject><topic>Jewish businesspeople</topic></subject><subject><genre>Photographs</genre></subject><subject><genre>Exterior views</genre></subject><subject><geographic>Denver (Colo.)</geographic></subject><subject><geographic>Colorado</geographic></subject><relatedItem><titleInfo><title>Beck Archives Photograph Collection, Businesses</title></titleInfo></relatedItem><identifier type="local">B063.01.0009.00084</identifier><location><url usage="primary display">http://hdl.handle.net/10176/codu:60012</url></location><accessCondition type="useAndReproduction">Copyright restrictions may apply. User is responsible for all copyright compliance.</accessCondition></mods>