<mods xmlns="http://www.loc.gov/mods/v3" xmlns:mods="http://www.loc.gov/mods/v3" xmlns:xlink="http://www.w3.org/1999/xlink" xmlns:xsi="http://www.w3.org/2001/XMLSchema-instance"><titleInfo><title>Exterior View of Yad Achass (Rumanian Shul)</title></titleInfo><name type="personal"><namePart>McNamara, Charles</namePart><role><roleTerm authority="marcrelator" type="text">creator</roleTerm></role></name><typeOfResource>still image</typeOfResource><originInfo><publisher>University of Denver</publisher><place><placeTerm type="text">Denver, Colorado</placeTerm></place><dateCreated keyDate="yes">1979</dateCreated></originInfo><language></language><physicalDescription><extent>1 item (photograph), 5 x 7 inches, black and white</extent><note>Handwritten on back of photograph: ''Rumansche Shul, Photograph by Charles McNamara, 1979.''</note><form>Photographic prints</form></physicalDescription><abstract>Many small synagogues, or shuls, were built in Denver, Colorado's west-side with the East European immigrant Jewish community, including Yad Achass, more commonly known as the Rumansche (Romanian) shul. It was orgainized in 1903, and its second home, pictured here, was at the corner of King Street and Conejos Place.</abstract><note>Title supplied by archivist.</note><note>Courtesy of Charles McNamara.</note><note>Appears in ''Images of America: Jewish Denver 1859-1940,'' by Dr. Jeanne Abrams, page 66.</note><note type="admin">The photograph donated by the photographer, Charles McNamara.</note><note type="admin">ph38</note><subject><name><namePart>Yad Achess Synagogue (Denver, Colo.)</namePart></name></subject><subject><topic>Synagogues</topic></subject><subject><topic>Jews</topic></subject><subject><topic>Buildings</topic></subject><subject><genre>Photographs</genre></subject><subject><genre>Exterior views</genre></subject><subject><geographic>Colorado</geographic></subject><subject><geographic>Denver (Colo.)</geographic></subject><subject><geographic>West Colfax (Denver, Colo.)</geographic></subject><relatedItem><titleInfo><title>Beck Archives Photograph Collection, Religious Life</title></titleInfo></relatedItem><identifier type="local">B063.06.0014.00001</identifier><location><url usage="primary display">http://hdl.handle.net/10176/codu:57310</url></location><accessCondition type="useAndReproduction">Copyright restrictions may apply. User is responsible for all copyright compliance.</accessCondition></mods>