<mods xmlns="http://www.loc.gov/mods/v3" xmlns:mods="http://www.loc.gov/mods/v3" xmlns:xlink="http://www.w3.org/1999/xlink" xmlns:xsi="http://www.w3.org/2001/XMLSchema-instance"><titleInfo><title>Courthouse in Walsenburg, Colorado</title></titleInfo><name type="personal"><role><roleTerm authority="marcrelator" type="text">creator</roleTerm></role></name><typeOfResource>still image</typeOfResource><originInfo><publisher>University of Denver</publisher><place><placeTerm type="text">Denver, Colorado</placeTerm></place><dateCreated keyDate="yes">between 1930-1950</dateCreated></originInfo><language></language><physicalDescription><extent>1 item (photograph), 3 x 4 inches, black and white</extent><note>Handwritten on back: ''#146 Walsenburg Court House Donor: Morton Stark.'' On envelope: ''#146 Walsenburg Court House.''</note><form>Photographic prints</form><digitalOrigin>Reformatted digital</digitalOrigin></physicalDescription><abstract>Exterior of the courthouse in Walsenburg, Colorado. Three automobiles are parked in front of the building.</abstract><note>Title supplied by archivist.</note><note type="admin">Donated by Morton Stark.</note><note type="admin">ph146</note><subject><topic>Buildings</topic></subject><subject><topic>Courthouses</topic></subject><subject><topic>Automobiles</topic></subject><subject><genre>Photographs</genre></subject><subject><genre>Exterior views</genre></subject><subject><geographic>Walsenburg (Colo.)</geographic></subject><relatedItem><titleInfo><title>Beck Archives Photograph Collection, Community</title></titleInfo></relatedItem><identifier type="local">B063.02.0018.00051</identifier><location><url usage="primary display">http://hdl.handle.net/10176/codu:60304</url></location><accessCondition type="useAndReproduction">Copyright restrictions may apply. User is responsible for all copyright compliance. Please credit Roger Whitacre.</accessCondition></mods>