<mods xmlns="http://www.loc.gov/mods/v3" xmlns:mods="http://www.loc.gov/mods/v3" xmlns:xlink="http://www.w3.org/1999/xlink" xmlns:xsi="http://www.w3.org/2001/XMLSchema-instance"><titleInfo><title>Irene Stein Art Exhibit</title></titleInfo><name type="personal"><role><roleTerm authority="marcrelator" type="text">creator</roleTerm></role></name><typeOfResource>still image</typeOfResource><originInfo><publisher>University of Denver</publisher><place><placeTerm type="text">Denver, Colorado</placeTerm></place><dateCreated keyDate="yes">6/1979</dateCreated></originInfo><language></language><physicalDescription><extent>1 item (photograph), 4 x 5 inches, color</extent><note>On envelope: "#335 Irene Stein Program  o2 - Box  Box 18  B27 (copies and misc photos). #335 Irene Stein Exhibit June 1979" On photograph: "#6A-7, #335, Miriam Goldberg - Jewish News looking toward Milton Morris."</note><form>Photographic prints</form><digitalOrigin>Reformatted digital</digitalOrigin></physicalDescription><abstract>Milton Morris (far right) photographs a group of people including Marjorie Hornbein (third from left) and Miriam Goldberg (fifth from left in white) as they look at artwork at Irene Stein's art exhibit in Emmanuel Gallery, formerly Shearith Israel.</abstract><note>Title supplied by archivist.</note><note type="admin">ph335</note><subject><name><namePart>Stein, Irene Miller,--1894-2000</namePart></name></subject><subject><name><namePart>Hornbein, Marjorie,--1913-2006</namePart></name></subject><subject><name><namePart>Goldberg, Miriam</namePart></name></subject><subject><name><namePart>Morris, Milton</namePart></name></subject><subject><name><namePart>Congregation Shearith Israel (Denver, Colo.)</namePart></name></subject><subject><name><namePart>Emmanuel Gallery</namePart></name></subject><subject><topic>Art</topic></subject><subject><topic>Exhibitions (Events)</topic></subject><subject><genre>Photographic prints</genre></subject><subject><geographic>Denver (Colo.)</geographic></subject><relatedItem><titleInfo><title>Beck Archives Photograph Collection, Community</title></titleInfo></relatedItem><identifier type="local">B063.02.0018.00043</identifier><location><url usage="primary display">http://hdl.handle.net/10176/codu:60296</url></location><accessCondition type="useAndReproduction">Copyright restrictions may apply. User is responsible for all copyright compliance.</accessCondition></mods>