<mods xmlns="http://www.loc.gov/mods/v3" xmlns:mods="http://www.loc.gov/mods/v3" xmlns:xlink="http://www.w3.org/1999/xlink" xmlns:xsi="http://www.w3.org/2001/XMLSchema-instance"><titleInfo><title>Ed Grimes</title></titleInfo><titleInfo><title>Title on envelope: __Formal Portrait of Ed Grimes</title></titleInfo><name type="personal"><role><roleTerm authority="marcrelator" type="text">creator</roleTerm></role></name><typeOfResource>still image</typeOfResource><originInfo><publisher>University of Denver</publisher><place><placeTerm type="text">Denver, Colorado</placeTerm></place><dateCreated keyDate="yes">circa 1910</dateCreated></originInfo><language></language><physicalDescription><extent>1 item (photograph), 5.5 x 4 inches, black and white</extent><note>Handwritten on back of photograph: ''E. Grimes.''</note><form>Photographic prints</form></physicalDescription><abstract>Ed Grimes in a formal portrait taken for the Independent Order of B'nai B'rith Lodge #171 in Denver, Colorado. Ed Grimes was a colonist at Cotopaxi, Colorado and walked to Denver from Cotopaxi in 1883, a distance of about 94 miles. He later served as Congregation Zera Abraham's first president and was also active in B'nai B'rith Lodge #171.</abstract><note type="admin">Donated by the Independent Order of B'nai B'rith Lodge #171 (Denver, Colo.)</note><note type="admin">892</note><subject><name><namePart>Grimes, Ed</namePart></name></subject><subject><name><namePart>Congregation Zera Abraham (Denver, Colo.)</namePart></name></subject><subject><name><namePart>Independent Order of B'nai B'rith.--Denver Lodge No. 171 (Denver, Colo.)</namePart></name></subject><subject><topic>Jewish men</topic></subject><subject><topic>Agricultural colonies</topic></subject><subject><topic>Jews</topic></subject><subject><topic>Jewish businesspeople</topic></subject><subject><topic>Scrap metal industry</topic></subject><subject><genre>Portraits</genre></subject><subject><genre>Photographs</genre></subject><subject><geographic>Colorado</geographic></subject><subject><geographic>Denver (Colo.)</geographic></subject><subject><geographic>Cotopaxi (Colo.)</geographic></subject><subject><occupation>Colonists</occupation></subject><subject><occupation>Businesspeople</occupation></subject><subject><occupation>Dealers (Retail trade)</occupation></subject><relatedItem><titleInfo><title>Beck Archives Photograph Collection, Individuals</title></titleInfo></relatedItem><identifier type="local">B063.08.0016.00012</identifier><location><url usage="primary display">http://hdl.handle.net/10176/codu:57294</url></location><accessCondition type="useAndReproduction">Copyright restrictions may apply.  User is responsible for all copyright compliance.
Copyright restrictions may apply.  User is responsible for all copyright compliance.</accessCondition></mods>