<mods xmlns="http://www.loc.gov/mods/v3" xmlns:mods="http://www.loc.gov/mods/v3" xmlns:xlink="http://www.w3.org/1999/xlink" xmlns:xsi="http://www.w3.org/2001/XMLSchema-instance"><titleInfo><title>Collage of Greeley Businesses</title></titleInfo><name type="personal"><role><roleTerm authority="marcrelator" type="text">creator</roleTerm></role></name><typeOfResource>still image</typeOfResource><originInfo><publisher>University of Denver</publisher><place><placeTerm type="text">Denver, Colorado</placeTerm></place><dateCreated keyDate="yes">between 1900-1920</dateCreated></originInfo><language></language><physicalDescription><extent>1 item (photograph), 10 x 14 inches, black and white</extent><note>Handwritten on the back of the photograph: ''#56 Greeley Colorado Businesses; A. Winograd, Poultry; Samuel Pinsky, Coal, Hay and Feed; Montifiore J. Moses Real Estate and Insurance, In Creede, Later in Greeley, Donated by: Mrs. Eleanor Judd.''</note><form>Photographic prints</form><digitalOrigin>Reformatted digital</digitalOrigin></physicalDescription><abstract>Three photographs of Greeley, Colorado businesses. The upper left photograph shows an exterior view of Abe Winograd's poultry business. Painted on the building is ''Poultry wanted at all times'' and pictures of a hen and a rooster. The photograph below shows an exterior view Samuel Pinsky's Coal, Hay, and Feed business. Samuel Pinsky is seated in the driver's seat of a wagon loaded with coal. Main photograph, two men sit in the interior of Montifiore J. Moses' Real Estate and Insurance Co. The business was originally in Creede, Colorado and then in Greeley, Colorado.</abstract><note>Title supplied by archivist.</note><note type="admin">Donated by Eleanor Winograd</note><note type="admin">ph56</note><subject><name><namePart>Winograd, Abraham</namePart></name></subject><subject><name><namePart>Pinsky, Samuel</namePart></name></subject><subject><name><namePart>Winograd Poultry</namePart></name></subject><subject><name><namePart>Montifiore J. Moses' real Estate and Insurance Co.</namePart></name></subject><subject><topic>Jewish businesspeople</topic></subject><subject><topic>Social life and customs</topic></subject><subject><topic>Jewish men</topic></subject><subject><topic>Poultry farms</topic></subject><subject><topic>Peddlers and peddling</topic></subject><subject><topic>Real estate business</topic></subject><subject><genre>Portraits</genre></subject><subject><genre>Action shots</genre></subject><subject><geographic>Greeley (Colo.)</geographic></subject><subject><geographic>Colorado</geographic></subject><subject><occupation>Chicken breeders</occupation></subject><subject><occupation>Peddlers and peddling</occupation></subject><subject><occupation>Real estate agents</occupation></subject><relatedItem><titleInfo><title>Beck Archives Photograph Collection, Businesses</title></titleInfo></relatedItem><identifier type="local">B063.01.0031.0008.00001</identifier><location><url usage="primary display">http://hdl.handle.net/10176/codu:59492</url></location><accessCondition type="useAndReproduction">Copyright restrictions may apply. User is responsible for all copyright compliance.</accessCondition></mods>