<mods xmlns="http://www.loc.gov/mods/v3" xmlns:mods="http://www.loc.gov/mods/v3" xmlns:xlink="http://www.w3.org/1999/xlink" xmlns:xsi="http://www.w3.org/2001/XMLSchema-instance"><titleInfo><title>Portrait of Tillye Shulman (Levy) at Age Two</title></titleInfo><name type="personal"><role><roleTerm authority="marcrelator" type="text">creator</roleTerm></role></name><typeOfResource>still image</typeOfResource><originInfo><publisher>University of Denver</publisher><place><placeTerm type="text">Denver, Colorado</placeTerm></place><dateCreated keyDate="yes">1887</dateCreated></originInfo><language></language><physicalDescription><extent>1 item (photograph), 7 x 5 inches, black and white</extent><note>On envelope: ''#87 Tillye Levy, 2, Central City 1897''. On note inside envelope: ''Tillye Shulman (Levy) aged 2 Central City, 1897  Donor Mrs. Tillye Levy''.</note><form>Photographic prints</form></physicalDescription><abstract>Tillye Shulman Levy, shown here at age two at the Shulman family home in Central City in 1897, became one of Denver's most active Jewish volunteers in the area of social welfare.</abstract><note>Title supplied by archivist.</note><note>Appears in ''Images of America: Jewish Denver 1859-1940,'' by Dr. Jeanne Abrams, on page 89.</note><note type="admin">Donated by Mrs. Tillye Levy.</note><note type="admin">87</note><subject><name><namePart>Levy, Tillye Shulman,--1895-1984</namePart></name></subject><subject><name><namePart>Shulman family</namePart></name></subject><subject><name><namePart>Levy family</namePart></name></subject><subject><topic>Jews</topic></subject><subject><topic>Jewish girls</topic></subject><subject><topic>Social life and customs</topic></subject><subject><topic>Jewish children</topic></subject><subject><genre>Portraits</genre></subject><subject><genre>Photographs</genre></subject><subject><geographic>Colorado</geographic></subject><subject><geographic>Central City (Colo.)</geographic></subject><relatedItem><titleInfo><title>Beck Archives Photograph Collection, Individuals</title></titleInfo></relatedItem><identifier type="local">B063.08.0016.00013</identifier><location><url usage="primary display">http://hdl.handle.net/10176/codu:59748</url></location><accessCondition type="useAndReproduction">Copyright restrictions may apply. User is responsible for all copyright compliance.</accessCondition></mods>