<mods xmlns="http://www.loc.gov/mods/v3" xmlns:mods="http://www.loc.gov/mods/v3" xmlns:xlink="http://www.w3.org/1999/xlink" xmlns:xsi="http://www.w3.org/2001/XMLSchema-instance"><titleInfo><title>Cheltenham School</title></titleInfo><name type="personal"><role><roleTerm authority="marcrelator" type="text">creator</roleTerm></role></name><typeOfResource>still image</typeOfResource><originInfo><publisher>University of Denver</publisher><place><placeTerm type="text">Denver, Colorado</placeTerm></place><dateCreated keyDate="yes">circa 1915</dateCreated></originInfo><language><languageTerm type="text">Inscription is in English.</languageTerm></language><physicalDescription><extent>1 item (photograph), 5 x 7 inches, black and white</extent><note>On envelope: "#1094 Cheltenham School  1915, 17, '21  with Frieda Rodetsky Toltz  (2 in oversize box)." On photograph: "5 from left Frieda Rodetsky Toltz, Cheltenham 1915?, #1094."</note><form>Photographic prints</form><digitalOrigin>Reformatted digital</digitalOrigin></physicalDescription><abstract>Frieda Rodetsky Toltz poses with many other students from the Cheltenham School, Denver, Colorado.</abstract><note>Accession record says original photographs were given. This is a reprint and some wording written on the photo has been cut off in the scanning and reprinting.</note><note type="admin">ph1094</note><subject><name><namePart>Toltz, Frieda Radetsky,--1906-1978</namePart></name></subject><subject><name><namePart>Cheltenham School (Denver, Colo.)</namePart></name></subject><subject><topic>Classes (Groups of students)</topic></subject><subject><genre>Photographs</genre></subject><subject><genre>Exterior views</genre></subject><subject><genre>Group portraits</genre></subject><subject><geographic>Denver (Colo.)</geographic></subject><subject><occupation>Students</occupation></subject><relatedItem><titleInfo><title>Beck Archives Photograph Collection, Community</title></titleInfo></relatedItem><identifier type="local">B063.02.0010.00028</identifier><location><url usage="primary display">http://hdl.handle.net/10176/codu:60252</url></location><accessCondition type="useAndReproduction">Copyright restrictions may apply. User is responsible for all copyright compliance.</accessCondition></mods>