<mods xmlns="http://www.loc.gov/mods/v3" xmlns:mods="http://www.loc.gov/mods/v3" xmlns:xlink="http://www.w3.org/1999/xlink" xmlns:xsi="http://www.w3.org/2001/XMLSchema-instance"><titleInfo><title>Theatre Advertisement from Denver Jewish News</title></titleInfo><name type="personal"><role><roleTerm authority="marcrelator" type="text">creator</roleTerm></role></name><typeOfResource>still image</typeOfResource><originInfo><publisher>University of Denver</publisher><place><placeTerm type="text">Denver, Colorado</placeTerm></place><dateCreated keyDate="yes">circa 1923</dateCreated></originInfo><language><languageTerm type="text">Inscription is in English.</languageTerm></language><physicalDescription><extent>1 item (photograph), 7 x 5 inches, black and white</extent><note>On envelope: ''#428 Yiddish Theatre Announcement, c 1923  B10  B2.'' On photograph: ''From Denver Jewish News, c 1923, #428.''</note><form>Photographic prints</form><digitalOrigin>Reformatted digital</digitalOrigin></physicalDescription><abstract>Advertisement for the last performance of ''The Fishsohn Company'' at the Woman's Club.  Advertisement in the Denver Jewish News.</abstract><note>Title supplied by archivist.</note><note type="admin">ph428</note><subject><name><namePart>Denver Jewish News</namePart></name></subject><subject><topic>Theater</topic></subject><subject><topic>Jewish theater</topic></subject><subject><genre>Photocopies</genre></subject><subject><genre>Newspapers</genre></subject><subject><geographic>Denver (Colo.)</geographic></subject><relatedItem><titleInfo><title>Beck Archives Photograph Collection, Community</title></titleInfo></relatedItem><identifier type="local">B063.02.0010.00008</identifier><location><url usage="primary display">http://hdl.handle.net/10176/codu:60232</url></location><accessCondition type="useAndReproduction">Copyright restrictions may apply. User is responsible for all copyright compliance.</accessCondition></mods>