<mods xmlns="http://www.loc.gov/mods/v3" xmlns:mods="http://www.loc.gov/mods/v3" xmlns:xlink="http://www.w3.org/1999/xlink" xmlns:xsi="http://www.w3.org/2001/XMLSchema-instance"><titleInfo><title>Children at the National Home for Jewish Children in Denver</title></titleInfo><name type="personal"><role><roleTerm authority="marcrelator" type="text">creator</roleTerm></role></name><typeOfResource>still image</typeOfResource><originInfo><publisher>University of Denver</publisher><place><placeTerm type="text">Denver, Colorado</placeTerm></place><dateCreated keyDate="yes">between 1935-1940</dateCreated></originInfo><language></language><physicalDescription><extent>2 item (photograph), 5 x 7 inches, black and white</extent><note>Handwritten on envelope: ''#388 Residents of Nat. Home for Jewish Children'' and ''Jewish Sheltering Home 1910-1950s''.  On back of photograph: ''#388  National Home for Jewish Children at Denver Smiling Pals -- The Beginning of Life-Long Friendships, late 1930s  R-L  Joey Carsh, Barbara Blackmer, Joey Barret, Ester Cash, Alvin Vihon''.</note><form>Photographic prints</form></physicalDescription><abstract>From right to left: Joey Carsh, Barbara Blackmer, Joey Barret, Ester Cash, and Alvin Uikon sitting in a garden at the National Home for Jewish Children at Denver in Denver, Colorado.  The Home later became part of the National Jewish Hospital.</abstract><note>Title supplied by archivist.</note><note type="admin">Donated by the National Asthma Center.</note><note type="admin">ph388</note><subject><name><namePart>Carsh, Joey</namePart></name></subject><subject><name><namePart>Blackmer, Barbara</namePart></name></subject><subject><name><namePart>Barret, Joey</namePart></name></subject><subject><name><namePart>Cash, Ester</namePart></name></subject><subject><name><namePart>Vihon, Alvin</namePart></name></subject><subject><name><namePart>National Home for Jewish Children in Denver</namePart></name></subject><subject><topic>Jewish children</topic></subject><subject><topic>Jews</topic></subject><subject><topic>Medical centers</topic></subject><subject><topic>Group homes for children</topic></subject><subject><topic>Rehabilitation</topic></subject><subject><topic>Children</topic></subject><subject><genre>Photographs</genre></subject><subject><genre>Group portraits</genre></subject><subject><geographic>Colorado</geographic></subject><subject><geographic>Denver (Colo.)</geographic></subject><subject><geographic>Colfax Avenue (Denver, Colo.)</geographic></subject><relatedItem><titleInfo><title>Beck Archives Photograph Collection, Health Care and Philanthropy</title></titleInfo></relatedItem><identifier type="local">B063.03.0011.00077</identifier><location><url usage="primary display">http://hdl.handle.net/10176/codu:57316</url></location><accessCondition type="useAndReproduction">Copyright restrictions may apply. User is responsible for all copyright compliance.</accessCondition></mods>