<mods xmlns="http://www.loc.gov/mods/v3" xmlns:mods="http://www.loc.gov/mods/v3" xmlns:xlink="http://www.w3.org/1999/xlink" xmlns:xsi="http://www.w3.org/2001/XMLSchema-instance"><titleInfo><title>Interior of Londoner's Store, Denver, Colo.</title></titleInfo><name type="personal"><role><roleTerm authority="marcrelator" type="text">creator</roleTerm></role></name><typeOfResource>still image</typeOfResource><originInfo><publisher>University of Denver</publisher><place><placeTerm type="text">Denver, Colorado</placeTerm></place><dateCreated keyDate="yes">circa 1890</dateCreated></originInfo><language></language><physicalDescription><extent>1 item (photograph), 5 x 7 inches, black and white</extent><note>On back of photograph: #816 Credit Denver Public Library Western History Department Order # 06989  Londoner's Store  15th and Arapahoe  Denver Business Groceries''''.  On envelope: ''#816 Londoner's Grocery, Interior 15th and Arapahoe''.</note><form>Photographic prints</form><digitalOrigin>Reformatted digital</digitalOrigin></physicalDescription><abstract>Canned goods and staples inside the Londoner Store located at 15th Avenue and Arapahoe Street in Denver, Colorado. The Londoner grocery store was owned by Wolfe Londoner, mayor of Denver from 1889 to 1891.</abstract><note>Title supplied by archivist.</note><note>Courtesy of Denver Public Library's Western History and Genealogy Department.</note><note type="admin">Gift of Denver Public Library's Western History and Genealogy Department.</note><note type="admin">ph816</note><subject><name><namePart>Londoner, Wolfe</namePart></name></subject><subject><name><namePart>Wolf Londoner's Grocery Store (Denver, Colo.)</namePart></name></subject><subject><topic>Jews</topic></subject><subject><topic>Jewish men</topic></subject><subject><topic>Jewish businesspeople</topic></subject><subject><topic>Stores, Retail</topic></subject><subject><topic>Dry-goods</topic></subject><subject><topic>Grocery trade</topic></subject><subject><topic>Family-owned business enterprises</topic></subject><subject><genre>Photographs</genre></subject><subject><genre>Interior views</genre></subject><subject><geographic>Denver (Colo.)</geographic></subject><subject><geographic>Colorado</geographic></subject><subject><occupation>Businesspeople</occupation></subject><relatedItem><titleInfo><title>Beck Archives Photograph Collection, Businesses</title></titleInfo></relatedItem><identifier type="local">B063.01.0009.00051</identifier><location><url usage="primary display">http://hdl.handle.net/10176/codu:59451</url></location><accessCondition type="useAndReproduction">Copyright restrictions may apply. User is responsible for all copyright compliance.</accessCondition></mods>