<mods xmlns="http://www.loc.gov/mods/v3" xmlns:mods="http://www.loc.gov/mods/v3" xmlns:xlink="http://www.w3.org/1999/xlink" xmlns:xsi="http://www.w3.org/2001/XMLSchema-instance"><titleInfo><title>Exterior of Groussman's Store</title></titleInfo><name type="personal"><namePart>McNamara, Charles</namePart><role><roleTerm authority="marcrelator" type="text">creator</roleTerm></role></name><typeOfResource>still image</typeOfResource><originInfo><publisher>University of Denver</publisher><place><placeTerm type="text">Denver, Colorado</placeTerm></place><dateCreated keyDate="yes">1979</dateCreated></originInfo><language></language><physicalDescription><extent>2 item (photograph), 5  x 7 inches,</extent><note>On envelope: "#226 Grousman [sic]." Handwritten on back of photograph: "#226, Grousman's [sic] Store 9th St., now part of '9th St. Park' on Auraria, Higher Education Complex, Donor Charles Macnamera, photo taken 1978."</note><form>Photographic prints</form><digitalOrigin>Reformatted digital</digitalOrigin></physicalDescription><abstract>Exterior of Albert and Bella Groussman's grocery store, now known as the "Mercantile Café,'' on the "9th Street Park" on the Auraria Higher Education Complex.</abstract><note>Title supplied by archivist.</note><note type="admin">ph226</note><subject><name><namePart>Groussman, Albert--1861-1925</namePart></name></subject><subject><name><namePart>Groussman, Bella Sobol--1869-1966</namePart></name></subject><subject><name><namePart>Groussman's Store</namePart></name></subject><subject><topic>Jews</topic></subject><subject><topic>Jewish businesspeople</topic></subject><subject><topic>Jewish merchants</topic></subject><subject><topic>Stores, Retail</topic></subject><subject><genre>Photographs</genre></subject><subject><geographic>Denver (Colo.)</geographic></subject><subject><geographic>Colorado</geographic></subject><relatedItem><titleInfo><title>Beck Archives Photograph Collection, Businesses</title></titleInfo></relatedItem><identifier type="local">B063.01.0001.00044</identifier><location><url usage="primary display">http://hdl.handle.net/10176/codu:59308</url></location><accessCondition type="useAndReproduction">Copyright restrictions may apply. User is responsible for all copyright compliance.</accessCondition></mods>