<mods xmlns="http://www.loc.gov/mods/v3" xmlns:mods="http://www.loc.gov/mods/v3" xmlns:xlink="http://www.w3.org/1999/xlink" xmlns:xsi="http://www.w3.org/2001/XMLSchema-instance"><titleInfo><title>Exterior of the Lutz Overall Factory</title></titleInfo><name type="personal"><role><roleTerm authority="marcrelator" type="text">creator</roleTerm></role></name><typeOfResource>still image</typeOfResource><originInfo><publisher>University of Denver</publisher><place><placeTerm type="text">Denver, Colorado</placeTerm></place><dateCreated keyDate="yes">between 1905-1910</dateCreated></originInfo><language></language><physicalDescription><extent>1 item (photograph), 4 x 5 inches, black and white</extent><note>Handwritten on envelope: ''#416 Lutz Overall Factory, Leon Obodov, mgr.''  On back of photograph: ''Lutz Overall Factory on Larimer St. Leon Obodov, 8th from left, was manager c. 1905-1910. The Lutz's employed many immigrant Jews during the early years of the century. #416.''</note><form>Photographic prints</form><digitalOrigin>Reformatted digital</digitalOrigin></physicalDescription><abstract>Exterior of the Lutz Overall Factory on Larimer Street in Denver, Colorado. There is a large group of employees standing in front of the factory. Leon Obodov (8th from left) was manager at the time. The factory employed many immigrant Jews during the early part of the 20th century.</abstract><note>Title supplied by archivist.</note><note>Appears in ''Images of America: Jewish Denver 1859-1940,'' by Dr. Jeanne Abrams, page 42.</note><note type="admin">ph416</note><subject><name><namePart>Obodov, Leon</namePart></name></subject><subject><name><namePart>Lutz Overall Factory</namePart></name></subject><subject><topic>Jews</topic></subject><subject><topic>Jewish businesspeople</topic></subject><subject><topic>Clothing trade</topic></subject><subject><topic>Clothing factories</topic></subject><subject><genre>Photographs</genre></subject><subject><genre>Group portraits</genre></subject><subject><genre>Exterior views</genre></subject><subject><geographic>Denver (Colo.)</geographic></subject><subject><geographic>Colorado</geographic></subject><relatedItem><titleInfo><title>Beck Archives Photograph Collection, Businesses</title></titleInfo></relatedItem><identifier type="local">B063.01.0017.00015</identifier><location><url usage="primary display">http://hdl.handle.net/10176/codu:59310</url></location><accessCondition type="useAndReproduction">Copyright restrictions may apply. User is responsible for all copyright compliance.</accessCondition></mods>