<mods xmlns="http://www.loc.gov/mods/v3" xmlns:mods="http://www.loc.gov/mods/v3" xmlns:xlink="http://www.w3.org/1999/xlink" xmlns:xsi="http://www.w3.org/2001/XMLSchema-instance"><titleInfo><title>Max Stein Peddling Pineapples from his Wagon</title></titleInfo><name type="personal"><role><roleTerm authority="marcrelator" type="text">creator</roleTerm></role></name><typeOfResource>still image</typeOfResource><originInfo><publisher>University of Denver</publisher><place><placeTerm type="text">Denver, Colorado</placeTerm></place><dateCreated keyDate="yes">circa 1910</dateCreated></originInfo><language><languageTerm type="text">Inscription is in English.</languageTerm></language><physicalDescription><extent>2 items (photograph), 8 x 10 inches,</extent><note>On envelope: "# 386 Max Stein Peddling Pineapples in Pueblo c. 1910." Handwritten on back of one photograph: "Max Stein with his fruit wagon, c. 1910. Pueblo Co., Donor Mrs. Ruth Stein, #386, MMJ2."  Handwritten on back of one photograph: "#386 Max Stein peddling pineapple in Pueblo."</note><form>Photographic prints</form><digitalOrigin>Reformatted digital</digitalOrigin></physicalDescription><abstract>Max Stein stands in front of his horse-drawn fruit wagon on a street in Pueblo, Colorado with an unidentified man holding pineapples.  Stein also served as a mounted policeman in Pueblo at the turn of the century.</abstract><note>Title supplied by archivist.</note><note>Appears in ''Images of America: Jewish Denver 1859-1940,'' by Dr. Jeanne Abrams, page 127.</note><note type="admin">Donated by Mrs. Ruth Stein</note><note type="admin">ph386</note><subject><name><namePart>Stein, Max</namePart></name></subject><subject><topic>Jews</topic></subject><subject><topic>Jewish businesspeople</topic></subject><subject><topic>Street vendors</topic></subject><subject><genre>Photographs</genre></subject><subject><geographic>Pueblo (Colo.)</geographic></subject><relatedItem><titleInfo><title>Beck Archives Photograph Collection, Businesses</title></titleInfo></relatedItem><identifier type="local">B063.01.0001.00023</identifier><location><url usage="primary display">http://hdl.handle.net/10176/codu:59315</url></location><accessCondition type="useAndReproduction">Copyright restrictions may apply. User is responsible for all copyright compliance.</accessCondition></mods>