<mods xmlns="http://www.loc.gov/mods/v3" xmlns:mods="http://www.loc.gov/mods/v3" xmlns:xlink="http://www.w3.org/1999/xlink" xmlns:xsi="http://www.w3.org/2001/XMLSchema-instance"><titleInfo><title>Evelyn Rosenthal Stone and Max Rosenthal in Electrical Store</title></titleInfo><name type="personal"><role><roleTerm authority="marcrelator" type="text">creator</roleTerm></role></name><typeOfResource>still image</typeOfResource><originInfo><publisher>University of Denver</publisher><place><placeTerm type="text">Denver, Colorado</placeTerm></place><dateCreated keyDate="yes">8/26/1930</dateCreated></originInfo><language></language><physicalDescription><extent>1 item (photograph), 5 x 7 inches, black and white</extent><note>Handwritten on envelope: ''#628 Max Rosenthal and daughter Evelyn Rosenthal Stone in elec shop, c. 1930''. On back of photograph: ''#628 Augus 26, 1930  Evelyn Rosenthal Stone and Max Rosenthal in Electrical Store''.</note><form>Photographic prints</form><digitalOrigin>Reformatted digital</digitalOrigin></physicalDescription><abstract>Interior of electrical store with Max Rosenthal and his daughter Evelyn Rosenthal Stone.</abstract><note>Title supplied by archivist.</note><note type="admin">ph628</note><subject><name><namePart>Stone, Evelyn Rosenthal</namePart></name></subject><subject><name><namePart>Rosenthal, Max</namePart></name></subject><subject><topic>Jews</topic></subject><subject><topic>Jewish merchants</topic></subject><subject><genre>Photographs</genre></subject><subject><genre>Interior views</genre></subject><subject><occupation>Merchants</occupation></subject><relatedItem><titleInfo><title>Beck Archives Photograph Collection, Businesses</title></titleInfo></relatedItem><identifier type="local">B063.01.0009.00039</identifier><location><url usage="primary display">http://hdl.handle.net/10176/codu:59427</url></location><accessCondition type="useAndReproduction">Copyright restrictions may apply. User is responsible for all copyright compliance.</accessCondition></mods>