<mods xmlns="http://www.loc.gov/mods/v3" xmlns:mods="http://www.loc.gov/mods/v3" xmlns:xlink="http://www.w3.org/1999/xlink" xmlns:xsi="http://www.w3.org/2001/XMLSchema-instance"><titleInfo><title>Rebekah J. Baron Play</title></titleInfo><name type="personal"><role><roleTerm authority="marcrelator" type="text">creator</roleTerm></role></name><typeOfResource>still image</typeOfResource><originInfo><publisher>University of Denver</publisher><place><placeTerm type="text">Denver, Colorado</placeTerm></place><dateCreated keyDate="yes">undated</dateCreated></originInfo><language></language><physicalDescription><extent>1 item (photograph), 4 x 5 inches, black and white</extent><note>On envelope: "#482 Rebekah J. Baron  Rebekah was an actress under community." On back of photograph: "Rebekah J. Baron, #482."</note><form>Photographic prints</form><digitalOrigin>Reformatted digital</digitalOrigin></physicalDescription><abstract>Rebekah J. Baron seated between two actresses in a play she acted in and directed.</abstract><note>Title supplied by archivist.</note><note type="admin">Donated by Rebekah Baron</note><note type="admin">ph482</note><subject><name><namePart>Baron, Rebekah J.</namePart></name></subject><subject><topic>Theater</topic></subject><subject><genre>Photographic prints</genre></subject><subject><occupation>Actors</occupation></subject><relatedItem><titleInfo><title>Beck Archives Photograph Collection, Community</title></titleInfo></relatedItem><identifier type="local">B063.02.0018.00084</identifier><location><url usage="primary display">http://hdl.handle.net/10176/codu:60337</url></location><accessCondition type="useAndReproduction">Copyright restrictions may apply. User is responsible for all copyright compliance.</accessCondition></mods>