<mods xmlns="http://www.loc.gov/mods/v3" xmlns:mods="http://www.loc.gov/mods/v3" xmlns:xlink="http://www.w3.org/1999/xlink" xmlns:xsi="http://www.w3.org/2001/XMLSchema-instance"><titleInfo><title>Colfax Elementary Class of 1950</title></titleInfo><name type="personal"><role><roleTerm authority="marcrelator" type="text">creator</roleTerm></role></name><typeOfResource>still image</typeOfResource><originInfo><publisher>University of Denver</publisher><place><placeTerm type="text">Denver, Colorado</placeTerm></place><dateCreated keyDate="yes">1/1950</dateCreated></originInfo><language><languageTerm type="text">Inscription is in English.</languageTerm></language><physicalDescription><extent>1 item (photograph), 8 x 10 inches, black and white</extent><note>Typed note in envelope: ''COLFAX SCHOOL GRADUATING CLASS, JANUARY 1950;  Bottom Row, left to right; Howard Emeson, Ronald Handler, Fred Speyer, Sherman Opper, Roberta Simon; Second Row; Egan Hansen (Principal), Avrum Rubin, Victor Heackley, Jack Zelkin, Larry Pettis, Marcia McCammon (Teacher); Third Row; Beryle Saliman, Ralph Pitter, Paul Cohen; Top Row; Donald Handler, Ila Rose Blumberg, Bill Litvak, Gail Turner.''  Written on the front of the photograph: ''Colfax School 6A - class Jan. 1950.''</note><form>Photographic prints</form><digitalOrigin>Reformatted digital</digitalOrigin></physicalDescription><abstract>Group school portrait of the graduating class of Colfax Elementary School in 1950. Bottom row, from left to right: Howard Emeson, Ronald Handler, Fred Speyer, Sherman Opper, Roberta Simon.  Second row, from left to right: Egan Hansen (Principal), Avrum Rubin, Victor Heackley, Jack Zelkin, Larry Pettis, and Marcia McCammon (Teacher). Third row, from left to right: Beryle Saliman, Ralph Pitter, and Paul Cohen. Top row, from left to right: Donald Handler, Ila Rose Blumberg, Bill Litvak, and Gail Turner.</abstract><note>Title supplied by archivist.</note><note type="admin">Donated by Paul Cohen.</note><note type="admin">ph771</note><subject><name><namePart>Emeson, Howard</namePart></name></subject><subject><name><namePart>Handler, Ronald</namePart></name></subject><subject><name><namePart>Speyer, Fred</namePart></name></subject><subject><name><namePart>Opper, Sherman</namePart></name></subject><subject><name><namePart>Simon, Roberta</namePart></name></subject><subject><name><namePart>Hansen, Egan</namePart></name></subject><subject><name><namePart>Rubin, Avrum</namePart></name></subject><subject><name><namePart>Heackley, Victor</namePart></name></subject><subject><name><namePart>Zelkin, Jack</namePart></name></subject><subject><name><namePart>Pettis, Larry</namePart></name></subject><subject><name><namePart>McCammon, Marcia</namePart></name></subject><subject><name><namePart>Saliman, Beryle</namePart></name></subject><subject><name><namePart>Pitter, Ralph</namePart></name></subject><subject><name><namePart>Cohen, Paul</namePart></name></subject><subject><name><namePart>Handler, Donald</namePart></name></subject><subject><name><namePart>Blumberg, Ila Rose</namePart></name></subject><subject><name><namePart>Turner, Gail</namePart></name></subject><subject><name><namePart>Litvak, Bill</namePart></name></subject><subject><name><namePart>Colfax Elementary School</namePart></name></subject><subject><topic>Classes (Groups of students)</topic></subject><subject><topic>Children</topic></subject><subject><genre>Photographs</genre></subject><subject><genre>Group portraits</genre></subject><subject><geographic>Denver (Colo.)</geographic></subject><subject><geographic>Colfax Avenue (Denver, Colo.)</geographic></subject><relatedItem><titleInfo><title>Beck Archives Photograph Collection, Community</title></titleInfo></relatedItem><identifier type="local">B063.02.0002.00003</identifier><location><url usage="primary display">http://hdl.handle.net/10176/codu:60200</url></location><accessCondition type="useAndReproduction">Copyright restrictions may apply. User is responsible for all copyright compliance.</accessCondition></mods>