<mods xmlns="http://www.loc.gov/mods/v3" xmlns:mods="http://www.loc.gov/mods/v3" xmlns:xlink="http://www.w3.org/1999/xlink" xmlns:xsi="http://www.w3.org/2001/XMLSchema-instance"><titleInfo><title>George Toltz Family</title></titleInfo><titleInfo><title>Title from envelope: __Formal Portrait of the Toltz Family</title></titleInfo><name type="personal"><role><roleTerm authority="marcrelator" type="text">creator</roleTerm></role></name><typeOfResource>still image</typeOfResource><originInfo><publisher>University of Denver</publisher><place><placeTerm type="text">Denver, Colorado</placeTerm></place><dateCreated keyDate="yes">between 1913</dateCreated></originInfo><language></language><physicalDescription><extent>1 item (photograph), 8.5 x 6.5 inches, black and white</extent><form>Photographic prints</form></physicalDescription><abstract>Formal portrait of George (Gedalia) and Minnie Toltz and their children Ida, Israel, and Rose. The family became active members of the west-side East European Jewish community. Ida's married name was Radetsky and Rose's was Mizel.</abstract><note>Title supplied by archivist.</note><note>Appears in ''Images of America: Jewish Denver 1859-1940,'' by Dr. Jeanne Abrams, page 100.</note><note type="admin">Donated by Peryle Beck in December of 1989.</note><note type="admin">1002</note><subject><name><namePart>Toltz family</namePart></name></subject><subject><name><namePart>Toltz, George--(Gedalia),--1884-1969</namePart></name></subject><subject><name><namePart>Toltz, Minnie (Munya)</namePart></name></subject><subject><name><namePart>Toltz, Israel,--1903-1983</namePart></name></subject><subject><name><namePart>Mizel, Rose Toltz,--1905-1993</namePart></name></subject><subject><name><namePart>Radetsky, Ida B. Toltz,--1909-1994</namePart></name></subject><subject><topic>Jewish families</topic></subject><subject><topic>Social life and customs</topic></subject><subject><genre>Photographs</genre></subject><subject><genre>Group portraits</genre></subject><subject><geographic>Colorado</geographic></subject><subject><geographic>Denver (Colo.)</geographic></subject><subject><geographic>West Colfax (Denver, Colo.)</geographic></subject><relatedItem><titleInfo><title>Beck Archives Photograph Collection, Families and Groups</title></titleInfo></relatedItem><identifier type="local">B063.05.0005.00027</identifier><location><url usage="primary display">http://hdl.handle.net/10176/codu:57291</url></location><accessCondition type="useAndReproduction">Copyright restrictions may apply. User is responsible for all copyright compliance.</accessCondition></mods>