<mods xmlns="http://www.loc.gov/mods/v3" xmlns:mods="http://www.loc.gov/mods/v3" xmlns:xlink="http://www.w3.org/1999/xlink" xmlns:xsi="http://www.w3.org/2001/XMLSchema-instance"><titleInfo><title>Morris and Zelda Averch Family</title></titleInfo><name type="personal"><role><roleTerm authority="marcrelator" type="text">creator</roleTerm></role></name><typeOfResource>still image</typeOfResource><originInfo><publisher>University of Denver</publisher><place><placeTerm type="text">Denver, Colorado</placeTerm></place><dateCreated keyDate="yes">circa 1908</dateCreated></originInfo><language></language><physicalDescription><extent>1 item (photograph), 5 x 4 inches, black and white</extent><form>Photographic prints</form></physicalDescription><abstract>Morris and Zelda Averch and their family pose for a formal protrait. From left to right: Morris Averch, Anna Averch Kaminsky, Meyer Averch, Dave Averch, and Zelda Averch. This is a copy of the original photograph.</abstract><note>Title supplied by archivist.</note><note type="admin">Donated by Estelle Kaminsky Levitt for publication in A Colorado Jewish Family Album.</note><note type="admin">Photo Book #141</note><subject><name><namePart>Averch, Morris</namePart></name></subject><subject><name><namePart>Averch, Zelda</namePart></name></subject><subject><name><namePart>Kaminsky, Anna Averch</namePart></name></subject><subject><name><namePart>Averch, Meyer,--1898-1987</namePart></name></subject><subject><name><namePart>Averch, Dave,--1904-1985</namePart></name></subject><subject><topic>Jewish families</topic></subject><subject><topic>Social life and customs</topic></subject><subject><topic>Jewish children</topic></subject><subject><genre>Photographs</genre></subject><subject><genre>Group portraits</genre></subject><subject><geographic>Colorado</geographic></subject><subject><geographic>Denver (Colo.)</geographic></subject><relatedItem><titleInfo><title>Beck Archives Photograph Collection, Families and Groups</title></titleInfo></relatedItem><identifier type="local">B063.05.0013.00017</identifier><location><url usage="primary display">http://hdl.handle.net/10176/codu:57283</url></location><accessCondition type="useAndReproduction">Copyright restrictions may apply. User is responsible for all copyright compliance.</accessCondition></mods>