<mods xmlns="http://www.loc.gov/mods/v3" xmlns:mods="http://www.loc.gov/mods/v3" xmlns:xlink="http://www.w3.org/1999/xlink" xmlns:xsi="http://www.w3.org/2001/XMLSchema-instance"><titleInfo><title>Cheltenham School 8th Grade Class</title></titleInfo><name type="personal"><role><roleTerm authority="marcrelator" type="text">creator</roleTerm></role></name><typeOfResource>still image</typeOfResource><originInfo><publisher>University of Denver</publisher><place><placeTerm type="text">Denver, Colorado</placeTerm></place><dateCreated keyDate="yes">between 1907-1910</dateCreated></originInfo><language><languageTerm type="text">Inscription is in English.</languageTerm></language><physicalDescription><extent>2 item (photograph), 6 x 8 inches, black and white</extent><note>Handwritten on back of photograph: ''1907 Sam Greenwald, Sam Golanty, ? Shachet, ? Stein, Sara Morris, Dora Gardenschwartz, Ida Cohen, Phil Francis, Izzie Greenwald, Louis Cook, Susie Sigman, Sarah Karsh; Cheltenham School, 8th Grade 1907, Principal Wm. Knapp, Teacher Miss Weymouth.'' Handwritten note with photograph: ''#21, 8th Grade Class of Cheltenham School, circa 1910, donated by Mr. Louis Cook; Some of the class: Principal Wm. Knapp, Teacher Miss Weymouth. Not in any order: Sam Greenwald, Sam Golanty, ? Shachet, ? Stein, Sara Morris, Dora Gardenschwartz, Si Mintz, Rod Goldberg, Ida Cohen, Phil Francis, Louis Cook, Sara Karsh, Rose Levy, Conrad Echstein, Lillian Neulander, Stella Webber, Susie Sigman, Izzie Greenwald.''</note><form>Photographic prints</form></physicalDescription><abstract>The members of the 8th grade class at Cheltenham School sit on the steps of the school located at the corner of Irving Street and West Colfax Avenue in Denver, Colorado. Many of the Jewish children living in the West Colfax neighborhood went to Cheltenham School. The students include Sam Greenwald, Sam Golanty, ? Shachet, ? Stein, Sara Morris, Dora Gardenschwartz, Ida Cohen, Phil Francis, Izzie Greenwald, Louis Cook, Susie Sigman, Sarah Karsh, Si Mintz, Rod Goldberg, Rose Levy, Conrad Echstein, Lillian Neulander, Stella Webber as well as Principal William Knapp and teacher Miss Weymouth.</abstract><note>Title supplied by archivist.</note><note type="admin">Copy donated by Louis Cook, a student in the class.</note><note type="admin">ph21</note><subject><name><namePart>Cook, Louis,--1895-1981</namePart></name></subject><subject><name><namePart>Knapp, William</namePart></name></subject><subject><name><namePart>Weymouth,--Miss</namePart></name></subject><subject><name><namePart>Greenwald, Sam</namePart></name></subject><subject><name><namePart>Golanty, Sam</namePart></name></subject><subject><name><namePart>Morris, Sara</namePart></name></subject><subject><name><namePart>Gardenschwartz, Dora</namePart></name></subject><subject><name><namePart>Cohen, Ida</namePart></name></subject><subject><name><namePart>Francis, Phil</namePart></name></subject><subject><name><namePart>Greenwald, Izzie</namePart></name></subject><subject><name><namePart>Sigman, Susie</namePart></name></subject><subject><name><namePart>Karsh, Sarah</namePart></name></subject><subject><name><namePart>Mintz, Si</namePart></name></subject><subject><name><namePart>Goldberg, Rod</namePart></name></subject><subject><name><namePart>Levy, Rose</namePart></name></subject><subject><name><namePart>Echstein, Conrad</namePart></name></subject><subject><name><namePart>Neulander, Lillian</namePart></name></subject><subject><name><namePart>Webber, Stella</namePart></name></subject><subject><name><namePart>Cheltenham School (Denver, Colo.)</namePart></name></subject><subject><topic>Jewish children</topic></subject><subject><topic>Elementary schools</topic></subject><subject><topic>Classes (Groups of students)</topic></subject><subject><topic>Jews</topic></subject><subject><genre>Group portraits</genre></subject><subject><genre>Photographs</genre></subject><subject><geographic>Denver (Colo.)</geographic></subject><subject><geographic>Colfax Avenue (Denver, Colo.)</geographic></subject><subject><occupation>Teachers</occupation></subject><subject><occupation>Elementary school principals</occupation></subject><relatedItem><titleInfo><title>Beck Archives Photograph Collection, Community</title></titleInfo></relatedItem><identifier type="local">B063.02.0002.00012</identifier><location><url usage="primary display">http://hdl.handle.net/10176/codu:57309</url></location><accessCondition type="useAndReproduction">Copyright restrictions may apply. User is responsible for all copyright compliance.</accessCondition></mods>