<mods xmlns="http://www.loc.gov/mods/v3" xmlns:mods="http://www.loc.gov/mods/v3" xmlns:xlink="http://www.w3.org/1999/xlink" xmlns:xsi="http://www.w3.org/2001/XMLSchema-instance"><titleInfo><title>Diorama of Early Denver</title></titleInfo><name type="personal"><role><roleTerm authority="marcrelator" type="text">creator</roleTerm></role></name><typeOfResource>still image</typeOfResource><originInfo><publisher>University of Denver</publisher><place><placeTerm type="text">Denver, Colorado</placeTerm></place><dateCreated keyDate="yes">after 1941</dateCreated></originInfo><language><languageTerm type="text">Inscription is in English.</languageTerm></language><physicalDescription><extent>1 item (photograph), 5 x 7 inches, black and white</extent><note>On envelope: ''#254 Street in early Denver, etc.  Colo Historical Society, Colorado scenes for To Breathe Free.'' On photograph: ''#254, street in early Denver photographed from model.''</note><form>Photographic prints</form><digitalOrigin>Reformatted digital</digitalOrigin></physicalDescription><abstract>Diorama of early Denver created by architects and historians for the Colorado Historical Society between 1934 and 1941</abstract><note>Title supplied by archivist.</note><note type="admin">ph254</note><subject><genre>Photographs</genre></subject><subject><geographic>Denver (Colo.)</geographic></subject><relatedItem><titleInfo><title>Beck Archives Photograph Collection, Community</title></titleInfo></relatedItem><identifier type="local">B063.02.0010.00007</identifier><location><url usage="primary display">http://hdl.handle.net/10176/codu:60231</url></location><accessCondition type="useAndReproduction">Copyright restrictions may apply. User is responsible for all copyright compliance.</accessCondition></mods>