<mods xmlns="http://www.loc.gov/mods/v3" xmlns:mods="http://www.loc.gov/mods/v3" xmlns:xlink="http://www.w3.org/1999/xlink" xmlns:xsi="http://www.w3.org/2001/XMLSchema-instance"><titleInfo><title>Exterior of Groussman's Store</title></titleInfo><name type="personal"><role><roleTerm authority="marcrelator" type="text">creator</roleTerm></role></name><typeOfResource>still image</typeOfResource><originInfo><publisher>University of Denver</publisher><place><placeTerm type="text">Denver, Colorado</placeTerm></place><dateCreated keyDate="yes">6/27/1982</dateCreated></originInfo><language></language><physicalDescription><extent>1 item (photograph), 5 x 4 inches, color</extent><note>Handwritten on envelope: ''#558 RMJHS Historic Denver Tour Roll II 6-27-82.''  On back of photograph: ''6/27/82  II 10A-11  Groussmans.''</note><form>Photographic prints</form><digitalOrigin>Reformatted digital</digitalOrigin></physicalDescription><abstract>Exterior of Groussman's store in Denver, Colorado. The store is situated at the end of the sidewalk in the center of the photograph and is a red brick building with a striped awning.</abstract><note>Title supplied by archivist.</note><note type="admin">ph558</note><subject><name><namePart>Groussman, Albert--1861-1925</namePart></name></subject><subject><name><namePart>Groussman, Bella Sobol--1869-1966</namePart></name></subject><subject><name><namePart>Groussman's Store</namePart></name></subject><subject><topic>Jews</topic></subject><subject><topic>Jewish merchants</topic></subject><subject><genre>Photographs</genre></subject><subject><genre>Exterior views</genre></subject><subject><geographic>Denver (Colo.)</geographic></subject><subject><geographic>Colorado</geographic></subject><relatedItem><titleInfo><title>Beck Archives Photograph Collection, Businesses</title></titleInfo></relatedItem><identifier type="local">B063.01.0017.00024</identifier><location><url usage="primary display">http://hdl.handle.net/10176/codu:59288</url></location><accessCondition type="useAndReproduction">Copyright restrictions may apply. User is responsible for all copyright compliance.</accessCondition></mods>