<mods xmlns="http://www.loc.gov/mods/v3" xmlns:mods="http://www.loc.gov/mods/v3" xmlns:xlink="http://www.w3.org/1999/xlink" xmlns:xsi="http://www.w3.org/2001/XMLSchema-instance"><titleInfo><title>Clara Goldsmith Stands in Formal Pose</title></titleInfo><name type="personal"><role><roleTerm authority="marcrelator" type="text">creator</roleTerm></role></name><typeOfResource>still image</typeOfResource><originInfo><publisher>University of Denver</publisher><place><placeTerm type="text">Denver, Colorado</placeTerm></place><dateCreated keyDate="yes">circa 1880</dateCreated></originInfo><language></language><physicalDescription><extent>1 item (photograph), 7 x 5 inches, black and white</extent><note>Handwritten on envelope: ''Goldsmith, Clara (Weil) (sic), born Denver 1860.''</note><form>Photographic prints</form></physicalDescription><abstract>Clara Goldsmith Weil stands behind a fence prop for a formal portrait.  Clara, born in 1860, was the first female Jewish baby born in Denver.  Clara's parents, Clara and Henry Goldsmith, had migrated by covered wagon from Leavenworth, Kansas.  The elder Clara died in childbirth and her daugher was named after her mother.  Clara Goldsmith Weil was raised by her aunt and uncle Rosa and Abraham Goldsmith.  The elder Clara Goldsmith's death was the impetus behind the organization of Denver's first Jewish burial society.</abstract><note>Title supplied by archivist.</note><note>Appears in ''Images of America: Jewish Denver 1859-1940,'' by Dr. Jeanne Abrams, page 15.</note><note type="admin">Donated by Dorothy Shipman.</note><note type="admin">ph1022</note><subject><name><namePart>Weil, Clara Goldsmith Bowman--1860-</namePart></name></subject><subject><topic>Jewish women</topic></subject><subject><topic>Jewish families</topic></subject><subject><topic>Social life and customs</topic></subject><subject><genre>Portraits</genre></subject><subject><genre>Photographs</genre></subject><subject><geographic>Denver (Colo.)</geographic></subject><subject><geographic>Colorado</geographic></subject><relatedItem><titleInfo><title>Beck Archives Photograph Collection, Individuals</title></titleInfo></relatedItem><identifier type="local">B063.08.0039.00004</identifier><location><url usage="primary display">http://hdl.handle.net/10176/codu:59751</url></location><accessCondition type="useAndReproduction">Copyright restrictions may apply. User is responsible for all copyright compliance.</accessCondition></mods>