<mods xmlns="http://www.loc.gov/mods/v3" xmlns:mods="http://www.loc.gov/mods/v3" xmlns:xlink="http://www.w3.org/1999/xlink" xmlns:xsi="http://www.w3.org/2001/XMLSchema-instance"><titleInfo><title>Interior of Richtol's Grocery in Denver, Colorado</title></titleInfo><name type="personal"><role><roleTerm authority="marcrelator" type="text">creator</roleTerm></role></name><typeOfResource>still image</typeOfResource><originInfo><publisher>University of Denver</publisher><place><placeTerm type="text">Denver, Colorado</placeTerm></place><dateCreated keyDate="yes">between 1920-1940</dateCreated></originInfo><language></language><physicalDescription><extent>1 item (photograph), 4 x 5 inches, black and white</extent><note>Handwritten on envelope: ''#420 Richtol's Grocery, Denver Needs scanning.''  On back of photograph: ''Richtol's Grocery 3800 W. Colfax Denver  donor Joseph Lemberg #420.''</note><form>Photographic prints</form><digitalOrigin>Reformatted digital</digitalOrigin></physicalDescription><abstract>Interior of Richtol's Grocery in Denver, Colorado. There is an unidentified woman standing behind a counter on the right hand side of the photograph. There are various food items on display throughout the store. The store was located at 3800 W. Colfax Avenue, in Denver, Colorado.</abstract><note>Title supplied by archivist.</note><note type="admin">Donated by Joseph Lemberg.</note><note type="admin">ph420</note><subject><name><namePart>Richtol's Grocery</namePart></name></subject><subject><topic>Jews</topic></subject><subject><topic>Jewish merchants</topic></subject><subject><topic>Grocery trade</topic></subject><subject><genre>Photographs</genre></subject><subject><genre>Interior views</genre></subject><subject><geographic>Denver (Colo.)</geographic></subject><subject><geographic>Colorado</geographic></subject><subject><occupation>Merchants</occupation></subject><relatedItem><titleInfo><title>Beck Archives Photograph Collection, Businesses</title></titleInfo></relatedItem><identifier type="local">B063.01.0017.00017</identifier><location><url usage="primary display">http://hdl.handle.net/10176/codu:59379</url></location><accessCondition type="useAndReproduction">Copyright restrictions may apply. User is responsible for all copyright compliance.</accessCondition></mods>