<mods xmlns="http://www.loc.gov/mods/v3" xmlns:mods="http://www.loc.gov/mods/v3" xmlns:xlink="http://www.w3.org/1999/xlink" xmlns:xsi="http://www.w3.org/2001/XMLSchema-instance"><titleInfo><title>Marjorie Hornbein at Anfenger Home</title></titleInfo><name type="personal"><role><roleTerm authority="marcrelator" type="text">creator</roleTerm></role></name><typeOfResource>still image</typeOfResource><originInfo><publisher>University of Denver</publisher><place><placeTerm type="text">Denver, Colorado</placeTerm></place><dateCreated keyDate="yes">6/27/1982</dateCreated></originInfo><language></language><physicalDescription><extent>1 item (photograph), 4 x 5 inches, color</extent><note>On envelope: "#558 RMJHS Historic Denver Tour 6-27-82  Roll II." On back of photograph: "II 7A-8, Marjorie Hornbein in front of Anfenger home."</note><form>Photographic prints</form><digitalOrigin>Reformatted digital</digitalOrigin></physicalDescription><abstract>Marjorie Hornbein stands in front of the old Anfenger home at 2900 Champa in Denver, Colorado.  Marjorie's mother was Flora Anfenger Hornbein.</abstract><note>Title supplied by archivist.</note><note type="admin">Donated by Peryle Hayutin Beck</note><note type="admin">ph558</note><subject><name><namePart>Anfenger family</namePart></name></subject><subject><name><namePart>Hornbein, Marjorie,--1913-2006</namePart></name></subject><subject><name><namePart>Rocky Mountain Jewish Historical Society</namePart></name></subject><subject><topic>Houses</topic></subject><subject><topic>Tours</topic></subject><subject><genre>Photographic prints</genre></subject><subject><geographic>Denver (Colo.)</geographic></subject><relatedItem><titleInfo><title>Beck Archives Photograph Collection, Community</title></titleInfo></relatedItem><identifier type="local">B063.02.0018.00123</identifier><location><url usage="primary display">http://hdl.handle.net/10176/codu:60376</url></location><accessCondition type="useAndReproduction">Copyright restrictions may apply. User is responsible for all copyright compliance.</accessCondition></mods>