<mods xmlns="http://www.loc.gov/mods/v3" xmlns:mods="http://www.loc.gov/mods/v3" xmlns:xlink="http://www.w3.org/1999/xlink" xmlns:xsi="http://www.w3.org/2001/XMLSchema-instance"><titleInfo><title>Channah Milstein Wearing a Kerchief</title></titleInfo><name type="personal"><role><roleTerm authority="marcrelator" type="text">creator</roleTerm></role></name><typeOfResource>still image</typeOfResource><originInfo><publisher>University of Denver</publisher><place><placeTerm type="text">Denver, Colorado</placeTerm></place><dateCreated keyDate="yes">1910</dateCreated></originInfo><language></language><physicalDescription><extent>1 item (photograph), 5 x 4 inches, black and white</extent><note>Handwritten on back of photograph: ''Channah Milstein, grandmother? of Phil Milstein, member 'Glazierlach' clan of west-side Denver, Cotopaxi colonist, donor Mrs. Sylvan Moses.''</note><form>Photographic prints</form></physicalDescription><abstract>Head and shoulders portrait of Mrs. Channah Milstein wearing a traditional kerchief or tichel headcovering. She was a member of the Jewish "Glazierlach" clan and a Cotopaxi colonist before moving to Denver's west side Orthodox Jewish Community.  Channah Milstein was known for her personal commitment to charity in Denver's west-side East European immigrant Jewish community as she urged residents to contribute to her collections of food, clothing, and money for the needy.</abstract><note>Title supplied by archivist.</note><note>Appears in ''Images of America: Jewish Denver 1859-1940,'' by Dr. Jeanne Abrams, on page 75.</note><note type="admin">Donated by Mrs. Sylvan Moses who retained the original.</note><note type="admin">ph652</note><subject><name><namePart>Milstein, Channah,--1847-1930</namePart></name></subject><subject><topic>Jewish women</topic></subject><subject><topic>Jewish clothing and dress</topic></subject><subject><topic>Jews, East European</topic></subject><subject><topic>Manners and customs</topic></subject><subject><genre>Portraits</genre></subject><subject><genre>Photographs</genre></subject><subject><geographic>Denver (Colo.)</geographic></subject><subject><geographic>Cotopaxi (Colo.)</geographic></subject><subject><geographic>Colfax Avenue (Denver, Colo.)</geographic></subject><subject><geographic>Colorado</geographic></subject><subject><occupation>Fund raisers (Persons)</occupation></subject><relatedItem><titleInfo><title>Beck Archives Photograph Collection, Individuals</title></titleInfo></relatedItem><identifier type="local">B063.08.0047.00001</identifier><location><url usage="primary display">http://hdl.handle.net/10176/codu:37760</url></location><accessCondition type="useAndReproduction">Copyright restrictions may apply. User is responsible for all copyright compliance.</accessCondition></mods>