<mods xmlns="http://www.loc.gov/mods/v3" xmlns:mods="http://www.loc.gov/mods/v3" xmlns:xlink="http://www.w3.org/1999/xlink" xmlns:xsi="http://www.w3.org/2001/XMLSchema-instance"><titleInfo><title>Kobey Family Home in Aspen, Colorado</title></titleInfo><name type="personal"><role><roleTerm authority="marcrelator" type="text">creator</roleTerm></role></name><typeOfResource>still image</typeOfResource><originInfo><publisher>University of Denver</publisher><place><placeTerm type="text">Denver, Colorado</placeTerm></place><dateCreated keyDate="yes">circa 1915</dateCreated></originInfo><language><languageTerm type="text">Inscription is in English.</languageTerm></language><physicalDescription><extent>1 item (photograph), 4 x 6 inches, black and white</extent><note>On envelope: ''#80 Kobey Family and home in Aspen  Info Inside.'' Note inside envelope: ''Kobey house in Aspen Colorado, Kobey Family, Mrs. Rachel Shwayder, front left  Donor Mr. and Mrs. Silas Kobey.''</note><form>Photographic prints</form></physicalDescription><abstract>Exterior of the Kobey family home in Aspen, Colorado.</abstract><note>Title supplied by archivist.</note><note type="admin">Donated by Mr. and Mrs. Silas Kobey</note><note type="admin">ph80</note><subject><name><namePart>Kobey family</namePart></name></subject><subject><topic>Jews</topic></subject><subject><topic>Jewish families</topic></subject><subject><topic>Social life and customs</topic></subject><subject><topic>Houses</topic></subject><subject><genre>Photographs</genre></subject><subject><genre>Exterior views</genre></subject><subject><geographic>Aspen (Colo.)</geographic></subject><relatedItem><titleInfo><title>Beck Archives Photograph Collection, Community</title></titleInfo></relatedItem><identifier type="local">B063.02.0010.00005</identifier><location><url usage="primary display">http://hdl.handle.net/10176/codu:37764</url></location><accessCondition type="useAndReproduction">Copyright restrictions may apply. User is responsible for all copyright compliance.</accessCondition></mods>