<mods xmlns="http://www.loc.gov/mods/v3" xmlns:mods="http://www.loc.gov/mods/v3" xmlns:xlink="http://www.w3.org/1999/xlink" xmlns:xsi="http://www.w3.org/2001/XMLSchema-instance"><titleInfo><title>Cook's Baths Baseball Team</title></titleInfo><name type="personal"><role><roleTerm authority="marcrelator" type="text">creator</roleTerm></role></name><typeOfResource>still image</typeOfResource><originInfo><publisher>University of Denver</publisher><place><placeTerm type="text">Denver, Colorado</placeTerm></place><dateCreated keyDate="yes">1912</dateCreated></originInfo><language><languageTerm type="text">Inscription is in English.</languageTerm></language><physicalDescription><extent>1 item (photograph), 7 x 10 inches, black and white</extent><note>On envelope: ''#55 Cook's Baths Baseball Team, c 1912.''</note><form>Photographic prints</form><digitalOrigin>Reformatted digital</digitalOrigin></physicalDescription><abstract>Members of the 1912 Cook's Baths Baseball Team line up in front of a brick building.  Left to right: Al Fishman, Dave Cook, Harry Gibbons, Max Sedalnick (Shep), [unidentified team member], Sam Kay [Sam Kantowitz, coach], Judi Goldberg, Sam Waitz, Louie Spector, Max Gelfond, Abe Pringle, and Louis Cook. Team members are wearing uniforms that display the word ''Cooks'' on their shirts.</abstract><note>Title handwritten on back of photograph.</note><note>Appears in ''Images of America: Jewish Denver 1859-1940,'' by Dr. Jeanne Abrams, page 49.</note><note type="admin">Copies donated by Louis Cook and by Charlene Cook Sachter, who retained an original photograph.</note><note type="admin">ph55</note><subject><name><namePart>Cook, Dave</namePart></name></subject><subject><name><namePart>Cook, Louis,--1895-1981</namePart></name></subject><subject><name><namePart>Fishman, Al</namePart></name></subject><subject><name><namePart>Gibbons, Harry</namePart></name></subject><subject><name><namePart>Kantrowitz, Sam</namePart></name></subject><subject><name><namePart>Kay, Sam</namePart></name></subject><subject><name><namePart>Gelfond, Max</namePart></name></subject><subject><name><namePart>Goldberg, Dudi</namePart></name></subject><subject><name><namePart>Pringle, Abe</namePart></name></subject><subject><name><namePart>Sedalnick, Max</namePart></name></subject><subject><name><namePart>Spector, Louie</namePart></name></subject><subject><name><namePart>Waitz, Sam</namePart></name></subject><subject><name><namePart>Cook’s Russian Baths (Denver, Colo.)</namePart></name></subject><subject><name><namePart>Cook's Baths Baseball Team</namePart></name></subject><subject><topic>Baseball teams</topic></subject><subject><topic>Jewish athletes</topic></subject><subject><topic>Jews</topic></subject><subject><topic>Manners and customs</topic></subject><subject><genre>Group portraits</genre></subject><subject><genre>Photographs</genre></subject><subject><geographic>Denver (Colo.)</geographic></subject><subject><occupation>Baseball coaches</occupation></subject><subject><occupation>Baseball players</occupation></subject><relatedItem><titleInfo><title>Beck Archives Photograph Collection, Community</title></titleInfo></relatedItem><identifier type="local">B063.02.0002.00030</identifier><location><url usage="primary display">http://hdl.handle.net/10176/codu:60222</url></location><accessCondition type="useAndReproduction">Copyright restrictions may apply. User is responsible for all copyright compliance.</accessCondition></mods>