<mods xmlns="http://www.loc.gov/mods/v3" xmlns:mods="http://www.loc.gov/mods/v3" xmlns:xlink="http://www.w3.org/1999/xlink" xmlns:xsi="http://www.w3.org/2001/XMLSchema-instance"><titleInfo><title>Joseph Goldfain Family</title></titleInfo><titleInfo><title>Title from envelope: __Formal Portrait of Joseph Goldfain Family</title></titleInfo><name type="personal"><role><roleTerm authority="marcrelator" type="text">creator</roleTerm></role></name><typeOfResource>still image</typeOfResource><originInfo><publisher>University of Denver</publisher><place><placeTerm type="text">Denver, Colorado</placeTerm></place><dateCreated keyDate="yes">circa 1907</dateCreated></originInfo><language></language><physicalDescription><extent>1 item (photograph), 9.5 x 8 inches, black and white</extent><note>Stamped on front of photograph: ''? Corner of 15th and Lawrence Sts.'' Handwritten on back of photograph: ''Goldfain Family c. 1900, Joseph Sam.''</note><form>Photographic prints</form></physicalDescription><abstract>Studio portrait of East European Jewish immigrants Joseph and Nettie Goldfain and their children shows the family in Denver, Colorado with Joseph holding a Yiddish newspaper printed in America. Pictured from left to right are (first row) Rose, Joseph, and Ephraim Goldfain; (second row) George, Samuel, and Nettie Goldfain.</abstract><note>Title supplied by archivist.</note><note>Appears in ''Images of America: Jewish Denver 1859-1940,'' by Dr. Jeanne Abrams, page 95.</note><note type="admin">Donated by Bess Kaplan in 1996.</note><note type="admin">1123A</note><subject><name><namePart>Goldfain family</namePart></name></subject><subject><name><namePart>Goldfain, Joseph</namePart></name></subject><subject><name><namePart>Goldfain, Nettie</namePart></name></subject><subject><name><namePart>Goldfain, Ephraim</namePart></name></subject><subject><name><namePart>Goldfain, Rose</namePart></name></subject><subject><name><namePart>Goldfain, Samuel</namePart></name></subject><subject><name><namePart>Goldfain, George</namePart></name></subject><subject><topic>Jewish children</topic></subject><subject><topic>Jewish families</topic></subject><subject><topic>Social life and customs</topic></subject><subject><topic>Yiddish newspapers</topic></subject><subject><genre>Photographs</genre></subject><subject><genre>Group portraits</genre></subject><subject><geographic>Colorado</geographic></subject><subject><geographic>Denver (Colo.)</geographic></subject><relatedItem><titleInfo><title>Beck Archives Photograph Collection, Families and Groups</title></titleInfo></relatedItem><identifier type="local">B063.05.0034.0009.00001</identifier><location><url usage="primary display">http://hdl.handle.net/10176/codu:57317</url></location><accessCondition type="useAndReproduction">Copyright restrictions may apply. User is responsible for all copyright compliance.</accessCondition></mods>