<mods xmlns="http://www.loc.gov/mods/v3" xmlns:mods="http://www.loc.gov/mods/v3" xmlns:xlink="http://www.w3.org/1999/xlink" xmlns:xsi="http://www.w3.org/2001/XMLSchema-instance"><titleInfo><title>Collapse of Isaac's Hardware Store in Leadville, Colorado</title></titleInfo><name type="personal"><role><roleTerm authority="marcrelator" type="text">creator</roleTerm></role></name><typeOfResource>still image</typeOfResource><originInfo><publisher>University of Denver</publisher><place><placeTerm type="text">Denver, Colorado</placeTerm></place><dateCreated keyDate="yes">circa 1907</dateCreated></originInfo><language><languageTerm type="text">Inscription is in English.</languageTerm></language><physicalDescription><extent>1 item (photograph), 5 x 8 inches,</extent><note>Handwritten on envelope: "#164 Collapse of Isaac's Hardware Store, c 1907."  Handwritten on back of photograph: "#164, 300 Harrison Ave. after building collapsed. (Building that housed Isaac's Hardware Store (3rd and W. Harrison)) c. 1907."</note><form>Photographic prints</form><digitalOrigin>Reformatted digital</digitalOrigin></physicalDescription><abstract>A crowd of people is gathered around the remains of Hyman Isaac's Hardware Store, 3rd and W. Harrison, Leadville, Colorado. The building collapsed circa 1907.</abstract><note>Title supplied by archivist.</note><note type="admin">ph164</note><subject><name><namePart>Hyman Isaac's Hardware Store</namePart></name></subject><subject><topic>Jews</topic></subject><subject><topic>Jewish merchants</topic></subject><subject><genre>Exterior views</genre></subject><subject><geographic>Leadville (Colo.)</geographic></subject><subject><geographic>Colorado</geographic></subject><relatedItem><titleInfo><title>Beck Archives Photograph Collection, Businesses</title></titleInfo></relatedItem><identifier type="local">B063.01.0001.00019</identifier><location><url usage="primary display">http://hdl.handle.net/10176/codu:59358</url></location><accessCondition type="useAndReproduction">Copyright restrictions may apply. User is responsible for all copyright compliance.</accessCondition></mods>