<mods xmlns="http://www.loc.gov/mods/v3" xmlns:mods="http://www.loc.gov/mods/v3" xmlns:xlink="http://www.w3.org/1999/xlink" xmlns:xsi="http://www.w3.org/2001/XMLSchema-instance"><titleInfo><title>Stevens School 6A Class</title></titleInfo><name type="personal"><role><roleTerm authority="marcrelator" type="text">creator</roleTerm></role></name><typeOfResource>still image</typeOfResource><originInfo><publisher>University of Denver</publisher><place><placeTerm type="text">Denver, Colorado</placeTerm></place><dateCreated keyDate="yes">6/1943</dateCreated></originInfo><language><languageTerm type="text">Inscription is in English.</languageTerm></language><physicalDescription><extent>1 item (photograph), 5 x 7 inches, black and white</extent><note>On envelope: ''#525 Strauss Family (Aimee Peyser)  copy dancing studio Box 26.'' On front of photograph: ''Stevens School 6A - Class - June - 1943, A.C. Martin, Denver.''</note><form>Photographic prints</form><digitalOrigin>Reformatted digital</digitalOrigin></physicalDescription><abstract>Group photo of students and their teachers posing on stairs of the Stevens School in Denver, Colorado.</abstract><note>Title from photograph.</note><note type="admin">ph525</note><subject><name><namePart>Stevens School</namePart></name></subject><subject><topic>Schools</topic></subject><subject><topic>Children</topic></subject><subject><topic>Jewish children</topic></subject><subject><genre>Photographs</genre></subject><subject><genre>Group portraits</genre></subject><subject><genre>Exterior views</genre></subject><subject><geographic>Denver (Colo.)</geographic></subject><subject><occupation>Teachers</occupation></subject><subject><occupation>Students</occupation></subject><relatedItem><titleInfo><title>Beck Archives Photograph Collection, Community</title></titleInfo></relatedItem><identifier type="local">B063.02.0010.00011</identifier><location><url usage="primary display">http://hdl.handle.net/10176/codu:60235</url></location><accessCondition type="useAndReproduction">Copyright restrictions may apply. User is responsible for all copyright compliance.</accessCondition></mods>