<mods xmlns="http://www.loc.gov/mods/v3" xmlns:mods="http://www.loc.gov/mods/v3" xmlns:xlink="http://www.w3.org/1999/xlink" xmlns:xsi="http://www.w3.org/2001/XMLSchema-instance"><titleInfo><title>Portrait of Jesse Shwayder</title></titleInfo><name type="personal"><role><roleTerm authority="marcrelator" type="text">creator</roleTerm></role></name><typeOfResource>still image</typeOfResource><originInfo><publisher>University of Denver</publisher><place><placeTerm type="text">Denver, Colorado</placeTerm></place><dateCreated keyDate="yes">between 1960-1970</dateCreated></originInfo><language><languageTerm type="text">Inscription is in English.</languageTerm></language><physicalDescription><extent>1 item (photograph), 10 x 8 inches,</extent><note>Handwritten on envelope: "# 157 Jess Shwayder c 1960's." On back of photograph, "Jesse Shwayder. c 1960's (80th birthday?), #157, donor Samsonite Corp."  There is also a stamp which reads: "Photo: Samsonite Corporation  Please Credit."</note><form>Photographic prints</form><digitalOrigin>Reformatted digital</digitalOrigin></physicalDescription><abstract>Portrait of Jesse Shwayder in the 1960's. The photograph was possibly taken on his 80th birthday. Jesse Shwayder and his brothers founded the Samsonite Corporation.</abstract><note>Title supplied by archivist.</note><note type="admin">Donated by Samsonite Corporation.</note><note type="admin">ph157</note><subject><name><namePart>Shwayder, Jesse</namePart></name></subject><subject><name><namePart>Samsonite Corporation</namePart></name></subject><subject><topic>Jews</topic></subject><subject><topic>Jewish businesspeople</topic></subject><subject><genre>Portraits</genre></subject><subject><geographic>Colorado</geographic></subject><relatedItem><titleInfo><title>Beck Archives Photograph Collection, Businesses</title></titleInfo></relatedItem><identifier type="local">B063.01.0001.00016</identifier><location><url usage="primary display">http://hdl.handle.net/10176/codu:59350</url></location><accessCondition type="useAndReproduction">Copyright restrictions may apply. User is responsible for all copyright compliance.</accessCondition></mods>