<mods xmlns="http://www.loc.gov/mods/v3" xmlns:mods="http://www.loc.gov/mods/v3" xmlns:xlink="http://www.w3.org/1999/xlink" xmlns:xsi="http://www.w3.org/2001/XMLSchema-instance"><titleInfo><title>Annie Miller and Daughters in Front of Orlinsky Cash Grocery and Meat Market</title></titleInfo><titleInfo><title>Photograph caption, p. 41, Jewish Denver, 1859-1940. __Annie Orlinsky Miller and daughters Sara and Celia appear in front of Orlinsky's Grocery c. 1910.</title></titleInfo><name type="personal"><role><roleTerm authority="marcrelator" type="text">creator</roleTerm></role></name><typeOfResource>still image</typeOfResource><originInfo><publisher>University of Denver</publisher><place><placeTerm type="text">Denver, Colorado</placeTerm></place><dateCreated keyDate="yes">circa 1910</dateCreated></originInfo><language><languageTerm type="text">Inscription is in English.</languageTerm></language><physicalDescription><extent>1 item (photograph), 5 x 4 inches, black and white</extent><note>Handwritten on envelope: "#309 Millers in front of Orlinsky's Grocery."  Handwritten on front of photograph: "Annie Miller, Sarah & Celia." Handwritten on back of photograph: "#309 Annie Miller & daughters Sarah and Celia in front of Orlinsky Cash Grocery & Meat Market, 8th Ave & Mariposa."</note><form>Photographic prints</form><digitalOrigin>Reformatted digital</digitalOrigin></physicalDescription><abstract>The Miller Family stands in front of the Orlinsky Cash Grocery and Meat Market. Annie Orlinsky Miller stands behind her daughters, Sarah and Celia. The store was located on 8th Avenue and Mariposa Street in Denver, Colorado. Annie Miller helped support her family by operating her own store.</abstract><note>Title supplied by archivist.</note><note>Appears in ''Images of America: Jewish Denver 1859-1940,'' by Dr. Jeanne Abrams, page 41.</note><note type="admin">Copy donated by Milton Morris, a friend of the Orlinsky family.</note><note type="admin">ph309</note><subject><name><namePart>Miller, Annie Orlinsky</namePart></name></subject><subject><name><namePart>Orlinsky, Celia</namePart></name></subject><subject><name><namePart>Orlinsky, Sarah</namePart></name></subject><subject><name><namePart>Orlinsky Cash Grocery and Meat Market (Denver, Colo.)</namePart></name></subject><subject><topic>Jews</topic></subject><subject><topic>Jewish women</topic></subject><subject><topic>Jewish merchants</topic></subject><subject><topic>Grocery trade</topic></subject><subject><genre>Photographs</genre></subject><subject><genre>Exterior views</genre></subject><subject><genre>Portraits</genre></subject><subject><geographic>Denver (Colo.)</geographic></subject><subject><geographic>Colorado</geographic></subject><subject><occupation>Grocers</occupation></subject><relatedItem><titleInfo><title>Beck Archives Photograph Collection, Businesses</title></titleInfo></relatedItem><identifier type="local">B063.01.0017.00005</identifier><location><url usage="primary display">http://hdl.handle.net/10176/codu:59498</url></location><accessCondition type="useAndReproduction">Copyright restrictions may apply. User is responsible for all copyright compliance.</accessCondition></mods>