<mods xmlns="http://www.loc.gov/mods/v3" xmlns:mods="http://www.loc.gov/mods/v3" xmlns:xlink="http://www.w3.org/1999/xlink" xmlns:xsi="http://www.w3.org/2001/XMLSchema-instance"><titleInfo><title>Exterior View of Congregation Zera Abraham</title></titleInfo><name type="personal"><namePart>McNamara, Charles</namePart><role><roleTerm authority="marcrelator" type="text">creator</roleTerm></role></name><name type="personal"><role><roleTerm authority="marcrelator" type="text">contributor</roleTerm></role></name><name type="corporate"><role><roleTerm authority="marcrelator" type="text">creator</roleTerm></role></name><name type="corporate"><role><roleTerm authority="marcrelator" type="text">contributor</roleTerm></role></name><typeOfResource>still image</typeOfResource><originInfo><publisher>University of Denver</publisher><place><placeTerm type="text">Denver, Colorado</placeTerm></place><dateCreated keyDate="yes">1979</dateCreated></originInfo><language><languageTerm type="text">Inscription is in English.</languageTerm></language><physicalDescription><extent>1 item (photograph), 5 x 7 inches, black and white</extent><note>On envelope: ''#475 Labor Lyceum, Talmund Torah.'' On photograph: ''#475, Labor Lyceum, photographed by Charles McNamara, 1979.''</note><form>Photographic prints</form><digitalOrigin>reformatted digital</digitalOrigin></physicalDescription><abstract>Congregation Zera Abraham was originally organized as a Chassidic Orthodox Jewish congregation in 1877, making it the oldest congregation on the west side of Denver, Colorado. The building shown here at Julian Street and West Conejos Place was the congregation's second home. It was purchased in 1938 from the Workmen's Circle, which originally erected the building as the Labor Lyceum, an educational center. The congregation later moved to a third location on Winona Court.</abstract><note>Description taken from the accession record.</note><note>Appears in ''Images of America: Jewish Denver 1859-1940,'' by Dr. Jeanne Abrams, page 64.</note><note type="admin">ph475</note><subject><name><namePart>Labor Lyceum (Denver, Colo.)</namePart></name></subject><subject><name><namePart>Congregation Zera Abraham (Denver, Colo.)</namePart></name></subject><subject><topic>Synagogues</topic></subject><subject><genre>Photographs</genre></subject><subject><genre>Exterior views</genre></subject><subject><geographic>Denver (Colo.)</geographic></subject><subject><geographic>Colorado</geographic></subject><relatedItem><titleInfo><title>Beck Archives Photograph Collection, Community</title></titleInfo></relatedItem><identifier type="local">B063.02.0010.00009</identifier><location><url usage="primary display">http://hdl.handle.net/10176/codu:60233</url></location><accessCondition type="useAndReproduction">Copyright restrictions may apply. User is responsible for all copyright compliance.</accessCondition></mods>