<mods xmlns="http://www.loc.gov/mods/v3" xmlns:mods="http://www.loc.gov/mods/v3" xmlns:xlink="http://www.w3.org/1999/xlink" xmlns:xsi="http://www.w3.org/2001/XMLSchema-instance"><titleInfo><title>Teller School</title></titleInfo><name type="personal"><namePart>Martin, Alex</namePart><role><roleTerm authority="marcrelator" type="text">creator</roleTerm></role></name><typeOfResource>still image</typeOfResource><originInfo><publisher>University of Denver</publisher><place><placeTerm type="text">Denver, Colorado</placeTerm></place><dateCreated keyDate="yes">1/1925</dateCreated></originInfo><language></language><physicalDescription><extent>1 item (photograph), 7 x 9 inches, black and white</extent><note>Handwritten signatures on the front of the photograph: ''Elizabeth Feltner, Prin. and Helen Exley Knight.'' Written on the photograph: ''JANUARY CLASS 1925. TELLER SCHOOL, DENVER, COLO: - ALEX: MARTIN PHOTO-R.'' Typed below the photograph: ''Henry M. Teller School.'' Handwritten signatures on the back of the photograph: ''Lizzie K. Blackmore, Grace S. Zirkle, Josephine C. Engelhardt, Maude B. Porter, Carrie Sauer, Lela McCoy, Celia O. Peterson, Caroline E. Glage, Janice Ruth Porter, Jane Schayer, Frances Annetta Robertson, Marjorie Firebaugh, Irving Isaacson, Edith Rose Smirnoff, [illegible], Teller School, 1925, #238.''</note><form>Photographic prints</form><digitalOrigin>Reformatted digital</digitalOrigin></physicalDescription><abstract>A group of students posed with their teacher in front of Henry M. Teller Elementary School located at 1150 Garfield Street, Denver, Colorado. The following students signed the back of the photograph: Lizzie K. Blackmore, Grace S. Zirkle, Josephine C. Engelhardt, Maude B. Porter, Carrie Sauer, Lela McCoy, Celia O. Peterson, Caroline E. Glage, Janice Ruth Porter, Jane Schayer, Frances Annetta Robertson, Marjorie Firebaugh, Irving Isaacson, Edith Rose Smirnoff. Elizabeth Feltner, Prin. and Helen Exley Knight signed the front of the photograph.</abstract><note>Title supplied by archivist.</note><note type="admin">Donated by Debbie Greenfield.</note><note type="admin">ph238</note><subject><name><namePart>Feltner, Elizabeth</namePart></name></subject><subject><name><namePart>Knight, Helen Exley</namePart></name></subject><subject><name><namePart>Blackmore, Lizzie K.</namePart></name></subject><subject><name><namePart>Zirkle, Grace S.</namePart></name></subject><subject><name><namePart>Engelhardt, Josephine C.</namePart></name></subject><subject><name><namePart>Porter, Maude B.</namePart></name></subject><subject><name><namePart>Sauer, Carrie</namePart></name></subject><subject><name><namePart>McCoy, Lela</namePart></name></subject><subject><name><namePart>Peterson, Celia O.</namePart></name></subject><subject><name><namePart>Glage, Caroline E.</namePart></name></subject><subject><name><namePart>Porter, Janice Ruth</namePart></name></subject><subject><name><namePart>Schayer, Jane</namePart></name></subject><subject><name><namePart>Robertson, Frances Annetta</namePart></name></subject><subject><name><namePart>Firebaugh, Marjorie</namePart></name></subject><subject><name><namePart>Isaacson, Irving</namePart></name></subject><subject><name><namePart>Smirnoff, Edith Rose</namePart></name></subject><subject><name><namePart>Henry M. Teller Elementary School</namePart></name></subject><subject><topic>Schools</topic></subject><subject><genre>Group portraits</genre></subject><subject><geographic>Denver (Colo.)</geographic></subject><subject><occupation>Students</occupation></subject><subject><occupation>Teachers</occupation></subject><relatedItem><titleInfo><title>Beck Archives Photograph Collection, Community</title></titleInfo></relatedItem><identifier type="local">B063.02.0032.0010.00001</identifier><location><url usage="primary display">http://hdl.handle.net/10176/codu:60386</url></location><accessCondition type="useAndReproduction">Copyright restrictions may apply. User is responsible for all copyright compliance.</accessCondition></mods>