<mods xmlns="http://www.loc.gov/mods/v3" xmlns:mods="http://www.loc.gov/mods/v3" xmlns:xlink="http://www.w3.org/1999/xlink" xmlns:xsi="http://www.w3.org/2001/XMLSchema-instance"><titleInfo><title>Cemetery in Trinidad, Colorado</title></titleInfo><name type="personal"><role><roleTerm authority="marcrelator" type="text">creator</roleTerm></role></name><typeOfResource>still image</typeOfResource><originInfo><publisher>University of Denver</publisher><place><placeTerm type="text">Denver, Colorado</placeTerm></place><dateCreated keyDate="yes">between 1970-1977</dateCreated></originInfo><language></language><physicalDescription><extent>1 item (photograph), 5 x 4 inches, black and white</extent><note>On envelope: ''#101 Group of pictures of Trinidad Cemetery''. On photograph: "David Cohen 31 Michigan Infantry, Spanish American War, Trinidad, Co 1976, donated by: Paul May, #101."</note><form>Photographic prints</form><digitalOrigin>Reformatted digital</digitalOrigin></physicalDescription><abstract>David Cohen's tombstone in a cemetery in Trinidad, Colorado.</abstract><note>Title supplied by archivist.</note><note type="admin">Donated by Paul May.</note><note type="admin">ph101</note><subject><name><namePart>Cohen, David</namePart></name></subject><subject><topic>Jews</topic></subject><subject><topic>Jewish families</topic></subject><subject><topic>Cemeteries</topic></subject><subject><genre>Photographs</genre></subject><subject><geographic>Trinidad (Colo.)</geographic></subject><relatedItem><titleInfo><title>Beck Archives Photograph Collection, Community</title></titleInfo></relatedItem><identifier type="local">B063.02.0018.00006</identifier><location><url usage="primary display">http://hdl.handle.net/10176/codu:60259</url></location><accessCondition type="useAndReproduction">Copyright restrictions may apply. User is responsible for all copyright compliance. Please credit Roger Whitacre.</accessCondition></mods>