<mods xmlns="http://www.loc.gov/mods/v3" xmlns:mods="http://www.loc.gov/mods/v3" xmlns:xlink="http://www.w3.org/1999/xlink" xmlns:xsi="http://www.w3.org/2001/XMLSchema-instance"><titleInfo><title>Cheltenham School June Class 1917</title></titleInfo><name type="personal"><namePart>Martin, Alexander,--d. 1929</namePart><role><roleTerm authority="marcrelator" type="text">creator</roleTerm></role></name><typeOfResource>still image</typeOfResource><originInfo><publisher>University of Denver</publisher><place><placeTerm type="text">Denver, Colorado</placeTerm></place><dateCreated keyDate="yes">6/1917</dateCreated></originInfo><language></language><physicalDescription><extent>1 item (photograph), 7 x 9 inches, black and white</extent><note>Printed on front of photograph: ''June Class. 1917. Cheltenham School. Denver, Colo. A. Martin, Photo.'' Handwritten on back of matting: ''Cheltenham, 3rd from left Lena Radetsky Barron, #1094.''</note><form>Photographic prints</form></physicalDescription><abstract>Teachers pose with their students, the class of 1917 on the steps of Cheltenham School located at West Colfax Avenue and Irving Street in Denver, Colorado. The boys wear suits with short pants and the girls wear dresses.  Lena Radetsky Barron sits third from left in the front row.</abstract><note>Title supplied by archivist.</note><note type="admin">Donated by Roberta Norman.</note><note type="admin">ph1094</note><subject><name><namePart>Barron, Lena Radetsky</namePart></name></subject><subject><name><namePart>Cheltenham School (Denver, Colo.)</namePart></name></subject><subject><topic>Jewish children</topic></subject><subject><topic>Elementary schools</topic></subject><subject><topic>Classes (Groups of students)</topic></subject><subject><topic>Jews</topic></subject><subject><genre>Group portraits</genre></subject><subject><genre>Photographs</genre></subject><subject><geographic>Colorado</geographic></subject><subject><geographic>Denver (Colo.)</geographic></subject><subject><geographic>Colfax Avenue (Denver, Colo.)</geographic></subject><subject><geographic>West Colfax (Denver, Colo.)</geographic></subject><subject><occupation>Teachers</occupation></subject><subject><occupation>Elementary school principals</occupation></subject><relatedItem><titleInfo><title>Beck Archives Photograph Collection, Community</title></titleInfo></relatedItem><identifier type="local">B063.02.0034.0012.00001</identifier><location><url usage="primary display">http://hdl.handle.net/10176/codu:57328</url></location><accessCondition type="useAndReproduction">Copyright restrictions may apply. User is responsible for all copyright compliance.</accessCondition></mods>