<mods xmlns="http://www.loc.gov/mods/v3" xmlns:mods="http://www.loc.gov/mods/v3" xmlns:xlink="http://www.w3.org/1999/xlink" xmlns:xsi="http://www.w3.org/2001/XMLSchema-instance"><titleInfo><title>Denver Firemen</title></titleInfo><name type="personal"><role><roleTerm authority="marcrelator" type="text">creator</roleTerm></role></name><typeOfResource>still image</typeOfResource><originInfo><publisher>University of Denver</publisher><place><placeTerm type="text">Denver, Colorado</placeTerm></place><dateCreated keyDate="yes">circa 1905</dateCreated></originInfo><language><languageTerm type="text">Inscription is in English.</languageTerm></language><physicalDescription><extent>2 item (photograph), 2 x 2 inches, black and white</extent><note>On envelope: "#1051 Wm. Goldblatt and (illegible)." On photograph: "1905 - The Denver Fire Dept., #1051."</note><form>Film negatives</form><digitalOrigin>Reformatted digital</digitalOrigin></physicalDescription><abstract>Nine members of the Denver Fire Dept. standing in front of a fire wagon (two on the wagon).</abstract><note>Second item is a photographic print. Good condition, 7 x 5 inches, black and white.</note><note type="admin">ph1051</note><subject><name><namePart>Denver Fire Department</namePart></name></subject><subject><topic>Horse-drawn vehicles</topic></subject><subject><genre>Photographs</genre></subject><subject><genre>Exterior views</genre></subject><subject><geographic>Denver (Colo.)</geographic></subject><subject><occupation>Fire fighters</occupation></subject><relatedItem><titleInfo><title>Beck Archives Photograph Collection, Community</title></titleInfo></relatedItem><identifier type="local">B063.02.0010.00027</identifier><location><url usage="primary display">http://hdl.handle.net/10176/codu:60251</url></location><accessCondition type="useAndReproduction">Copyright restrictions may apply. User is responsible for all copyright compliance.</accessCondition></mods>