<mods xmlns="http://www.loc.gov/mods/v3" xmlns:mods="http://www.loc.gov/mods/v3" xmlns:xlink="http://www.w3.org/1999/xlink" xmlns:xsi="http://www.w3.org/2001/XMLSchema-instance"><titleInfo><title>Azriel Stein's Certificate for 50 Years as a Druggist</title></titleInfo><name type="personal"><role><roleTerm authority="marcrelator" type="text">creator</roleTerm></role></name><typeOfResource>still image</typeOfResource><originInfo><publisher>University of Denver</publisher><place><placeTerm type="text">Denver, Colorado</placeTerm></place><dateCreated keyDate="yes">circa 1966</dateCreated></originInfo><language></language><physicalDescription><extent>1 item (photograph), 5 x 7 inches, black and white</extent><note>Handwritten on envelope: ''#579 Azriel Stein, Certificate 50 yrs as Co. druggist''.</note><form>Photographic prints</form><digitalOrigin>Reformatted digital</digitalOrigin></physicalDescription><abstract>Certificate Azriel Stein received for being a registered druggist in the state of Colorado for 50 years. His original registration date was June of 1916.</abstract><note>Title supplied by archivist.</note><note type="admin">ph579</note><subject><name><namePart>Stein, Azriel,--1896-1976</namePart></name></subject><subject><name><namePart>Pencol Drugs</namePart></name></subject><subject><topic>Jews</topic></subject><subject><topic>Pharmacists</topic></subject><subject><genre>Photographs</genre></subject><subject><geographic>Denver (Colo.)</geographic></subject><subject><geographic>Colorado</geographic></subject><relatedItem><titleInfo><title>Beck Archives Photograph Collection, Businesses</title></titleInfo></relatedItem><identifier type="local">B063.01.0009.00031</identifier><location><url usage="primary display">http://hdl.handle.net/10176/codu:59282</url></location><accessCondition type="useAndReproduction">Copyright restrictions may apply. User is responsible for all copyright compliance.</accessCondition></mods>