<mods xmlns="http://www.loc.gov/mods/v3" xmlns:mods="http://www.loc.gov/mods/v3" xmlns:xlink="http://www.w3.org/1999/xlink" xmlns:xsi="http://www.w3.org/2001/XMLSchema-instance"><titleInfo><title>Jaffa Opera House</title></titleInfo><name type="personal"><role><roleTerm authority="marcrelator" type="text">creator</roleTerm></role></name><typeOfResource>still image</typeOfResource><originInfo><publisher>University of Denver</publisher><place><placeTerm type="text">Denver, Colorado</placeTerm></place><dateCreated keyDate="yes">circa 1976</dateCreated></originInfo><language></language><physicalDescription><extent>1 item (photograph), 4 x 5 inches, black and white</extent><note>On envelope: "#144 Jaffa Opera House." On photograph: "Jaffa Opera House, 1976, now a hotel for indigents, 1883, Donor Paul May, #144."</note><form>Photographic prints</form><digitalOrigin>Reformatted digital</digitalOrigin></physicalDescription><abstract>Street view of the Jaffa Opera House in Trinidad, Colorado. Signs on the building say: "Trinidad Opera House, 1882," "The Hausman Drug Co.," and "Main St. Liquor."</abstract><note>Title supplied by archivist.</note><note type="admin">Donated by Paul May</note><note type="admin">ph144</note><subject><name><namePart>Jaffa Opera House</namePart></name></subject><subject><topic>Opera</topic></subject><subject><topic>Jewish businesspeople</topic></subject><subject><genre>Photographs</genre></subject><subject><genre>Exterior views</genre></subject><subject><geographic>Trinidad (Colo.)</geographic></subject><relatedItem><titleInfo><title>Beck Archives Photograph Collection, Community</title></titleInfo></relatedItem><identifier type="local">B063.02.0018.00018</identifier><location><url usage="primary display">http://hdl.handle.net/10176/codu:60271</url></location><accessCondition type="useAndReproduction">Copyright restrictions may apply. User is responsible for all copyright compliance.</accessCondition></mods>