<mods xmlns="http://www.loc.gov/mods/v3" xmlns:mods="http://www.loc.gov/mods/v3" xmlns:xlink="http://www.w3.org/1999/xlink" xmlns:xsi="http://www.w3.org/2001/XMLSchema-instance"><titleInfo><title>East High School Cadet Band</title></titleInfo><name type="personal"><role><roleTerm authority="marcrelator" type="text">creator</roleTerm></role></name><typeOfResource>still image</typeOfResource><originInfo><publisher>University of Denver</publisher><place><placeTerm type="text">Denver, Colorado</placeTerm></place><dateCreated keyDate="yes">circa 1920s</dateCreated></originInfo><language><languageTerm type="text">Inscription is in English.</languageTerm></language><physicalDescription><extent>1 item (photograph), 5 x 7 inches, black and white</extent><note>On envelope: ''#704 Harold Friedland, High School Band.'' On photograph: ''#704 Harold Friedland 4th from left, ca. 1920's, high school music club.''</note><form>Photographic prints</form><digitalOrigin>Reformatted digital</digitalOrigin></physicalDescription><abstract>East High School Cadet Band, seven students holding instruments, including Harold Friedland 4th from the left holding a trumpet, and their teacher.</abstract><note>Title supplied by archivist.</note><note type="admin">ph704</note><subject><name><namePart>Friedland, Harold</namePart></name></subject><subject><name><namePart>East High School (Denver, Colo.)</namePart></name></subject><subject><topic>Bands (Music)</topic></subject><subject><genre>Photographs</genre></subject><subject><genre>Group portraits</genre></subject><subject><geographic>Denver (Colo.)</geographic></subject><subject><occupation>Students</occupation></subject><subject><occupation>Teachers</occupation></subject><relatedItem><titleInfo><title>Beck Archives Photograph Collection, Community</title></titleInfo></relatedItem><identifier type="local">B063.02.0010.00021</identifier><location><url usage="primary display">http://hdl.handle.net/10176/codu:60245</url></location><accessCondition type="useAndReproduction">Copyright restrictions may apply. User is responsible for all copyright compliance.</accessCondition></mods>