<mods xmlns="http://www.loc.gov/mods/v3" xmlns:mods="http://www.loc.gov/mods/v3" xmlns:xlink="http://www.w3.org/1999/xlink" xmlns:xsi="http://www.w3.org/2001/XMLSchema-instance"><titleInfo><title>Aftermath of Pueblo Flood</title></titleInfo><name type="personal"><role><roleTerm authority="marcrelator" type="text">creator</roleTerm></role></name><typeOfResource>still image</typeOfResource><originInfo><publisher>University of Denver</publisher><place><placeTerm type="text">Denver, Colorado</placeTerm></place><dateCreated keyDate="yes">6/12/1921</dateCreated></originInfo><language><languageTerm type="text">Inscription is in English.</languageTerm></language><physicalDescription><extent>1 item (photograph), 4 x 6 inches, black and white</extent><note>On envelope: "#1048 Bernheim/Bowman Family Businesses, Pueblo, CO 1921." On photograph: "Taken 6/12/21 of Flood of 6/3/21 X C.D.B., Pueblo Flood, Clarence Bowman, 2."</note><form>Photographic prints</form><digitalOrigin>Reformatted digital</digitalOrigin></physicalDescription><abstract>Clarence Bowman stands in front of a store amid flood damage in Pueblo, Colorado after the June 3, 1921 Pueblo Flood.</abstract><note>Title taken from accession record.</note><note type="admin">ph1048</note><subject><name><namePart>Bowman, Clarence</namePart></name></subject><subject><topic>Flood damage</topic></subject><subject><genre>Photographs</genre></subject><subject><genre>Exterior views</genre></subject><subject><geographic>Pueblo (Colo.)</geographic></subject><relatedItem><titleInfo><title>Beck Archives Photograph Collection, Community</title></titleInfo></relatedItem><identifier type="local">B063.02.0010.00024</identifier><location><url usage="primary display">http://hdl.handle.net/10176/codu:60248</url></location><accessCondition type="useAndReproduction">Copyright restrictions may apply. User is responsible for all copyright compliance.</accessCondition></mods>