<mods xmlns="http://www.loc.gov/mods/v3" xmlns:mods="http://www.loc.gov/mods/v3" xmlns:xlink="http://www.w3.org/1999/xlink" xmlns:xsi="http://www.w3.org/2001/XMLSchema-instance"><titleInfo><title>Pueblo Cemetery</title></titleInfo><name type="personal"><role><roleTerm authority="marcrelator" type="text">creator</roleTerm></role></name><typeOfResource>still image</typeOfResource><originInfo><publisher>University of Denver</publisher><place><placeTerm type="text">Denver, Colorado</placeTerm></place><dateCreated keyDate="yes">6/14/1981</dateCreated></originInfo><language></language><physicalDescription><extent>1 item (photograph), 5 x 4 inches, color</extent><note>On envelope: "#511 RMJHS - Bus Trip Pueblo, Colorado Springs, Roll 1 - Temple Emanuel and Pueblo Metropolitan Museum; Roll 2 - United Hebrew Center, Pueblo Cemetery, Rabbi David Kline." On back of photograph: "II Bus Trip to Pueblo, 6/14/81, 35A-36, Pueblo Cemetery, #511."</note><form>Photographic prints</form><digitalOrigin>Reformatted digital</digitalOrigin></physicalDescription><abstract>Gravestone in the Pueblo cemetery in Pueblo, Colorado.</abstract><note>Title supplied by archivist.</note><note type="admin">ph511</note><subject><topic>Cemeteries</topic></subject><subject><genre>Photographic prints</genre></subject><subject><geographic>Pueblo (Colo.)</geographic></subject><relatedItem><titleInfo><title>Beck Archives Photograph Collection, Community</title></titleInfo></relatedItem><identifier type="local">B063.02.0018.00115</identifier><location><url usage="primary display">http://hdl.handle.net/10176/codu:60368</url></location><accessCondition type="useAndReproduction">Copyright restrictions may apply. User is responsible for all copyright compliance.</accessCondition></mods>