<mods xmlns="http://www.loc.gov/mods/v3" xmlns:mods="http://www.loc.gov/mods/v3" xmlns:xlink="http://www.w3.org/1999/xlink" xmlns:xsi="http://www.w3.org/2001/XMLSchema-instance"><titleInfo><title>Colorado State Basketball Championship Award</title></titleInfo><name type="personal"><role><roleTerm authority="marcrelator" type="text">creator</roleTerm></role></name><typeOfResource>still image</typeOfResource><originInfo><publisher>University of Denver</publisher><place><placeTerm type="text">Denver, Colorado</placeTerm></place><dateCreated keyDate="yes">between 1915-1916</dateCreated></originInfo><language><languageTerm type="text">Inscription is in English.</languageTerm></language><physicalDescription><extent>1 item (photograph), 5 x 7 inches, black and white</extent><note>On envelope: ''#658 Dr. John Finesilver as a teenager, sports.'' On photograph: ''#658, Award given to Dr. John Finesilver.''</note><form>Photographic prints</form><digitalOrigin>Reformatted digital</digitalOrigin></physicalDescription><abstract>Colorado state basketball award given to John Finesilver.  Award says: ''Denver, State Champions, 1915-1916, A.F.C.'' with a basketball hanging from it.</abstract><note>Title supplied by archivist.</note><note type="admin">ph658</note><subject><name><namePart>Finesilver, John</namePart></name></subject><subject><topic>Basketball</topic></subject><subject><genre>Photographs</genre></subject><subject><geographic>Colorado</geographic></subject><relatedItem><titleInfo><title>Beck Archives Photograph Collection, Community</title></titleInfo></relatedItem><identifier type="local">B063.02.0010.00017</identifier><location><url usage="primary display">http://hdl.handle.net/10176/codu:60241</url></location><accessCondition type="useAndReproduction">Copyright restrictions may apply. User is responsible for all copyright compliance.</accessCondition></mods>