<mods xmlns="http://www.loc.gov/mods/v3" xmlns:mods="http://www.loc.gov/mods/v3" xmlns:xlink="http://www.w3.org/1999/xlink" xmlns:xsi="http://www.w3.org/2001/XMLSchema-instance"><titleInfo><title>Fishers Peak</title></titleInfo><titleInfo><title>View of Trinidad, Colorado ||Fisher's Peak</title></titleInfo><name type="personal"><namePart>Hausman Studios</namePart><role><roleTerm authority="marcrelator" type="text">creator</roleTerm></role></name><typeOfResource>still image</typeOfResource><originInfo><publisher>University of Denver</publisher><place><placeTerm type="text">Denver, Colorado</placeTerm></place><dateCreated keyDate="yes">circa 1921</dateCreated></originInfo><language><languageTerm type="text">Inscription is in English.</languageTerm></language><physicalDescription><extent>1 item (photograph), 5 x 7 inches, black and white</extent><note>Handwritten on back of print: ''Photograph by Hausman Studios 1921 Trinidad #774.'' On envelope: ''#744 Hausman Family (Trinidad and Denver).'' On the front of the photograph: ''1921 Hausman Studios Fishers Peak.''</note><form>Photographic prints</form><digitalOrigin>Reformatted digital</digitalOrigin></physicalDescription><abstract>View of the town of Trinidad, Colorado with Fishers Peak in the background. This photograph was taken by the Hausman Family Studios.</abstract><note>Title supplied by archivist.</note><note type="admin">Donated by Morton Stark.</note><note type="admin">ph744</note><subject><topic>Buildings</topic></subject><subject><topic>Cities and towns</topic></subject><subject><topic>Mountains</topic></subject><subject><genre>Photographs</genre></subject><subject><geographic>Trinidad (Colo.)</geographic></subject><subject><geographic>Fishers Peak (Colo.)</geographic></subject><relatedItem><titleInfo><title>Beck Archives Photograph Collection, Community</title></titleInfo></relatedItem><identifier type="local">B063.02.0010.00003</identifier><location><url usage="primary display">http://hdl.handle.net/10176/codu:60228</url></location><accessCondition type="useAndReproduction">Copyright restrictions may apply. User is responsible for all copyright compliance. Please credit Roger Whitacre.</accessCondition></mods>