<mods xmlns="http://www.loc.gov/mods/v3" xmlns:mods="http://www.loc.gov/mods/v3" xmlns:xlink="http://www.w3.org/1999/xlink" xmlns:xsi="http://www.w3.org/2001/XMLSchema-instance"><titleInfo><title>Louis Robinson Family</title></titleInfo><titleInfo><title>Title from envelope: __Formal Portrait of the Louis Robinson Family ||Published with caption: __Louis Robinson (seated center) and Family, c. 1907, Denver, Colorado.</title></titleInfo><name type="personal"><role><roleTerm authority="marcrelator" type="text">creator</roleTerm></role></name><name type="personal"><role><roleTerm authority="marcrelator" type="text">contributor</roleTerm></role></name><name type="corporate"><role><roleTerm authority="marcrelator" type="text">creator</roleTerm></role></name><name type="corporate"><role><roleTerm authority="marcrelator" type="text">contributor</roleTerm></role></name><typeOfResource>still image</typeOfResource><originInfo><publisher>University of Denver</publisher><place><placeTerm type="text">Denver, Colorado</placeTerm></place><dateCreated keyDate="yes">circa 1907</dateCreated></originInfo><language><languageTerm type="text">English</languageTerm></language><physicalDescription><extent>1 item (photograph), 4 x 5 inches, black and white</extent><note>Typed caption in photo book: ''Louis Robinson (seated center) and Family, c. 1907, Denver, Colorado; Courtesy: Robinson Dairy Inc.''</note><form>Photographic prints</form><digitalOrigin>reformatted digital</digitalOrigin></physicalDescription><abstract>Louis Robinson sits on a chair, flanked by his wife and children. Louis Robinson established the first Robinson dairy farm in 1885.</abstract><note>Title supplied by archivist.</note><note>Appears in ''Images of America: Jewish Denver 1859-1940,'' by Dr. Jeanne Abrams, page 32.</note><note type="admin">Donated by Robinson Dairy Inc. for publication in A Colorado Jewish Family Album. A digital version donated by Richard and Edward Robinson in 2008.</note><note type="admin">PB34</note><subject><name><namePart>Robinson, Louis--1852-1923</namePart></name></subject><subject><name><namePart>Robinson Dairy (Denver, Colo.)</namePart></name></subject><subject><topic>Jewish men</topic></subject><subject><topic>Jewish families</topic></subject><subject><topic>Jewish businesspeople</topic></subject><subject><topic>Dairy farms</topic></subject><subject><genre>Photographs</genre></subject><subject><genre>Group portraits</genre></subject><subject><geographic>Colorado</geographic></subject><subject><geographic>Denver (Colo.)</geographic></subject><subject><occupation>Dairy farmers</occupation></subject><relatedItem><titleInfo><title>Beck Archives Photograph Collection, Families and Groups</title></titleInfo></relatedItem><identifier type="local">B063.05.0005.00026</identifier><location><url usage="primary display">http://hdl.handle.net/10176/codu:57339</url></location><accessCondition type="useAndReproduction">Copyright restrictions may apply. User is responsible for all copyright compliance.</accessCondition></mods>