<mods xmlns="http://www.loc.gov/mods/v3" xmlns:mods="http://www.loc.gov/mods/v3" xmlns:xlink="http://www.w3.org/1999/xlink" xmlns:xsi="http://www.w3.org/2001/XMLSchema-instance"><titleInfo><title>Label Ginsburg Standing in His Ginsburg's Grocery Store</title></titleInfo><name type="personal"><role><roleTerm authority="marcrelator" type="text">creator</roleTerm></role></name><typeOfResource>still image</typeOfResource><originInfo><publisher>University of Denver</publisher><place><placeTerm type="text">Denver, Colorado</placeTerm></place><dateCreated keyDate="yes">circa 1925</dateCreated></originInfo><language><languageTerm type="text">Inscription is in English.</languageTerm></language><physicalDescription><extent>2 items (2 photographs), 5  x 7 inches, black and white</extent><note>Handwritten on envelope: "# 207 Label Ginsburg, in grocery store, c 1925 info inside check copy". Typewritten tag located inside original envelope: "Label Ginsberg In his grocery store Denver, C. 1925". Handwritten notes on back of photograph: "Approximately 1925 #207 MMJ 15 8/78 Mr. Louis Ginsburg (Verben) 14th at Grove St. Husband of Mollie Ginsburg. Father of :Rose Greenblatt (Mrs. Isadore Greenblatt 1576 Osceola) Dr. Hyman Ginsburg 3124 Van Ness Fresno, Calif 98704 Joe Ginsburg, Acct. 955 Eudora 80222 Picture sent in by: Faye Langer (Mrs. William Lauger) Mr. and Mrs. William Lauger 418 Swain Court Stockton, Calif 95207 5 5/16 x 3 5/8 Religion Cut Phillips Fri 9".</note><form>Photographic prints</form><digitalOrigin>Reformatted digital</digitalOrigin></physicalDescription><abstract>Label Ginsburg is standing in front of Ginsburg's grocery counter wearing a suit and bowler hat. Canned and dry goods are displayed on the shelves as well as a large sign for Hills Brothers Coffee. The store was located at 1401 Grove St., Denver, Colorado in Denver's Westside Colfax Jewish community. When a sign painter made a mistake and spelled the Ginsberg surname with a "u" instead of an "e," Label changed the family name to Ginsburg.</abstract><note>Title supplied by archivist.</note><note>Appears in ''Images of America: Jewish Denver 1859-1940,'' by Dr. Jeanne Abrams, page 43.</note><note type="admin">Donated by Dorothea Langer in September of 1978.</note><note type="admin">ph207</note><subject><name><namePart>Ginsburg, Label</namePart></name></subject><subject><name><namePart>Ginsburg's (Denver, Colo.)</namePart></name></subject><subject><topic>Jews</topic></subject><subject><topic>Jewish merchants</topic></subject><subject><topic>Stores, Retail</topic></subject><subject><topic>Family-owned business enterprises</topic></subject><subject><topic>Grocery trade</topic></subject><subject><topic>Jewish businesspeople</topic></subject><subject><genre>Photographs</genre></subject><subject><genre>Interior views</genre></subject><subject><geographic>Denver (Colo.)</geographic></subject><subject><geographic>Colorado</geographic></subject><subject><occupation>Grocers</occupation></subject><relatedItem><titleInfo><title>Beck Archives Photograph Collection, Businesses</title></titleInfo></relatedItem><identifier type="local">B063.01.0001.00040</identifier><location><url usage="primary display">http://hdl.handle.net/10176/codu:37770</url></location><accessCondition type="useAndReproduction">Copyright restrictions may apply. User is responsible for all copyright compliance.</accessCondition></mods>