<mods xmlns="http://www.loc.gov/mods/v3" xmlns:mods="http://www.loc.gov/mods/v3" xmlns:xlink="http://www.w3.org/1999/xlink" xmlns:xsi="http://www.w3.org/2001/XMLSchema-instance"><titleInfo><title>Oberfelder-Slack Program Book Cover</title></titleInfo><name type="personal"><role><roleTerm authority="marcrelator" type="text">creator</roleTerm></role></name><typeOfResource>still image</typeOfResource><originInfo><publisher>University of Denver</publisher><place><placeTerm type="text">Denver, Colorado</placeTerm></place><dateCreated keyDate="yes">between 1938-1939</dateCreated></originInfo><language></language><physicalDescription><extent>1 item (photograph), 7 x 5 inches, black and white</extent><note>Handwritten on envelope: ''#717 Oberfelder program books''.</note><form>Photographic prints</form><digitalOrigin>Reformatted digital</digitalOrigin></physicalDescription><abstract>Cover of Oberfelder-Slack Concert Series Program for Season 1938-1939. Pioneer impresario Arthur Oberfelder organized a concert series that lasted until his death in 1954. The event was held at the Denver Auditorium and featured Ignacy Paderewski.</abstract><note>Title supplied by archivist.</note><note type="admin">ph717</note><subject><name><namePart>Paderewski, Ignace Jan,--1860-1941</namePart></name></subject><subject><topic>Jews</topic></subject><subject><topic>Concerts</topic></subject><subject><genre>Photographs</genre></subject><subject><geographic>Denver (Colo.)</geographic></subject><subject><geographic>Colorado</geographic></subject><relatedItem><titleInfo><title>Beck Archives Photograph Collection, Businesses</title></titleInfo></relatedItem><identifier type="local">B063.01.0009.00041</identifier><location><url usage="primary display">http://hdl.handle.net/10176/codu:59326</url></location><accessCondition type="useAndReproduction">Copyright restrictions may apply. User is responsible for all copyright compliance.</accessCondition></mods>