<mods xmlns="http://www.loc.gov/mods/v3" xmlns:mods="http://www.loc.gov/mods/v3" xmlns:xlink="http://www.w3.org/1999/xlink" xmlns:xsi="http://www.w3.org/2001/XMLSchema-instance"><titleInfo><title>Aaron Gove Junior High School</title></titleInfo><name type="personal"><role><roleTerm authority="marcrelator" type="text">creator</roleTerm></role></name><typeOfResource>still image</typeOfResource><originInfo><publisher>University of Denver</publisher><place><placeTerm type="text">Denver, Colorado</placeTerm></place><dateCreated keyDate="yes">between 1915-1930</dateCreated></originInfo><language></language><physicalDescription><extent>1 item (photograph), 10 x 14 inches, black and white</extent><note>Handwritten signatures on the front of the photograph: ''H. G. Wilford, H. S. Philips, and Olivia Brinker.'' Handwritten signatures on the back of the photograph: ''Property of Olive Ruth Chernoff, Dorothy G. Leslie, Mildred M. Chutock, Agnes C. McCallum, Lucile Harward, Mary S. Hetinyer, Norma Hattinger, Mary E. Biggs, Alma Krusen, Maud L. Stevens, Shirley Hanson, Mary Steele, Jane Adele Williams, Majorie Stephenson, Mel Sheldon, Eleanor Marden, Margaret Michael, Julia Middlebrook, Isabel Bickel, Russell Smith, Shirley Hanson, Annabelle Weinberg, Stuart Sauerg, [illegible], Julia Goodson, Irving Isaacson ''Chunky,'' Lucile Segaudas, Lucia May Corine (Corny), Geremine McDonald, Wilma Brandt, Beth Chamberlain, Janet Reed, Gene Kelton, Budd Anderson (cousin), Edith, to my love, Louise Epperson, Clark Johnson, Hugh S. Corbin, Charles P. Barry, Marjorie Hitt, Anita [illegible], Jane Schayer, Janice Porter, Dorothy Cox, Arlene Ruth, Gene Kelton, Frances Robertson, Marguerite Wirz, Dorothy Laudale, Ethel Mooney, Evelyn Baldwin Young, Mary Louis, Helen-Virginia Donaldson, Major Stuff, Rodney Chamberlain, Aaron Gove Jr. High Donor, Debbie Greenfield.''</note><form>Photographic prints</form><digitalOrigin>Reformatted digital</digitalOrigin></physicalDescription><abstract>A group of students posed with their teachers in front of Aaron Gove Junior High School located at Colorado Blvd and 14th Ave, Denver, Colorado. Most of the windows have been colored in except for the second story windows on the right where children are looking out. The following students signed the back of the photograph: Olive Ruth Chernoff, Dorothy G. Leslie, Mildred M. Chutock, Agnes C. McCallum, Lucile Harward, Mary S. Hetinyer, Norma Hattinger, Mary E. Biggs, Alma Krusen, Maud L. Stevens, Shirley Hanson, Mary Steele, Jane Adele Williams, Majorie Stephenson, Mel Sheldon, Eleanor Marden, Margaret Michael, Julia Middlebrook, Isabel Bickel, Russell Smith, Annabelle Weinberg, Stuart Sauerg, [illegible], Julia Goodson, Irving Isaacson ''Chunky,'' Lucile Segaudas, Lucia May Corine (Corny), Geremine McDonald, Wilma Brandt, Beth Chamberlain, Janet Reed, Gene Kelton, Budd Anderson (cousin), Edith, Louise Epperson, Clark Johnson, Hugh S. Corbin, Charles P. Barry, Marjorie Hitt, Anita [illegible], Jane Schayer, Janice Porter, Dorothy Cox, Arlene Ruth, Frances Robertson, Marguerite Wirz, Dorothy Laudale, Ethel Mooney, Evelyn Baldwin Young, Mary Louis, Helen-Virginia Donaldson, Major Stuff, Rodney Chamberlain. Olivia Brinker, H. G. Wilford, and H. S. Philips signed the front of the photograph.</abstract><note>Title supplied by archivist.</note><note type="admin">Donated by Debbie Greenfield.</note><note type="admin">ph235</note><subject><name><namePart>Chernoff, Olive Ruth</namePart></name></subject><subject><name><namePart>Leslie, Dorothy G.</namePart></name></subject><subject><name><namePart>Chutock, Mildred M.</namePart></name></subject><subject><name><namePart>McCallum, Agnes C.</namePart></name></subject><subject><name><namePart>Harward, Lucile</namePart></name></subject><subject><name><namePart>Hetinyer, Mary S.</namePart></name></subject><subject><name><namePart>Hattinger, Norma</namePart></name></subject><subject><name><namePart>Biggs, Mary E.</namePart></name></subject><subject><name><namePart>Krusen, Alma</namePart></name></subject><subject><name><namePart>Stevens, Maud L.</namePart></name></subject><subject><name><namePart>Hanson, Shirley</namePart></name></subject><subject><name><namePart>Steele, Mary</namePart></name></subject><subject><name><namePart>Williams, Jane Adele</namePart></name></subject><subject><name><namePart>Stephenson, Majorie</namePart></name></subject><subject><name><namePart>Sheldon, Mel</namePart></name></subject><subject><name><namePart>Marden, Eleanor</namePart></name></subject><subject><name><namePart>Michael, Margaret</namePart></name></subject><subject><name><namePart>Middlebrook, Julia</namePart></name></subject><subject><name><namePart>Bickel, Isabel</namePart></name></subject><subject><name><namePart>Smith, Russell</namePart></name></subject><subject><name><namePart>Weinberg, Annabelle</namePart></name></subject><subject><name><namePart>Sauerg, Stuart</namePart></name></subject><subject><name><namePart>Goodson, Julia</namePart></name></subject><subject><name><namePart>Isaacson, Irving</namePart></name></subject><subject><name><namePart>Segaudas, Lucile</namePart></name></subject><subject><name><namePart>Brinker, Olivia</namePart></name></subject><subject><name><namePart>Chamberlain, Robdney</namePart></name></subject><subject><name><namePart>Donaldson, Helen-Virginia</namePart></name></subject><subject><name><namePart>Louis, Mary</namePart></name></subject><subject><name><namePart>Young, Evelyn Baldwin</namePart></name></subject><subject><name><namePart>Mooney, Ethel</namePart></name></subject><subject><name><namePart>Laudale, Dorothy</namePart></name></subject><subject><name><namePart>Wirz, Marguerite</namePart></name></subject><subject><name><namePart>Robertson, Frances</namePart></name></subject><subject><name><namePart>Ruth, Arlene</namePart></name></subject><subject><name><namePart>Cox, Dorothy</namePart></name></subject><subject><name><namePart>Porter, Janice</namePart></name></subject><subject><name><namePart>Schayer, Jane</namePart></name></subject><subject><name><namePart>Hitt, Marjorie</namePart></name></subject><subject><name><namePart>Barry, Charles P.</namePart></name></subject><subject><name><namePart>Corbin, Hugh S.</namePart></name></subject><subject><name><namePart>Johnson, Clark</namePart></name></subject><subject><name><namePart>Epperson, Louise</namePart></name></subject><subject><name><namePart>Anderson, Budd</namePart></name></subject><subject><name><namePart>Kelton, Gene</namePart></name></subject><subject><name><namePart>Reed, Janet</namePart></name></subject><subject><name><namePart>Chamberlain, Beth</namePart></name></subject><subject><name><namePart>Brandt, Wilma</namePart></name></subject><subject><name><namePart>McDonald, Geremine</namePart></name></subject><subject><name><namePart>Corine, Lucia May</namePart></name></subject><subject><name><namePart>Wilford, H. G.</namePart></name></subject><subject><name><namePart>Philips, H. S.</namePart></name></subject><subject><name><namePart>Aaron Gove Junior High School</namePart></name></subject><subject><topic>Schools</topic></subject><subject><genre>Group portraits</genre></subject><subject><geographic>Denver (Colo.)</geographic></subject><subject><occupation>Students</occupation></subject><subject><occupation>Teachers</occupation></subject><relatedItem><titleInfo><title>Beck Archives Photograph Collection, Community</title></titleInfo></relatedItem><identifier type="local">B063.02.0032.0009.00001</identifier><location><url usage="primary display">http://hdl.handle.net/10176/codu:60385</url></location><accessCondition type="useAndReproduction">Copyright restrictions may apply. User is responsible for all copyright compliance.</accessCondition></mods>