<mods xmlns="http://www.loc.gov/mods/v3" xmlns:mods="http://www.loc.gov/mods/v3" xmlns:xlink="http://www.w3.org/1999/xlink" xmlns:xsi="http://www.w3.org/2001/XMLSchema-instance"><titleInfo><title>Aftermath of the Pueblo Flood</title></titleInfo><name type="personal"><namePart>Steele Photographer</namePart><role><roleTerm authority="marcrelator" type="text">creator</roleTerm></role></name><typeOfResource>still image</typeOfResource><originInfo><publisher>University of Denver</publisher><place><placeTerm type="text">Denver, Colorado</placeTerm></place><dateCreated keyDate="yes">6/6/1921</dateCreated></originInfo><language></language><physicalDescription><extent>1 item (photograph), 4 x 5 inches, black and white</extent><note>On envelope: "#385 Pueblo - 1921 (Negatives for #383, #384, #385 are combined in one envelope)  B18." On back of photograph: "Pueblo Co. Union Ave. after flood of 1921. Credit Steele, Photographer Pueblo. Donor Mrs. Ruth Stein." On front of photograph: "Union Ave at O Street Pueblo - 6-6-21, 41 Steele."</note><form>Photographic prints</form><digitalOrigin>Reformatted digital</digitalOrigin></physicalDescription><abstract>Street view of the aftermath of the Pueblo Flood from the corner of Union Ave and O Street.</abstract><note>Title supplied by archivist.</note><note type="admin">Donated by Ruth Stein</note><note type="admin">ph385</note><subject><topic>Flood damage</topic></subject><subject><topic>Streets</topic></subject><subject><genre>Photographic prints</genre></subject><subject><genre>Exterior views</genre></subject><subject><geographic>Pueblo (Colo.)</geographic></subject><relatedItem><titleInfo><title>Beck Archives Photograph Collection, Community</title></titleInfo></relatedItem><identifier type="local">B063.02.0018.00056</identifier><location><url usage="primary display">http://hdl.handle.net/10176/codu:60309</url></location><accessCondition type="useAndReproduction">Copyright restrictions may apply. User is responsible for all copyright compliance.</accessCondition></mods>