<mods xmlns="http://www.loc.gov/mods/v3" xmlns:mods="http://www.loc.gov/mods/v3" xmlns:xlink="http://www.w3.org/1999/xlink" xmlns:xsi="http://www.w3.org/2001/XMLSchema-instance"><titleInfo><title>Exterior of The Schachet Mercantile</title></titleInfo><name type="personal"><role><roleTerm authority="marcrelator" type="text">creator</roleTerm></role></name><typeOfResource>still image</typeOfResource><originInfo><publisher>University of Denver</publisher><place><placeTerm type="text">Denver, Colorado</placeTerm></place><dateCreated keyDate="yes">6/27/1982</dateCreated></originInfo><language></language><physicalDescription><extent>1 item (photograph), 5 x 4 inches, color</extent><note>Handwritten on envelope: ''#558 RMJHS Historic Denver Tour Roll II 6-27-82.''  On back of photograph: ''6/27/82 II 17A-18 Schachet Mercantile.''</note><form>Photographic prints</form><digitalOrigin>Reformatted digital</digitalOrigin></physicalDescription><abstract>Exterior of The Schachet Mercantile in Denver, Colorado, located on Colfax Avenue and Morrison Road.  Schachet's was a Jewish delicatessen and sold kosher delicacies such as whitefish and lox.</abstract><note>Title supplied by archivist.</note><note type="admin">ph558</note><subject><name><namePart>Schachet Mercantile Company (Denver, Colo.)</namePart></name></subject><subject><topic>Jews</topic></subject><subject><topic>Jewish merchants</topic></subject><subject><genre>Photographs</genre></subject><subject><genre>Exterior views</genre></subject><subject><geographic>Denver (Colo.)</geographic></subject><subject><geographic>Colorado</geographic></subject><relatedItem><titleInfo><title>Beck Archives Photograph Collection, Businesses</title></titleInfo></relatedItem><identifier type="local">B063.01.0017.00029</identifier><location><url usage="primary display">http://hdl.handle.net/10176/codu:59286</url></location><accessCondition type="useAndReproduction">Copyright restrictions may apply. User is responsible for all copyright compliance.</accessCondition></mods>