<mods xmlns="http://www.loc.gov/mods/v3" xmlns:mods="http://www.loc.gov/mods/v3" xmlns:xlink="http://www.w3.org/1999/xlink" xmlns:xsi="http://www.w3.org/2001/XMLSchema-instance"><titleInfo><title>Exterior of M. Wise Store, Trinidad, Colo.</title></titleInfo><name type="personal"><role><roleTerm authority="marcrelator" type="text">creator</roleTerm></role></name><typeOfResource>still image</typeOfResource><originInfo><publisher>University of Denver</publisher><place><placeTerm type="text">Denver, Colorado</placeTerm></place><dateCreated keyDate="yes">circa 1860</dateCreated></originInfo><language></language><physicalDescription><extent>1 item (photograph), 5 x 7 inches, black and white</extent><note>On back of photograph: #820 Please credit Colorado Historical Society commercial use requires additional fee.  C. Trinidad-1860's''.  On envelope: ''#820 M. Wise Store in Trinidad  Caption. M. Wise store in Trinidad, Colorado, c. 1860s courtesy of the Colorado Historical Society''.</note><form>Photographic prints</form><digitalOrigin>Reformatted digital</digitalOrigin></physicalDescription><abstract>The exterior of the M. Wise Store in Trinidad, Colorado, is shown with three men standing in front of the door before an unpaved street. The sign above the door reads, "M. Wise and Co." and advertises dry goods, clothing, liquor, and groceries. Three men stand further down the street.  Maurice Wise may have  been the first Jewish merchant in Trinidad.</abstract><note>Title supplied by archivist.</note><note>Courtesy of the Colorado Historical Society.</note><note>Appears in, ''Images of America: Jewish Denver 1859-1940,'' By Dr. Jeanne Abrams on page 122.</note><note type="admin">Gift of the Colorado Historical Society.</note><note type="admin">ph820</note><subject><name><namePart>Wise, Maurice</namePart></name></subject><subject><name><namePart>M. Wise and Co. (Trinidad, Colo.)</namePart></name></subject><subject><topic>Jews</topic></subject><subject><topic>Jewish men</topic></subject><subject><topic>Jewish businesspeople</topic></subject><subject><topic>Stores, Retail</topic></subject><subject><topic>Dry-goods</topic></subject><subject><topic>Grocery trade</topic></subject><subject><topic>Family-owned business enterprises</topic></subject><subject><genre>Photographs</genre></subject><subject><genre>Exterior views</genre></subject><subject><geographic>Trinidad (Colo.)</geographic></subject><subject><geographic>Colorado</geographic></subject><subject><occupation>Businesspeople</occupation></subject><relatedItem><titleInfo><title>Beck Archives Photograph Collection, Businesses</title></titleInfo></relatedItem><identifier type="local">B063.01.0009.00052</identifier><location><url usage="primary display">http://hdl.handle.net/10176/codu:59309</url></location><accessCondition type="useAndReproduction">Copyright restrictions may apply. User is responsible for all copyright compliance.</accessCondition></mods>