<mods xmlns="http://www.loc.gov/mods/v3" xmlns:mods="http://www.loc.gov/mods/v3" xmlns:xlink="http://www.w3.org/1999/xlink" xmlns:xsi="http://www.w3.org/2001/XMLSchema-instance"><titleInfo><title>Meeker House</title></titleInfo><name type="personal"><role><roleTerm authority="marcrelator" type="text">creator</roleTerm></role></name><typeOfResource>still image</typeOfResource><originInfo><publisher>University of Denver</publisher><place><placeTerm type="text">Denver, Colorado</placeTerm></place><dateCreated keyDate="yes">circa 1980</dateCreated></originInfo><language></language><physicalDescription><extent>1 item (photograph), 4 x 5 inches, color</extent><note>On envelope: "#493 Colo. Historical Markers donated by Robert Zelinger." On back of photograph: "Original home of Nathan Meeker one of the first settlers in Greeley, Colo., #493 Donor Robert Zelinger."</note><form>Photographic prints</form><digitalOrigin>Reformatted digital</digitalOrigin></physicalDescription><abstract>Meeker Home historical site original home of Nathan Meeker in Greeley, Colorado.</abstract><note>Title supplied by archivist.</note><note type="admin">Donated by Robert Zelinger</note><note type="admin">ph493</note><subject><name><namePart>Meeker, Nathan Cook--1814-1879</namePart></name></subject><subject><name><namePart>Meeker Home Museum</namePart></name></subject><subject><topic>Houses</topic></subject><subject><topic>Historic sites</topic></subject><subject><genre>Photographic prints</genre></subject><subject><genre>Exterior views</genre></subject><subject><geographic>Greeley (Colo.)</geographic></subject><relatedItem><titleInfo><title>Beck Archives Photograph Collection, Community</title></titleInfo></relatedItem><identifier type="local">B063.02.0018.00098</identifier><location><url usage="primary display">http://hdl.handle.net/10176/codu:60351</url></location><accessCondition type="useAndReproduction">Copyright restrictions may apply. User is responsible for all copyright compliance.</accessCondition></mods>