<mods xmlns="http://www.loc.gov/mods/v3" xmlns:mods="http://www.loc.gov/mods/v3" xmlns:xlink="http://www.w3.org/1999/xlink" xmlns:xsi="http://www.w3.org/2001/XMLSchema-instance"><titleInfo><title>Ed Koplin at the Carolyn Edward Gallery</title></titleInfo><name type="personal"><role><roleTerm authority="marcrelator" type="text">creator</roleTerm></role></name><typeOfResource>still image</typeOfResource><originInfo><publisher>University of Denver</publisher><place><placeTerm type="text">Denver, Colorado</placeTerm></place><dateCreated keyDate="yes">between 1990-1996</dateCreated></originInfo><language><languageTerm type="text">Inscription is in English.</languageTerm></language><physicalDescription><extent>1 item (photograph), 4 x 6 inches, color</extent><note>On envelope: ''#1125 Ed Koplin at Carolyn Edward Gallery.'' On photograph: ''Ed Koplin.''</note><form>Photographic prints</form></physicalDescription><abstract>Ed Koplin stands in a workshop at the Carolyn Edward Gallery.</abstract><note>Title taken from envelope.</note><note type="admin">ph1125</note><subject><name><namePart>Koplin, Edward</namePart></name></subject><subject><name><namePart>Carolyn Edward Gallery</namePart></name></subject><subject><topic>Art</topic></subject><subject><genre>Photographs</genre></subject><subject><geographic>Denver (Colo.)</geographic></subject><subject><geographic>Colorado</geographic></subject><relatedItem><titleInfo><title>Beck Archives Photograph Collection, Businesses</title></titleInfo></relatedItem><identifier type="local">B063.01.0009.00086</identifier><location><url usage="primary display">http://hdl.handle.net/10176/codu:60013</url></location><accessCondition type="useAndReproduction">Copyright restrictions may apply. User is responsible for all copyright compliance.</accessCondition></mods>