<mods xmlns="http://www.loc.gov/mods/v3" xmlns:mods="http://www.loc.gov/mods/v3" xmlns:xlink="http://www.w3.org/1999/xlink" xmlns:xsi="http://www.w3.org/2001/XMLSchema-instance"><titleInfo><title>Bell Tailors' 1927 Annual Picnic</title></titleInfo><name type="personal"><namePart>Mile High Photo Company (Denver, Colo.)</namePart><role><roleTerm authority="marcrelator" type="text">creator</roleTerm></role></name><typeOfResource>still image</typeOfResource><originInfo><publisher>University of Denver</publisher><place><placeTerm type="text">Denver, Colorado</placeTerm></place><dateCreated keyDate="yes">7/18/1927</dateCreated></originInfo><language><languageTerm type="text">Inscription is in English.</languageTerm></language><physicalDescription><extent>1 item photograph, 10 x 44 inches, black and white</extent><note>Printed on the front of the photograph: ''Bell Tailors' Annual Picnic, - Bergen Park, - Monday, July 18, 1927.''  On the back of the photograph: ''#1005A (oversize), Bell Tailors 1927.''</note><form>Photographic prints</form></physicalDescription><abstract>Bell Tailors' employees and their families picnic in Bergen Park in the Colorado mountains on July 18, 1927. People are holding three signs: ''Bell Tailors Annual Picnic, Bergen Park.'' There are five open-sided tour buses and some of the people are standing on top of one of the buses.</abstract><note>Title supplied by archivist.</note><note type="admin">Donated by Rae Katz.</note><note type="admin">1005A</note><subject><name><namePart>Bell Tailors</namePart></name></subject><subject><topic>Jews</topic></subject><subject><topic>Social life and customs</topic></subject><subject><topic>Picnics</topic></subject><subject><genre>Event photographs</genre></subject><subject><genre>Group portraits</genre></subject><subject><genre>Panoramic photographs</genre></subject><subject><geographic>Denver (Colo.)</geographic></subject><subject><geographic>Bergen Park (Colo.)</geographic></subject><subject><geographic>Colorado</geographic></subject><subject><occupation>Tailors</occupation></subject><relatedItem><titleInfo><title>Beck Archives Photograph Collection, Businesses</title></titleInfo></relatedItem><identifier type="local">B063.01.0050.0001.00002</identifier><location><url usage="primary display">http://hdl.handle.net/10176/codu:59936</url></location><accessCondition type="useAndReproduction">Copyright restrictions may apply. User is responsible for all copyright compliance.</accessCondition></mods>