<mods xmlns="http://www.loc.gov/mods/v3" xmlns:mods="http://www.loc.gov/mods/v3" xmlns:xlink="http://www.w3.org/1999/xlink" xmlns:xsi="http://www.w3.org/2001/XMLSchema-instance"><titleInfo><title>Gregori Mogilner Making a Mattress</title></titleInfo><name type="personal"><role><roleTerm authority="marcrelator" type="text">creator</roleTerm></role></name><typeOfResource>still image</typeOfResource><originInfo><publisher>University of Denver</publisher><place><placeTerm type="text">Denver, Colorado</placeTerm></place><dateCreated keyDate="yes">circa 1909</dateCreated></originInfo><language></language><physicalDescription><extent>2 item (photograph), 4 x 5 inches, black and white</extent><note>Handwritten on envelope: ''#417 Gregori Mogilner Mattress Factory, Denver 1909 copy- slightly dif.''  On back of one photograph: ''Gregori (Harry) Mogilner, Abe's father, making mattresses in Denver factory 1909. In 1925 he moved to Colorado Springs and bought mattress factory from Max Mogilner, a cousin. #417.''  On back of one photograph: ''Gregori (Harry) Mogilner, working in a Denver mattress factory, 1909. In 1925 moved to Colorado Springs & bought mattress factory from cousin Max Mogilner, #417.''</note><form>Photographic prints</form><digitalOrigin>Reformatted digital</digitalOrigin></physicalDescription><abstract>Gregori (Harry) Mogilner stitching a mattress in his factory during the early 20th century.</abstract><note>Title supplied by archivist.</note><note type="admin">ph417</note><subject><name><namePart>Mogilner, Gregori (Harry)</namePart></name></subject><subject><topic>Jews</topic></subject><subject><topic>Jewish businesspeople</topic></subject><subject><topic>Mattress industry</topic></subject><subject><genre>Photographs</genre></subject><subject><genre>Portraits</genre></subject><subject><geographic>Denver (Colo.)</geographic></subject><subject><geographic>Colorado</geographic></subject><relatedItem><titleInfo><title>Beck Archives Photograph Collection, Businesses</title></titleInfo></relatedItem><identifier type="local">B063.01.0017.00016</identifier><location><url usage="primary display">http://hdl.handle.net/10176/codu:59415</url></location><accessCondition type="useAndReproduction">Copyright restrictions may apply. User is responsible for all copyright compliance.</accessCondition></mods>