<mods xmlns="http://www.loc.gov/mods/v3" xmlns:mods="http://www.loc.gov/mods/v3" xmlns:xlink="http://www.w3.org/1999/xlink" xmlns:xsi="http://www.w3.org/2001/XMLSchema-instance"><titleInfo><title>Interior of Phil Brown's Kosher Butcher Shop</title></titleInfo><name type="personal"><role><roleTerm authority="marcrelator" type="text">creator</roleTerm></role></name><typeOfResource>still image</typeOfResource><originInfo><publisher>University of Denver</publisher><place><placeTerm type="text">Denver, Colorado</placeTerm></place><dateCreated keyDate="yes">circa 1921</dateCreated></originInfo><language></language><physicalDescription><extent>2 items (photograph), 5 x 7 inches, black and white</extent><note>On envelope: " # 70  Phil Brown's Kosher Butcher Shop, C 1921." Handwritten on the back of on photograph: "#70, Phil Brown Kosher, Butcher Shop, circa 1921, Phil Brown behind counter, Mrs. Julia Brown."  Handwritten on the back of the other photograph: "printers instruction, #70, Phil Brown's Kosher meat [crossed out] Butcher Ship, 1921, #70, Salimans - Bar & Grill [crossed out]."</note><form>Photographic prints</form><digitalOrigin>Reformatted digital</digitalOrigin></physicalDescription><abstract>Phil Brown in white apron and hat, stands behind meat counter, with a customer in front of the counter. Bare light bulbs, stools in front of the counter and saw hanging on back wall are part of the interior. Phil Brown was a kosher butcher in Denver.</abstract><note>Title supplied by archivist.</note><note type="admin">Donated by Mrs. Phil Brown.</note><note type="admin">ph070</note><subject><name><namePart>Brown, Phil</namePart></name></subject><subject><name><namePart>Phil Brown's Kosher Butcher Shop</namePart></name></subject><subject><topic>Jewish merchants</topic></subject><subject><topic>Jews</topic></subject><subject><genre>Interior views</genre></subject><subject><geographic>Denver (Colo.)</geographic></subject><subject><geographic>Colorado</geographic></subject><subject><occupation>Merchants</occupation></subject><relatedItem><titleInfo><title>Beck Archives Photograph Collection, Businesses</title></titleInfo></relatedItem><identifier type="local">B063.01.0009.00091</identifier><location><url usage="primary display">http://hdl.handle.net/10176/codu:59472</url></location><accessCondition type="useAndReproduction">Copyright restrictions may apply. User is responsible for all copyright compliance.</accessCondition></mods>