<mods xmlns="http://www.loc.gov/mods/v3" xmlns:mods="http://www.loc.gov/mods/v3" xmlns:xlink="http://www.w3.org/1999/xlink" xmlns:xsi="http://www.w3.org/2001/XMLSchema-instance"><titleInfo><title>Leadville, Colorado Football Team</title></titleInfo><name type="personal"><role><roleTerm authority="marcrelator" type="text">creator</roleTerm></role></name><typeOfResource>still image</typeOfResource><originInfo><publisher>University of Denver</publisher><place><placeTerm type="text">Denver, Colorado</placeTerm></place><dateCreated keyDate="yes">between 1900-1920</dateCreated></originInfo><language><languageTerm type="text">Inscription is in English.</languageTerm></language><physicalDescription><extent>1 item (photograph), 4 x 9.5 inches, black and white</extent><note>Handwritten on back of photograph: ''#497 Leadville Co Football team; Front Row L-R, Joe Dewar, Grove Griffith, Thomas O'Mahoney; Second row L-R __, Frank Finley, John Grant, Charles Priddy; Third Row: L-R Arnold Denzler, Ray Parker, Henry Miller, Joe Purcell; Back Row L-R Charles Fitzsimmons, Ray Stewart, Walter [illegible].'' On envelope: ''#497 Leadville Football Team.''</note><form>Photographic prints</form><digitalOrigin>Reformatted digital</digitalOrigin></physicalDescription><abstract>Group portrait of a football team in Leadville, Colorado. In the front row, from left to right: Joe Dewar, Grove Griffith, Thomas O'Mahoney. Second row, from left to right: unknown, Frank Finley, John Grant, Charles Priddy. Third row from left to right: Arnold Denzler, Ray Parker, Henry Miller, Joe Purcell. Back row, from left to right: Charles Fitzsimmons, Ray Stewart, Walter [illegible].</abstract><note>Title supplied by archivist.</note><note type="admin">Donated by Minette Miller.</note><note type="admin">ph497</note><subject><name><namePart>Dewar, Joe</namePart></name></subject><subject><name><namePart>Griffith, Grove</namePart></name></subject><subject><name><namePart>O'Mahoney, Thomas</namePart></name></subject><subject><name><namePart>Finley, Frank</namePart></name></subject><subject><name><namePart>Grant, John</namePart></name></subject><subject><name><namePart>Priddy, Charles</namePart></name></subject><subject><name><namePart>Denzler, Arnold</namePart></name></subject><subject><name><namePart>Parker, Ray</namePart></name></subject><subject><name><namePart>Miller, Henry</namePart></name></subject><subject><name><namePart>Purcell, Joe</namePart></name></subject><subject><name><namePart>Fitzsimmons, Charles</namePart></name></subject><subject><name><namePart>Stewart, Ray</namePart></name></subject><subject><name><namePart>Shwed, Walter</namePart></name></subject><subject><topic>Football</topic></subject><subject><genre>Photographs</genre></subject><subject><genre>Group portraits</genre></subject><subject><geographic>Leadville (Colo.)</geographic></subject><relatedItem><titleInfo><title>Beck Archives Photograph Collection, Community</title></titleInfo></relatedItem><identifier type="local">B063.02.0002.00007</identifier><location><url usage="primary display">http://hdl.handle.net/10176/codu:60204</url></location><accessCondition type="useAndReproduction">Copyright restrictions may apply. User is responsible for all copyright compliance.</accessCondition></mods>