<mods xmlns="http://www.loc.gov/mods/v3" xmlns:mods="http://www.loc.gov/mods/v3" xmlns:xlink="http://www.w3.org/1999/xlink" xmlns:xsi="http://www.w3.org/2001/XMLSchema-instance"><titleInfo><title>Gordon Sign Company Traveling Billboard</title></titleInfo><name type="personal"><role><roleTerm authority="marcrelator" type="text">creator</roleTerm></role></name><typeOfResource>still image</typeOfResource><originInfo><publisher>University of Denver</publisher><place><placeTerm type="text">Denver, Colorado</placeTerm></place><dateCreated keyDate="yes">between 1930-1940</dateCreated></originInfo><language></language><physicalDescription><extent>1 item (photograph), 5 x 7 inches, black and white</extent><note>On envelope, ''#1030 Gordon Sign Co.'' On back of photograph, ''Gordon Sign Co. 1028 Detroit, 1028 Detroit, #1030, Gordon Sign.''</note><form>Photographic prints</form><digitalOrigin>Reformatted digital</digitalOrigin></physicalDescription><abstract>Unidentified man standing beside the Gordon Sign Co. traveling billboard.  Advertised on the billboard is ''Dave Shade vs. Al Webster, 10 Rounds 10, To-night, Stockyards.'' Top of billboard says, ''For advertising on this traveling billboard call the Gordon Sign Co. 'Everything under the sun in signs' 1714 Arapahoe St. phone Champa 828.'' Harry Gordon migrated from Lithuania to New York before settling in Denver, where he founded the Gordon Sign Company.</abstract><note>Title supplied by archivist.</note><note type="admin">ph1030</note><subject><name><namePart>Gordon Sign Company</namePart></name></subject><subject><topic>Jewish businesspeople</topic></subject><subject><topic>Automobiles</topic></subject><subject><genre>Photographs</genre></subject><subject><genre>Exterior views</genre></subject><subject><geographic>Denver (Colo.)</geographic></subject><subject><geographic>Colorado</geographic></subject><subject><occupation>Businesspeople</occupation></subject><relatedItem><titleInfo><title>Beck Archives Photograph Collection, Businesses</title></titleInfo></relatedItem><identifier type="local">B063.01.0009.00063</identifier><location><url usage="primary display">http://hdl.handle.net/10176/codu:59340</url></location><accessCondition type="useAndReproduction">Copyright restrictions may apply. User is responsible for all copyright compliance.</accessCondition></mods>