<mods xmlns="http://www.loc.gov/mods/v3" xmlns:mods="http://www.loc.gov/mods/v3" xmlns:xlink="http://www.w3.org/1999/xlink" xmlns:xsi="http://www.w3.org/2001/XMLSchema-instance"><titleInfo><title>Manager and Louis Isaacs of Isaacs' Hardware Store in Leadville</title></titleInfo><name type="personal"><role><roleTerm authority="marcrelator" type="text">creator</roleTerm></role></name><typeOfResource>still image</typeOfResource><originInfo><publisher>University of Denver</publisher><place><placeTerm type="text">Denver, Colorado</placeTerm></place><dateCreated keyDate="yes">circa 1914</dateCreated></originInfo><language><languageTerm type="text">Inscription is in English.</languageTerm></language><physicalDescription><extent>1 item (photograph), 8 x 5 inches,</extent><note>Handwritten on envelope: "165 Mgr and Louis Isaacs of Isaacs hardware store in Leadville."  Handwritten on back of photograph: "#165, L to R Mike Philips (father of Ilena Nelson), manager of Hyman Isaacs' Hardware store in Leadville, with Louis Isaacs around 4th and Harrison, c. 1914."</note><form>Photographic prints</form><digitalOrigin>Reformatted digital</digitalOrigin></physicalDescription><abstract>Mike Philips, the manager of Hyman Isaacs' Hardware store poses for a photograph with Louis Isaacs, Leadville, Colorado.</abstract><note>Title supplied by archivist.</note><note type="admin">ph165</note><subject><name><namePart>Isaacs, Louis</namePart></name></subject><subject><name><namePart>Philips, Mike</namePart></name></subject><subject><name><namePart>Hyman Isaac's Hardware Store</namePart></name></subject><subject><topic>Jews</topic></subject><subject><topic>Jewish merchants</topic></subject><subject><genre>Group portraits</genre></subject><subject><geographic>Leadville (Colo.)</geographic></subject><subject><geographic>Colorado</geographic></subject><relatedItem><titleInfo><title>Beck Archives Photograph Collection, Businesses</title></titleInfo></relatedItem><identifier type="local">B063.01.0001.00020</identifier><location><url usage="primary display">http://hdl.handle.net/10176/codu:59348</url></location><accessCondition type="useAndReproduction">Copyright restrictions may apply. User is responsible for all copyright compliance.</accessCondition></mods>