<mods xmlns="http://www.loc.gov/mods/v3" xmlns:mods="http://www.loc.gov/mods/v3" xmlns:xlink="http://www.w3.org/1999/xlink" xmlns:xsi="http://www.w3.org/2001/XMLSchema-instance"><titleInfo><title>The Shwayder Brothers Standing on a Samsonite Suitcase</title></titleInfo><name type="personal"><role><roleTerm authority="marcrelator" type="text">creator</roleTerm></role></name><typeOfResource>still image</typeOfResource><originInfo><publisher>University of Denver</publisher><place><placeTerm type="text">Denver, Colorado</placeTerm></place><dateCreated keyDate="yes">between 1910</dateCreated></originInfo><language><languageTerm type="text">Inscription is in English.</languageTerm></language><physicalDescription><extent>1 item (photograph), 7 x 5 inches, black and white</extent><note>On envelope: "# 160. Shwayder Bros. standing on suitcase." On back of photograph, "Shwayder Bros. on 'Samson' suitcase, 1923."</note><form>Photographic prints</form><digitalOrigin>Reformatted digital</digitalOrigin></physicalDescription><abstract>The five Shwayder brothers stand on a board that is balanced on a Samsonite suitcase to demonstrate the strength of the suitcase. Jesse Shwayder is pictured second from the right. Other Shwayder brothers are: Mark, Maurice, Benjamin and Solomon. The Shwayder brothers owned Shwayder Trunk Company, which later became known as the Samsonite Corporation. The photograph was used to advertise Samsonite luggage.</abstract><note>Title supplied by archivist.</note><note type="admin">Donated by Samsonite Corporation.</note><note type="admin">ph160</note><subject><name><namePart>Shwayder, Jesse</namePart></name></subject><subject><name><namePart>Shwayder, Solomon</namePart></name></subject><subject><name><namePart>Shwayder, Benjamin</namePart></name></subject><subject><name><namePart>Shwayder, Maurice B.</namePart></name></subject><subject><name><namePart>Shwayder, Mark</namePart></name></subject><subject><name><namePart>Samsonite Corporation</namePart></name></subject><subject><name><namePart>Shwayder Bros. Inc.</namePart></name></subject><subject><name><namePart>Shwayder Trunk Company</namePart></name></subject><subject><topic>Jews</topic></subject><subject><topic>Jewish businesspeople</topic></subject><subject><topic>Advertising</topic></subject><subject><topic>Luggage industry</topic></subject><subject><genre>Group portraits</genre></subject><subject><geographic>Denver (Colo.)</geographic></subject><subject><geographic>Colorado</geographic></subject><subject><occupation>Manufacturer</occupation></subject><relatedItem><titleInfo><title>Beck Archives Photograph Collection, Businesses</title></titleInfo></relatedItem><identifier type="local">B063.01.0009.00002</identifier><location><url usage="primary display">http://hdl.handle.net/10176/codu:59475</url></location><accessCondition type="useAndReproduction">Copyright restrictions may apply. User is responsible for all copyright compliance.</accessCondition></mods>