<mods xmlns="http://www.loc.gov/mods/v3" xmlns:mods="http://www.loc.gov/mods/v3" xmlns:xlink="http://www.w3.org/1999/xlink" xmlns:xsi="http://www.w3.org/2001/XMLSchema-instance"><titleInfo><title>Pajama Party for Patients of the Jewish Consumptives' Relief Society</title></titleInfo><name type="personal"><namePart>Marks, Mickey--(Bertha),--1927-1997</namePart><role><roleTerm authority="marcrelator" type="text">creator</roleTerm></role></name><typeOfResource>still image</typeOfResource><originInfo><publisher>University of Denver</publisher><place><placeTerm type="text">Denver, Colorado</placeTerm></place><dateCreated keyDate="yes">1928</dateCreated></originInfo><language></language><physicalDescription><extent>1 item (photograph), 3 x 4 inches, black and white</extent><note>Handwritten on front of photograph: ''A pajama party, on sun porch, My wheel chair, Old Bldg.''  Handwritten on envelope: ''#429 JCRS 1929s.'' On back of photograph: ''JCRS, I made the paper hats, for this occasion, c 1928, from album of Bertha 'Mickey' Marks, donor Mrs. Ruth Cluff, #429.''</note><form>Photographic prints</form></physicalDescription><abstract>Unidentified female patients enjoy a pajama party at the Jewish Consumptives' Relief Society (JCRS). The JCRS was a sanatorium for tuberculosis patients that was founded in 1904 by a group of immigrant Jewish workingmen along with the support of several leading physicians and rabbis in Denver, Colorado. It was located on West Colfax Avenue just outside Denver.</abstract><note>Title supplied by archivist.</note><note type="admin">Donated by Ruth Cluff.</note><note type="admin">ph429</note><subject><name><namePart>Marks, Mickey--(Bertha)</namePart></name></subject><subject><name><namePart>Jewish Consumptives' Relief Society (U.S.)</namePart></name></subject><subject><name><namePart>American Medical Center (Denver, Colo.)</namePart></name></subject><subject><topic>Jews</topic></subject><subject><topic>Tuberculosis</topic></subject><subject><topic>Hospitals</topic></subject><subject><topic>Sanatoriums</topic></subject><subject><topic>Women</topic></subject><subject><topic>Patients</topic></subject><subject><genre>Photographs</genre></subject><subject><genre>Group portraits</genre></subject><subject><geographic>Colorado</geographic></subject><subject><geographic>Denver (Colo.)--Colfax Avenue (Denver, Colo.)</geographic></subject><subject><geographic>West Colfax (Denver, Colo.)</geographic></subject><subject><geographic>Sanatorium (Colo.)</geographic></subject><subject><geographic>Spivak (Colo.)</geographic></subject><relatedItem><titleInfo><title>Beck Archives Photograph Collection, Health Care and Philanthropy</title></titleInfo></relatedItem><identifier type="local">B063.03.0019.00061</identifier><location><url usage="primary display">http://hdl.handle.net/10176/codu:57319</url></location><accessCondition type="useAndReproduction">Copyright restrictions may apply. User is responsible for all copyright compliance.</accessCondition></mods>