<mods xmlns="http://www.loc.gov/mods/v3" xmlns:mods="http://www.loc.gov/mods/v3" xmlns:xlink="http://www.w3.org/1999/xlink" xmlns:xsi="http://www.w3.org/2001/XMLSchema-instance"><titleInfo><title>Printing and Bookbinding Staff Outside Neusteter Building</title></titleInfo><name type="personal"><namePart>Mile High Photo Company (Denver, Colo.)</namePart><role><roleTerm authority="marcrelator" type="text">creator</roleTerm></role></name><typeOfResource>still image</typeOfResource><originInfo><publisher>University of Denver</publisher><place><placeTerm type="text">Denver, Colorado</placeTerm></place><dateCreated keyDate="yes">between 1930-1939</dateCreated></originInfo><language></language><physicalDescription><extent>1 item (photograph), 8 x 10 inches, black and white</extent><note>Handwritten on envelope: ''#458 JCRS Bookbinding and Print Shop''. On back of photograph: ''#458 JCRS  Printing and Bookbinding Crew Outside Neusteter Bldg 1930s''.</note><form>Photographic prints</form></physicalDescription><abstract>Printing and bookbindery workers stand outside the Neusteter Building on the Jewish Consumptives' Relief Society (JCRS) campus.  The workers were patients of the JCRS and participated in the printing and bookbinding rehabilitation program. The JCRS was a sanatorium for tuberculosis patients that was founded in 1904 by a group of immigrant Jewish working men along with the support of several leading physicians and rabbis in Denver, Colorado. It was located on West Colfax Avenue just outside of Denver.</abstract><note>Title from back of photograph.</note><note>''MileHigh Photo 12340''-- Inked on negative, shows on print.</note><note type="admin">Donated by American Medical Center (AMC)</note><note type="admin">ph458</note><subject><name><namePart>Jewish Consumptives' Relief Society (U.S.).--Printing & Bindery</namePart></name></subject><subject><name><namePart>American Medical Center (Denver, Colo.)</namePart></name></subject><subject><topic>Jews</topic></subject><subject><topic>Tuberculosis</topic></subject><subject><topic>Hospitals</topic></subject><subject><topic>Sanatoriums</topic></subject><subject><topic>Men</topic></subject><subject><topic>Printing plants</topic></subject><subject><topic>Women</topic></subject><subject><topic>Rehabilitation</topic></subject><subject><topic>Patients</topic></subject><subject><topic>Buildings</topic></subject><subject><topic>Jewish printers</topic></subject><subject><genre>Photographs</genre></subject><subject><genre>Group portraits</genre></subject><subject><geographic>Colorado</geographic></subject><subject><geographic>Denver (Colo.)</geographic></subject><subject><geographic>Colfax Avenue (Denver, Colo.)</geographic></subject><subject><geographic>West Colfax (Denver, Colo.)</geographic></subject><subject><geographic>Spivak (Colo.)</geographic></subject><subject><occupation>Bookbinders</occupation></subject><subject><occupation>Printers</occupation></subject><relatedItem><titleInfo><title>Beck Archives Photograph Collection, Health Care and Philanthropy</title></titleInfo></relatedItem><identifier type="local">B063.03.0035.00035</identifier><location><url usage="primary display">http://hdl.handle.net/10176/codu:37762</url></location><accessCondition type="useAndReproduction">Copyright restrictions may apply. User is responsible for all copyright compliance.</accessCondition></mods>