<mods xmlns="http://www.loc.gov/mods/v3" xmlns:mods="http://www.loc.gov/mods/v3" xmlns:xlink="http://www.w3.org/1999/xlink" xmlns:xsi="http://www.w3.org/2001/XMLSchema-instance"><titleInfo><title>Ricka Saft Schayer</title></titleInfo><name type="personal"><role><roleTerm authority="marcrelator" type="text">creator</roleTerm></role></name><typeOfResource>still image</typeOfResource><originInfo><publisher>University of Denver</publisher><place><placeTerm type="text">Denver, Colorado</placeTerm></place><dateCreated keyDate="yes">circa 1865</dateCreated></originInfo><language><languageTerm type="text">Inscription is in Engish.</languageTerm></language><physicalDescription><extent>1 item (photograph), 7 x 5 inches, black and white</extent><note>Handwritten on back of photograph: ''#124, Ricka (Fredricka) Saft Schayer, Born 1847 Germany, Died 1921 Denver, Colo.''</note><form>Photographic prints</form></physicalDescription><abstract>Ricka (Fredricka) Saft Schayer, wife of Charles M. Schayer, posed for a formal portrait.</abstract><note>Title supplied by archivist.</note><note>Appears in ''Images of America: Jewish Denver 1859-1940,'' by Dr. Jeanne Abrams, on page 18.</note><note type="admin">Donated by Mr. and Mrs. Charles Schayer.</note><note type="admin">ph124</note><subject><name><namePart>Schayer, Ricka Saft--(Fredricka)--1847-1921</namePart></name></subject><subject><topic>Jewish women</topic></subject><subject><genre>Photographic prints</genre></subject><relatedItem><titleInfo><title>Beck Archives Photograph Collection, Individuals</title></titleInfo></relatedItem><identifier type="local">B063.08.0016.00018</identifier><location><url usage="primary display">http://hdl.handle.net/10176/codu:59702</url></location><accessCondition type="useAndReproduction">Copyright restrictions may apply. User is responsible for all copyright compliance.</accessCondition></mods>