<mods xmlns="http://www.loc.gov/mods/v3" xmlns:mods="http://www.loc.gov/mods/v3" xmlns:xlink="http://www.w3.org/1999/xlink" xmlns:xsi="http://www.w3.org/2001/XMLSchema-instance"><titleInfo><title>The Wisconsin Cleaning & Processing Works</title></titleInfo><name type="personal"><role><roleTerm authority="marcrelator" type="text">creator</roleTerm></role></name><typeOfResource>still image</typeOfResource><originInfo><publisher>University of Denver</publisher><place><placeTerm type="text">Denver, Colorado</placeTerm></place><dateCreated keyDate="yes">circa 1914</dateCreated></originInfo><language></language><physicalDescription><extent>1 item (photograph), 5 x 3 inches, black and white</extent><form>Photocopies</form></physicalDescription><abstract>Sam Korngold and his sister-in-law Golda Mobovitch Meir stand in front of his store the Wisconsin Cleaning and Processing Works in Denver.  Many signs relating prices and services in the store's windows.</abstract><note>Title supplied by archivist.</note><subject><name><namePart>Korngold, Samuel</namePart></name></subject><subject><name><namePart>Meir, Golda,--1898-1978</namePart></name></subject><subject><name><namePart>Wisconsin Cleaning and Processing Works</namePart></name></subject><subject><topic>Jews</topic></subject><subject><genre>Photographs</genre></subject><subject><genre>Exterior views</genre></subject><subject><geographic>Denver (Colo.)</geographic></subject><subject><geographic>Colorado</geographic></subject><subject><occupation>Merchants</occupation></subject><relatedItem><titleInfo><title>Beck Archives Photograph Collection, Businesses</title></titleInfo></relatedItem><identifier type="local">B063.01.0017.00047</identifier><location><url usage="primary display">http://hdl.handle.net/10176/codu:60002</url></location><accessCondition type="useAndReproduction">Copyright restrictions may apply. User is responsible for all copyright compliance.</accessCondition></mods>