<mods xmlns="http://www.loc.gov/mods/v3" xmlns:mods="http://www.loc.gov/mods/v3" xmlns:xlink="http://www.w3.org/1999/xlink" xmlns:xsi="http://www.w3.org/2001/XMLSchema-instance"><titleInfo><title>Hebrew School Class at Yeshiva Etz Chaim</title></titleInfo><name type="personal"><role><roleTerm authority="marcrelator" type="text">creator</roleTerm></role></name><typeOfResource>still image</typeOfResource><originInfo><publisher>University of Denver</publisher><place><placeTerm type="text">Denver, Colorado</placeTerm></place><dateCreated keyDate="yes">circa 1918</dateCreated></originInfo><language></language><physicalDescription><extent>1 item (photograph), 10 x 8 inches, black and white</extent><note>Handwritten on back of 8 x 10 inch photograph: ''Old Etz Chaim Talmud Torah, Denver 1918.'' Handwritten on back of 5 x 7 inch copy are names of the students corresponding to numbers on the front: ''Old Talmud Torah W. 14th Ave., 1918, Denver. 1. ?, 2. ?, 3.?, 4. Kandler, 5. Hershkovitz, 6. Ben Fishman, 7. Max Schreiber, 8. Sam Schwartz (Bakers son), 9. Cohen (Barbers son), 10. Willie Solomon, 11. Weinstein (Doc), 12. Abe Ornstein, 13 Singer, 14. Phil Richtel, 15. Fabricant (Auto mans son), 16. Bronstien (Chuneh), 17. Abe Weiner (Chickie Boomie), 18. Sam Silver, 19. Lou Siegel (Red), 20. Weinstien (Muttle), 21. Bernstein, 22. Sammy Dare, 23. Rudy Boscoe, 24. Barney Siegel, 25. Geo Rubin, 26. Joe Sobel, 27. ?, 28. Al Schiff, 29. Mr. Clarr (teacher), 30. Mr. Greenberg (Mayer Luzer). Note: Scuffed toes and holes in knees from playing marbles. Any one who can identify or correct spelling of anyone in this 1918 chedar class - Let me know, so I can give the corrected picture to the Rocky Mountain Jewish Historical Society - I have negative R. Siegel, 245 So Krameria 80224, 377-4332.''</note><form>Photographic prints</form></physicalDescription><abstract>Class of students and teacher of the Yeshiva Etz Chaim School chedar class at 2852 West Fourteenth Avenue in Denver, Colorado's Jewish immigrant enclave. Two adult men stand behind 28 male students. From left to right starting in the first row at the bottom: ''1. Unidentified male, 2.Unidentified male, 3.Unidentified male, 4. Kandler, 5. Hershkovitz, 6. Ben Fishman, 7. Max Schreiber, 8. Sam Schwartz (the Baker's son), 9. Cohen (the Barber's son), 10. Willie Solomon, 11. Weinstein (Doctor's son), 12. Abe Ornstein, 13 Singer, 14. Phil Richtel, 15. Fabricant (Auto mechanic's son), 16. Bronstien (Chuneh), 17. Abe Weiner (Chickie Boomie), 18. Sam Silver, 19. Lou Siegel (Red), 20. Weinstien (Muttle), 21. Bernstein, 22. Sammy Dare, 23. Rudy Boscoe, 24. Barney Siegel, 25. George Rubin, 26. Joe Sobel, 27. Unidentified male, 28. Al Schiff, 29. Mr. Clarr (teacher), 30. Mr. Greenberg (Mayer Luzer).</abstract><note>Title supplied by archivist.</note><note type="admin">Copies donated by Louis Siegel on March 20, 1979.</note><note type="admin">234</note><subject><name><namePart>Siegel, Louis</namePart></name></subject><subject><name><namePart>Boscoe, Rudolph,--1908-1997</namePart></name></subject><subject><name><namePart>Clar, Max,--1859-1943</namePart></name></subject><subject><name><namePart>Yeshiva Etz Chaim School (Denver, Colo.)</namePart></name></subject><subject><topic>Jewish children</topic></subject><subject><topic>Jewish religious schools</topic></subject><subject><topic>Elementary schools</topic></subject><subject><topic>Social life and customs</topic></subject><subject><genre>Photographs</genre></subject><subject><genre>Group portraits</genre></subject><subject><geographic>Colorado</geographic></subject><subject><geographic>Denver (Colo.)</geographic></subject><subject><geographic>Colfax Avenue (Denver, Colo.)</geographic></subject><subject><occupation>Teachers</occupation></subject><relatedItem><titleInfo><title>Beck Archives Photograph Collection, Religious Life</title></titleInfo></relatedItem><identifier type="local">B063.06.0006.00024</identifier><location><url usage="primary display">http://hdl.handle.net/10176/codu:57286</url></location><accessCondition type="useAndReproduction">Copyright restrictions may apply. User is responsible for all copyright compliance.</accessCondition></mods>