<mods xmlns="http://www.loc.gov/mods/v3" xmlns:mods="http://www.loc.gov/mods/v3" xmlns:xlink="http://www.w3.org/1999/xlink" xmlns:xsi="http://www.w3.org/2001/XMLSchema-instance"><titleInfo><title>Gordon Sign Company</title></titleInfo><name type="personal"><role><roleTerm authority="marcrelator" type="text">creator</roleTerm></role></name><typeOfResource>still image</typeOfResource><originInfo><publisher>University of Denver</publisher><place><placeTerm type="text">Denver, Colorado</placeTerm></place><dateCreated keyDate="yes">between 1910-1920</dateCreated></originInfo><language></language><physicalDescription><extent>1 item (photograph), 5 x 7 inches, black and white</extent><note>On envelope: ''#1030 Gordon Sign Co.'' On back of photograph: ''Interior Gordon Sign Co., #1030, small child - Leo Gordon, second from right - Harry Gordon.''</note><form>Photographic prints</form><digitalOrigin>Reformatted digital</digitalOrigin></physicalDescription><abstract>Interior view of the Gordon Sign Company with men and boys at work. Third from the left is Leo Gordon and man seated second from the right is Harry Gordon. The others are unidentified. Harry Gordon migrated from Lithuania to New York before settling in Denver.</abstract><note>Title supplied by archivist.</note><note type="admin">ph1030</note><subject><name><namePart>Gordon Sign Company</namePart></name></subject><subject><topic>Signs and signboards</topic></subject><subject><topic>Jewish businesspeople</topic></subject><subject><genre>Photographs</genre></subject><subject><geographic>Denver (Colo.)</geographic></subject><subject><geographic>Colorado</geographic></subject><subject><occupation>Businesspeople</occupation></subject><relatedItem><titleInfo><title>Beck Archives Photograph Collection, Businesses</title></titleInfo></relatedItem><identifier type="local">B063.01.0009.00062</identifier><location><url usage="primary display">http://hdl.handle.net/10176/codu:59314</url></location><accessCondition type="useAndReproduction">Copyright restrictions may apply. User is responsible for all copyright compliance.</accessCondition></mods>