<mods xmlns="http://www.loc.gov/mods/v3" xmlns:mods="http://www.loc.gov/mods/v3" xmlns:xlink="http://www.w3.org/1999/xlink" xmlns:xsi="http://www.w3.org/2001/XMLSchema-instance"><titleInfo><title>Exterior of the Meyer Dry Goods Store in Fort Collins, Colo. with Ida Meyer Seated in Front of the Building</title></titleInfo><name type="personal"><role><roleTerm authority="marcrelator" type="text">creator</roleTerm></role></name><typeOfResource>still image</typeOfResource><originInfo><publisher>University of Denver</publisher><place><placeTerm type="text">Denver, Colorado</placeTerm></place><dateCreated keyDate="yes">1908</dateCreated></originInfo><language></language><physicalDescription><extent>1 item (photograph), 5 x 7 inches, black and white</extent><note>On envelope: ''#741 Meyer Store in Ft. Collins''. On back of the photograph: ''The Meyer Store Fort Collins, 1908  Ida Meyer''.</note><form>Photographic prints</form><digitalOrigin>Reformatted digital</digitalOrigin></physicalDescription><abstract>Two window displays and the words "The Meyer Store" appear at the bottom of the windows. Ida Meyer sits in front of the door in a long dress. She is seated next to a young boy (unidentified). The store was established by Ida's husband Sam Meyer in Fort Collins, Colorado in 1905. Ida and Sam Meyer were married in 1908 and both became active in the town's civic and social life.</abstract><note>Title supplied by archivist.</note><note type="admin">Donated by Forrest Meyer.</note><note type="admin">ph741</note><subject><name><namePart>Meyer, Ida</namePart></name></subject><subject><name><namePart>Meyer Store</namePart></name></subject><subject><topic>Jews</topic></subject><subject><topic>Jewish merchants</topic></subject><subject><topic>Clothing trade</topic></subject><subject><genre>Photographs</genre></subject><subject><genre>Exterior views</genre></subject><subject><geographic>Fort Collins (Colo.)</geographic></subject><subject><geographic>Colorado</geographic></subject><relatedItem><titleInfo><title>Beck Archives Photograph Collection, Businesses</title></titleInfo></relatedItem><identifier type="local">B063.01.0009.00048</identifier><location><url usage="primary display">http://hdl.handle.net/10176/codu:59295</url></location><accessCondition type="useAndReproduction">Copyright restrictions may apply. User is responsible for all copyright compliance.</accessCondition></mods>