<mods xmlns="http://www.loc.gov/mods/v3" xmlns:mods="http://www.loc.gov/mods/v3" xmlns:xlink="http://www.w3.org/1999/xlink" xmlns:xsi="http://www.w3.org/2001/XMLSchema-instance"><titleInfo><title>Simon and Jennie Sanders</title></titleInfo><name type="personal"><role><roleTerm authority="marcrelator" type="text">creator</roleTerm></role></name><typeOfResource>still image</typeOfResource><originInfo><publisher>University of Denver</publisher><place><placeTerm type="text">Denver, Colorado</placeTerm></place><dateCreated keyDate="yes">circa 1870</dateCreated></originInfo><language><languageTerm type="text">Inscription is in English.</languageTerm></language><physicalDescription><extent>1 item (photograph), 5 x 4 inches, black and white</extent><note>Handwritten on back of photograph: ''Mr. and Mrs. Simon Sanders (Jennie).''</note><form>Photographic prints</form></physicalDescription><abstract>Simon and Jennie Sanders pose for a formal portrait.</abstract><note>Title supplied by archivist.</note><note>Appears in ''Images of America: Jewish Denver 1859-1940,'' by Dr. Jeanne Abrams, page 123.</note><note type="admin">Donated by Mrs. Gilbert Sanders.</note><note type="admin">ph339</note><subject><name><namePart>Sanders, Jennie</namePart></name></subject><subject><name><namePart>Sanders, Simon</namePart></name></subject><subject><topic>Jewish men</topic></subject><subject><topic>Jewish women</topic></subject><subject><genre>Photographic prints</genre></subject><subject><genre>Group portraits</genre></subject><relatedItem><titleInfo><title>Beck Archives Photograph Collection, Families and Groups</title></titleInfo></relatedItem><identifier type="local">B063.05.0021.00005</identifier><location><url usage="primary display">http://hdl.handle.net/10176/codu:59700</url></location><accessCondition type="useAndReproduction">Copyright restrictions may apply. User is responsible for all copyright compliance. Please credit Roger Whitacre.</accessCondition></mods>