<mods xmlns="http://www.loc.gov/mods/v3" xmlns:mods="http://www.loc.gov/mods/v3" xmlns:xlink="http://www.w3.org/1999/xlink" xmlns:xsi="http://www.w3.org/2001/XMLSchema-instance"><titleInfo><title>Ray David Home in Leadville (Colo.)</title></titleInfo><name type="personal"><role><roleTerm authority="marcrelator" type="text">creator</roleTerm></role></name><typeOfResource>still image</typeOfResource><originInfo><publisher>University of Denver</publisher><place><placeTerm type="text">Denver, Colorado</placeTerm></place><dateCreated keyDate="yes">circa 1923</dateCreated></originInfo><language></language><physicalDescription><extent>1 item (photograph), 4 x 5 inches, black and white</extent><note>On envelope: "#430 Sweet and Lewen Families, c 1908-1930  (Lakeside Amusement Park)." On back of photograph: "Leadville house c. 1923, Sept. This house belonged to Ray David. Albert & Mary Lewen were married in this house, #430."</note><form>Photographic prints</form><digitalOrigin>Reformatted digital</digitalOrigin></physicalDescription><abstract>Exterior view of the Ray David home in Leadville, Colorado.  Two unidentified women stand in front of the home.</abstract><note>Title supplied by archivist.</note><note type="admin">ph430</note><subject><name><namePart>David, Ray Morris,--1864-1945</namePart></name></subject><subject><topic>Houses</topic></subject><subject><genre>Photographic prints</genre></subject><subject><genre>Exterior views</genre></subject><subject><geographic>Leadville (Colo.)</geographic></subject><relatedItem><titleInfo><title>Beck Archives Photograph Collection, Community</title></titleInfo></relatedItem><identifier type="local">B063.02.0018.00067</identifier><location><url usage="primary display">http://hdl.handle.net/10176/codu:60320</url></location><accessCondition type="useAndReproduction">Copyright restrictions may apply. User is responsible for all copyright compliance.</accessCondition></mods>