<mods xmlns="http://www.loc.gov/mods/v3" xmlns:mods="http://www.loc.gov/mods/v3" xmlns:xlink="http://www.w3.org/1999/xlink" xmlns:xsi="http://www.w3.org/2001/XMLSchema-instance"><titleInfo><title>Maurice Epstein Cartoon</title></titleInfo><name type="personal"><role><roleTerm authority="marcrelator" type="text">creator</roleTerm></role></name><typeOfResource>still image</typeOfResource><originInfo><publisher>University of Denver</publisher><place><placeTerm type="text">Denver, Colorado</placeTerm></place><dateCreated keyDate="yes">December 30, 1923</dateCreated></originInfo><language></language><physicalDescription><extent>1 item photograph, 10 x 8 inches, black and white</extent><note>On envelope: "#1049 Maurice Epstein." Caption on image: "Cartoon published in the Denver Post. Sunday, December 30, 1923."</note><form>Photographic prints</form><digitalOrigin>Reformatted digital</digitalOrigin></physicalDescription><abstract>Cartoon of Maurice Epstein with a photograph head and cartoon body. He holds three caps and around him are more drawn pictures and writing. Counter clockwise from the top, ''Maurice likes to burn up the roads in his big Lincoln.'' On a billboard near a car, ''Imperial Caps 'Just a mile above the rest of 'em.''' On a sign, ''This is Mr. Epstein owner of Midwest Cap Wrks. Biggest cap factory west of Chicago!!'' Near a factory, ''''Imperial' Midwest Caps going to important centers.'' Trains traveling to San Fransisco, Los Angeles, and New Orleans. Finally, a man is walking away saying, ''Mine is a Midwest cap!''</abstract><note>Title supplied by archivist.</note><note type="admin">ph1049</note><subject><name><namePart>Epstein, Maurice</namePart></name></subject><subject><topic>Newspapers--Colorado</topic></subject><subject><genre>Newspapers</genre></subject><subject><geographic>Denver (Colo.)</geographic></subject><subject><geographic>Colorado</geographic></subject><subject><occupation>Manufacturer</occupation></subject><relatedItem><titleInfo><title>Beck Archives Photograph Collection, Businesses</title></titleInfo></relatedItem><identifier type="local">B063.01.0001.00049</identifier><location><url usage="primary display">http://hdl.handle.net/10176/codu:59306</url></location><accessCondition type="useAndReproduction">Copyright restrictions may apply. User is responsible for all copyright compliance.</accessCondition></mods>