<mods xmlns="http://www.loc.gov/mods/v3" xmlns:mods="http://www.loc.gov/mods/v3" xmlns:xlink="http://www.w3.org/1999/xlink" xmlns:xsi="http://www.w3.org/2001/XMLSchema-instance"><titleInfo><title>Joe Mann</title></titleInfo><name type="personal"><role><roleTerm authority="marcrelator" type="text">creator</roleTerm></role></name><typeOfResource>still image</typeOfResource><originInfo><publisher>University of Denver</publisher><place><placeTerm type="text">Denver, Colorado</placeTerm></place><dateCreated keyDate="yes">circa 1943</dateCreated></originInfo><language></language><physicalDescription><extent>1 item (photograph), 5 x 4 inches, black and white</extent><note>On envelope: "#442  Mann and Weinberger Families, 1900-46." On back of photograph: "Joe Mann, c 1943, #442(e), Founder of Shrine Hill Billy Band. Entertained troops at Army camps. Received citation from U.S. Govt. for selling over a million dollars in War Bonds."</note><form>Photographic prints</form><digitalOrigin>Reformatted digital</digitalOrigin></physicalDescription><abstract>Joe Mann dressed as a hillbilly and playing the accordion.  Mann was the founder of Shrine Hill Billy Band. The band entertained troops at Army camps and received citation from U.S. Govt. for selling over a million dollars in War Bonds."</abstract><note>Title supplied by archivist.</note><note type="admin">Donated by Mr. and Mrs. Schoen</note><note type="admin">ph442</note><subject><name><namePart>Mann, Joe</namePart></name></subject><subject><name><namePart>Joe Mann Orchestra</namePart></name></subject><subject><genre>Photographic prints</genre></subject><subject><occupation>Musicians</occupation></subject><relatedItem><titleInfo><title>Beck Archives Photograph Collection, Community</title></titleInfo></relatedItem><identifier type="local">B063.02.0018.00070</identifier><location><url usage="primary display">http://hdl.handle.net/10176/codu:60323</url></location><accessCondition type="useAndReproduction">Copyright restrictions may apply. User is responsible for all copyright compliance.</accessCondition></mods>