<mods xmlns="http://www.loc.gov/mods/v3" xmlns:mods="http://www.loc.gov/mods/v3" xmlns:xlink="http://www.w3.org/1999/xlink" xmlns:xsi="http://www.w3.org/2001/XMLSchema-instance"><titleInfo><title>Exterior of the first National Jewish Hospital building (The Frances Jacobs Hospital)</title></titleInfo><name type="personal"><role><roleTerm authority="marcrelator" type="text">creator</roleTerm></role></name><typeOfResource>still image</typeOfResource><originInfo><publisher>University of Denver</publisher><place><placeTerm type="text">Denver, Colorado</placeTerm></place><dateCreated keyDate="yes">circa 1895</dateCreated></originInfo><language></language><physicalDescription><extent>1 item (photograph), 8 x 10 inches, black and white</extent><note>On back of photograph: ''#1116 First NJH Building, 1899  pg. 30''.  On envelope: ''#1116 National Jewish Hospital - Misc. Historic Photos  Patient Days of Care By State, 1949''.</note><form>Photographic prints</form></physicalDescription><abstract>Exterior shot features a sign over the top front porch, which reads, "The Frances Jacobs Hospital". The name was changed to National Jewish Hospital in 1899. Two men (unidentified) stand in front of the building. In 1907, the name of the hospital changed to the National Asthma Center. It later became the Children's Asthma Research Institute and Hospital, National Jewish Hospital/National Asthma Center (1978), and National Jewish Center for Immunology and Respiratory Medicine (1985).</abstract><note>Title supplied by archivist.</note><note>Appears in ''Images of America, Jewish Denver 1859-1940,'' by Dr. Jeanne Abrams, page 76.</note><note type="admin">Donated by the National Jewish Hospital.</note><note type="admin">ph1141</note><subject><name><namePart>Jacobs, Frances Wisebart,--1843-1892</namePart></name></subject><subject><name><namePart>National Asthma Center (U.S.)</namePart></name></subject><subject><name><namePart>Children's Asthma Research Institute and Hospital (Denver, Colo.)</namePart></name></subject><subject><name><namePart>National Jewish Hospital and Research Center/National Asthma Center (U.S.)</namePart></name></subject><subject><name><namePart>Jewish National Home for Asthmatic Children in Denver</namePart></name></subject><subject><name><namePart>National Home for Jewish Children in Denver</namePart></name></subject><subject><name><namePart>Denver Sheltering Home for Jewish Children</namePart></name></subject><subject><topic>Jews</topic></subject><subject><topic>Hospitals</topic></subject><subject><topic>Sanatoriums</topic></subject><subject><topic>Tuberculosis</topic></subject><subject><genre>Photographs</genre></subject><subject><genre>Exterior views</genre></subject><subject><geographic>Colorado</geographic></subject><subject><geographic>Denver (Colo.)</geographic></subject><subject><geographic>Colfax Avenue (Denver, Colo.)</geographic></subject><relatedItem><titleInfo><title>Beck Archives Photograph Collection, Health Care and Philanthropy</title></titleInfo></relatedItem><identifier type="local">B063.03.0035.00106</identifier><location><url usage="primary display">http://hdl.handle.net/10176/codu:59737</url></location><accessCondition type="useAndReproduction">Copyright restrictions may apply. User is responsible for all copyright compliance.</accessCondition></mods>