<mods xmlns="http://www.loc.gov/mods/v3" xmlns:mods="http://www.loc.gov/mods/v3" xmlns:xlink="http://www.w3.org/1999/xlink" xmlns:xsi="http://www.w3.org/2001/XMLSchema-instance"><titleInfo><title>Golda Meir and the Korngolds</title></titleInfo><name type="personal"><role><roleTerm authority="marcrelator" type="text">creator</roleTerm></role></name><typeOfResource>still image</typeOfResource><originInfo><publisher>University of Denver</publisher><place><placeTerm type="text">Denver, Colorado</placeTerm></place><dateCreated keyDate="yes">1914</dateCreated></originInfo><language></language><physicalDescription><extent>1 item (photograph), 5 x 3.5 inches, black and white</extent><form>Photographic prints</form></physicalDescription><abstract>Future Israeli prime minister Golda Meir (center) stands with her sister and brother-in-law, Shana and Sam Korngold, and their daughter, Judith. The formal portrait was taken in Denver, Colorado.</abstract><note>Title supplied by archivist.</note><note>Appears in ''Images of America: Jewish Denver 1859-1940,'' by Dr. Jeanne Abrams, page 104.</note><note type="admin">A copy was donated for A Colorado Jewish Family Album by the Golda Meir House, Auraria Foundation.</note><note type="admin">PB153</note><subject><name><namePart>Meir, Golda,--1898-1978</namePart></name></subject><subject><name><namePart>Korngold, Shana</namePart></name></subject><subject><name><namePart>Korngold, Samuel</namePart></name></subject><subject><name><namePart>Korngold, Judith</namePart></name></subject><subject><name><namePart>National Jewish Hospital (U.S.)</namePart></name></subject><subject><name><namePart>Jewish Consumptives' Relief Society (U.S.)</namePart></name></subject><subject><topic>Jewish women</topic></subject><subject><topic>Jewish families</topic></subject><subject><topic>Social life and customs</topic></subject><subject><topic>Socialism</topic></subject><subject><topic>Tuberculosis</topic></subject><subject><genre>Portraits</genre></subject><subject><genre>Photographs</genre></subject><subject><geographic>Colorado</geographic></subject><subject><geographic>Denver (Colo.)</geographic></subject><subject><geographic>Israel</geographic></subject><subject><occupation>Students</occupation></subject><subject><occupation>Prime ministers</occupation></subject><relatedItem><titleInfo><title>Beck Archives Photograph Collection, Families and Groups</title></titleInfo></relatedItem><identifier type="local">B063.05.0021.00003</identifier><location><url usage="primary display">http://hdl.handle.net/10176/codu:59745</url></location><accessCondition type="useAndReproduction">Copyright restrictions may apply. User is responsible for all copyright compliance.</accessCondition></mods>