<mods xmlns="http://www.loc.gov/mods/v3" xmlns:mods="http://www.loc.gov/mods/v3" xmlns:xlink="http://www.w3.org/1999/xlink" xmlns:xsi="http://www.w3.org/2001/XMLSchema-instance"><titleInfo><title>Kay's Jewelers</title></titleInfo><name type="personal"><role><roleTerm authority="marcrelator" type="text">creator</roleTerm></role></name><typeOfResource>still image</typeOfResource><originInfo><publisher>University of Denver</publisher><place><placeTerm type="text">Denver, Colorado</placeTerm></place><dateCreated keyDate="yes">between 1950-1960</dateCreated></originInfo><language></language><physicalDescription><extent>1 item (photograph), 5 x 7 inches, black and white</extent><note>On envelope: ''#1031 Kay's Jewelers.'' On back of photograph: ''Kay's Jewelers Ben Kortz, #1031.''</note><form>Photographic prints</form><digitalOrigin>Reformatted digital</digitalOrigin></physicalDescription><abstract>Exterior view of Kay's Jewelers. Signage says, ''Kay's Credit Jewelers,'' ''Eyes examined glasses on credit,'' ''Watch repairing,'' ''Diamonds on credit,'' and ''Silverware.'' Address on the door is 1617. In 1916, Sol and Edmund Kaufmann opened the first Kay Jewelers in the corner of their father's furniture store.</abstract><note>Title supplied by archivist.</note><note type="admin">ph1031</note><subject><name><namePart>Kay's Jewelers</namePart></name></subject><subject><topic>Stores, Retail</topic></subject><subject><genre>Photographs</genre></subject><subject><genre>Exterior views</genre></subject><subject><geographic>Denver (Colo.)</geographic></subject><subject><geographic>Colorado</geographic></subject><relatedItem><titleInfo><title>Beck Archives Photograph Collection, Businesses</title></titleInfo></relatedItem><identifier type="local">B063.01.0009.00065</identifier><location><url usage="primary display">http://hdl.handle.net/10176/codu:59320</url></location><accessCondition type="useAndReproduction">Copyright restrictions may apply. User is responsible for all copyright compliance.</accessCondition></mods>