<mods xmlns="http://www.loc.gov/mods/v3" xmlns:mods="http://www.loc.gov/mods/v3" xmlns:xlink="http://www.w3.org/1999/xlink" xmlns:xsi="http://www.w3.org/2001/XMLSchema-instance"><titleInfo><title>Cheltenham School</title></titleInfo><titleInfo><title>Title from back of photograph: __Home of A Jacobs, 16th Welton St.</title></titleInfo><name type="personal"><namePart>McNamara, Charles</namePart><role><roleTerm authority="marcrelator" type="text">creator</roleTerm></role></name><typeOfResource>still image</typeOfResource><originInfo><publisher>University of Denver</publisher><place><placeTerm type="text">Denver, Colorado</placeTerm></place><dateCreated keyDate="yes">3/1978</dateCreated></originInfo><language><languageTerm type="text">Inscription is in English.</languageTerm></language><physicalDescription><extent>2 item (photograph), 7 x 5 inches, black and white</extent><note>Handwritten on the back of the photograph: ''Cheltenham School, March 1978, Colfax and Irving, Demolished end of 1978, Donor Charles McNamara.''</note><form>Photographic prints</form><digitalOrigin>Reformatted digital</digitalOrigin></physicalDescription><abstract>The building stood at the corner of Irving Street and West Colfax Avenue. Many of the Jewish children living in the west Colfax neighborhood went to Cheltenham. The Cheltenham School was demolished in 1978.</abstract><note>Title supplied by archivist.</note><note type="admin">Copy donated by the photographer Charles McNamara.</note><note type="admin">ph224</note><subject><name><namePart>Cheltenham School (Denver, Colo.)</namePart></name></subject><subject><topic>Jewish children</topic></subject><subject><topic>Elementary schools</topic></subject><subject><topic>Colfax Avenue (Denver, Colo.)</topic></subject><subject><genre>Exterior views</genre></subject><subject><genre>Photographs</genre></subject><subject><geographic>Denver (Colo.)</geographic></subject><relatedItem><titleInfo><title>Beck Archives Photograph Collection, Community</title></titleInfo></relatedItem><identifier type="local">B063.02.0010.00004</identifier><location><url usage="primary display">http://hdl.handle.net/10176/codu:60229</url></location><accessCondition type="useAndReproduction">Copyright restrictions may apply. User is responsible for all copyright compliance.</accessCondition></mods>