<mods xmlns="http://www.loc.gov/mods/v3" xmlns:mods="http://www.loc.gov/mods/v3" xmlns:xlink="http://www.w3.org/1999/xlink" xmlns:xsi="http://www.w3.org/2001/XMLSchema-instance"><titleInfo><title>Babi Yar Park</title></titleInfo><name type="personal"><namePart>Goldman, Jack J.</namePart><role><roleTerm authority="marcrelator" type="text">creator</roleTerm></role></name><typeOfResource>still image</typeOfResource><originInfo><publisher>University of Denver</publisher><place><placeTerm type="text">Denver, Colorado</placeTerm></place><dateCreated keyDate="yes">between 1970-1979</dateCreated></originInfo><language><languageTerm type="text">Inscription is in English.</languageTerm></language><physicalDescription><extent>1 item (photograph), 5 x 9 inches, black and white</extent><note>On envelope: ''#1181 Babi Yar Park and Elie Wiesel 1970s.'' On photograph: ''#1181, Denver 1970, photos by Jack Goldman.''</note><form>Photographic prints</form><digitalOrigin>Reformatted digital</digitalOrigin></physicalDescription><abstract>A group of children and adults stand in a group around an accordion player near the Babi Yar Park sign during the dedication of Babi Yar Park.</abstract><note>Title and description from photo and accession record.</note><note type="admin">ph1181</note><subject><name><namePart>Babi Yar Park</namePart></name></subject><subject><topic>Parks</topic></subject><subject><genre>Photographs</genre></subject><subject><geographic>Denver (Colo.)</geographic></subject><relatedItem><titleInfo><title>Beck Archives Photograph Collection, Community</title></titleInfo></relatedItem><identifier type="local">B063.02.0002.00033</identifier><location><url usage="primary display">http://hdl.handle.net/10176/codu:60225</url></location><accessCondition type="useAndReproduction">Copyright restrictions may apply. User is responsible for all copyright compliance.</accessCondition></mods>