<mods xmlns="http://www.loc.gov/mods/v3" xmlns:mods="http://www.loc.gov/mods/v3" xmlns:xlink="http://www.w3.org/1999/xlink" xmlns:xsi="http://www.w3.org/2001/XMLSchema-instance"><titleInfo><title>Fried's Gift Shop</title></titleInfo><name type="personal"><role><roleTerm authority="marcrelator" type="text">creator</roleTerm></role></name><typeOfResource>still image</typeOfResource><originInfo><publisher>University of Denver</publisher><place><placeTerm type="text">Denver, Colorado</placeTerm></place><dateCreated keyDate="yes">circa 1940</dateCreated></originInfo><language></language><physicalDescription><extent>1 item photograph, 8 x 10 inches, black and white</extent><note>On envelope: ''#1064 Fried's Framing and Gift Shop  1900-40s.'' On back of photograph: ''#1064, Fried's Gift Shop 1940, 1522 Stout, Bertha Fried Kleiner, Mary Fried.''</note><form>Photographic prints</form><digitalOrigin>Reformatted digital</digitalOrigin></physicalDescription><abstract>Bertha Fried Kleiner and Mary Fried stand in Fried's Gift Shop. Fried's Picture Frame Factory was the first framing store in Denver and later became an art and gift shop.</abstract><note>Title supplied by archivist.</note><note type="admin">ph1064</note><subject><name><namePart>Fried family</namePart></name></subject><subject><name><namePart>Fried, Mary,--1896-1965</namePart></name></subject><subject><name><namePart>Kleiner, Bertha Fried,--1894-1977</namePart></name></subject><subject><name><namePart>Fried's Art and Gift Shop (Denver, Colo.)</namePart></name></subject><subject><topic>Jewish merchants</topic></subject><subject><topic>Stores, Retail</topic></subject><subject><topic>Jewish businesspeople</topic></subject><subject><genre>Photographs</genre></subject><subject><geographic>Denver (Colo.)</geographic></subject><subject><geographic>Colorado</geographic></subject><subject><occupation>Merchants</occupation></subject><relatedItem><titleInfo><title>Beck Archives Photograph Collection, Businesses</title></titleInfo></relatedItem><identifier type="local">B063.01.0001.00053</identifier><location><url usage="primary display">http://hdl.handle.net/10176/codu:59346</url></location><accessCondition type="useAndReproduction">Copyright restrictions may apply. User is responsible for all copyright compliance.</accessCondition></mods>