<mods xmlns="http://www.loc.gov/mods/v3" xmlns:mods="http://www.loc.gov/mods/v3" xmlns:xlink="http://www.w3.org/1999/xlink" xmlns:xsi="http://www.w3.org/2001/XMLSchema-instance"><titleInfo><title>Rachel and Aimee Peyser at the Mangini Dancing School</title></titleInfo><name type="personal"><role><roleTerm authority="marcrelator" type="text">creator</roleTerm></role></name><typeOfResource>still image</typeOfResource><originInfo><publisher>University of Denver</publisher><place><placeTerm type="text">Denver, Colorado</placeTerm></place><dateCreated keyDate="yes">9/1902</dateCreated></originInfo><language><languageTerm type="text">Inscription is in English.</languageTerm></language><physicalDescription><extent>2 item (photograph), 5 x 7 inches, black and white</extent><note>On front of photograph: ''Denver, 1902.'' On back of photograph: ''Sept. 1902 1 and 2, 1. Rachael Peyser, l to r, 2. Aimee Peyser.''  On back of photograph: "Sept 1902, right to left, 1. Rachael Peyser, 2. Aimee Peyser, #525.''  On envelope: ''Strauss Family (Aimee Peyser) #525.''</note><form>Photographic prints</form><digitalOrigin>Reformatted digital</digitalOrigin></physicalDescription><abstract>Two male and one female dancing instructors stand to the left and six little girls in white dresses stand on the right. Rachel and Aimee Peyser are on the far right—Aimee is at the end of the line on the right. Rachel Peyser is on the left. There is a sign over the door of the building, which reads, "Prof T. Chas Mangini Teacher of Dancing".</abstract><note>Title supplied by archivist.</note><note type="admin">Donated by Aimee Strauss Peyser.</note><note type="admin">ph525</note><subject><name><namePart>Peyser, Rachel</namePart></name></subject><subject><name><namePart>Strauss, Aimee Peyser,--1899-1990</namePart></name></subject><subject><name><namePart>Mangini Dancing School (Denver, Colo.)</namePart></name></subject><subject><topic>Jews</topic></subject><subject><topic>Jewish children</topic></subject><subject><topic>Dance</topic></subject><subject><topic>Dance schools</topic></subject><subject><topic>Jewish girls</topic></subject><subject><genre>Exterior views</genre></subject><subject><genre>Group portraits</genre></subject><subject><genre>Photographs</genre></subject><subject><geographic>Denver (Colo.)</geographic></subject><subject><occupation>Dance teachers</occupation></subject><subject><occupation>Dancers</occupation></subject><relatedItem><titleInfo><title>Beck Archives Photograph Collection, Community</title></titleInfo></relatedItem><identifier type="local">B063.02.0010.00006</identifier><location><url usage="primary display">http://hdl.handle.net/10176/codu:60230</url></location><accessCondition type="useAndReproduction">Copyright restrictions may apply. User is responsible for all copyright compliance.</accessCondition></mods>