<mods xmlns="http://www.loc.gov/mods/v3" xmlns:mods="http://www.loc.gov/mods/v3" xmlns:xlink="http://www.w3.org/1999/xlink" xmlns:xsi="http://www.w3.org/2001/XMLSchema-instance"><titleInfo><title>Winter Weiss New Year</title></titleInfo><name type="personal"><role><roleTerm authority="marcrelator" type="text">creator</roleTerm></role></name><typeOfResource>still image</typeOfResource><originInfo><publisher>University of Denver</publisher><place><placeTerm type="text">Denver, Colorado</placeTerm></place><dateCreated keyDate="yes">circa 1930</dateCreated></originInfo><language><languageTerm type="text">Inscription is in English.</languageTerm></language><physicalDescription><extent>1 item photograph, 10 x 8 inches, black and white</extent><note>On envelope: "#786 Winter - Weiss Co, c. 1930  Advertising." Handwritten on back of photograph: ''Winter Weiss #786, New Year."</note><form>Photographic prints</form></physicalDescription><abstract>Two women on an Indian motorcycle with a side car.  One woman on the motorcycle the other atop a milk jug on the sidecar. The photo was taken at Madison Square Gardens in New York. Winter-Weiss, a Denver company, became a defense contractor during World War II.</abstract><note>Title supplied by archivist.</note><note type="admin">ph786</note><subject><name><namePart>Winter-Weiss Company</namePart></name></subject><subject><topic>Women</topic></subject><subject><topic>Motorcyclists</topic></subject><subject><genre>Snapshots</genre></subject><subject><genre>Photographs</genre></subject><subject><geographic>New York (N.Y.)</geographic></subject><relatedItem><titleInfo><title>Beck Archives Photograph Collection, Businesses</title></titleInfo></relatedItem><identifier type="local">B063.01.0001.00045</identifier><location><url usage="primary display">http://hdl.handle.net/10176/codu:60009</url></location><accessCondition type="useAndReproduction">Copyright restrictions may apply. User is responsible for all copyright compliance.</accessCondition></mods>