<mods xmlns="http://www.loc.gov/mods/v3" xmlns:mods="http://www.loc.gov/mods/v3" xmlns:xlink="http://www.w3.org/1999/xlink" xmlns:xsi="http://www.w3.org/2001/XMLSchema-instance"><titleInfo><title>Drawing of Harrison Avenue in Leadville, Colorado</title></titleInfo><name type="personal"><role><roleTerm authority="marcrelator" type="text">creator</roleTerm></role></name><typeOfResource>still image</typeOfResource><originInfo><publisher>University of Denver</publisher><place><placeTerm type="text">Denver, Colorado</placeTerm></place><dateCreated keyDate="yes">1/1/1887</dateCreated></originInfo><language><languageTerm type="text">Inscription is in English.</languageTerm></language><physicalDescription><extent>1 item (photograph), 8 x 10 inches, black and white</extent><note>Handwritten on back of photograph: ''Leadville - Harrison Ave. Source'' Leadville Herald Democrat Jan. 1, 1887  return to Allen Breck''.  On envelope: ''488 Leadville, Harrison Ave.''</note><form>Photographic prints</form><digitalOrigin>Reformatted digital</digitalOrigin></physicalDescription><abstract>Artist's rendering of Harrison Avenue in Leadville, Colorado. This image originally appeared in the Leadville Herald Democrat. Buildings such as the Tabor Opera House, Clarenoon Hotel and others are depicted along both sides of the street.</abstract><note>Title supplied by archivist.</note><note type="admin">Donated by Allen D. Breck.</note><note type="admin">ph488</note><subject><topic>Buildings</topic></subject><subject><topic>Business enterprises</topic></subject><subject><topic>Streets</topic></subject><subject><genre>Photographs</genre></subject><subject><geographic>Leadville (Colo.)</geographic></subject><relatedItem><titleInfo><title>Beck Archives Photograph Collection, Community</title></titleInfo></relatedItem><identifier type="local">B063.02.0002.00004</identifier><location><url usage="primary display">http://hdl.handle.net/10176/codu:60201</url></location><accessCondition type="useAndReproduction">Copyright restrictions may apply. User is responsible for all copyright compliance.</accessCondition></mods>