<mods xmlns="http://www.loc.gov/mods/v3" xmlns:mods="http://www.loc.gov/mods/v3" xmlns:xlink="http://www.w3.org/1999/xlink" xmlns:xsi="http://www.w3.org/2001/XMLSchema-instance"><titleInfo><title>Morey and Gazilla Altman</title></titleInfo><name type="personal"><role><roleTerm authority="marcrelator" type="text">creator</roleTerm></role></name><typeOfResource>still image</typeOfResource><originInfo><publisher>University of Denver</publisher><place><placeTerm type="text">Denver, Colorado</placeTerm></place><dateCreated keyDate="yes">undated</dateCreated></originInfo><language></language><physicalDescription><extent>1 item (photograph), 5 x 4 inches, black and white</extent><note>On envelope: "#442  Mann and Weinberger Families, 1900-46." On back of photograph: "Morey Altman, Gazella Altman, Lived in Pueblo."</note><form>Photographic prints</form><digitalOrigin>Reformatted digital</digitalOrigin></physicalDescription><abstract>Formal portrait of Morey and Gazilla Altman.</abstract><note>Title supplied by archivist.</note><note type="admin">Donated by Mr. and Mrs. Schoen</note><note type="admin">ph442</note><subject><name><namePart>Altman, Gazella</namePart></name></subject><subject><name><namePart>Altman, Morey</namePart></name></subject><subject><genre>Photographic prints</genre></subject><subject><genre>Group portraits</genre></subject><subject><geographic>Pueblo (Colo.)</geographic></subject><relatedItem><titleInfo><title>Beck Archives Photograph Collection, Community</title></titleInfo></relatedItem><identifier type="local">B063.02.0018.00077</identifier><location><url usage="primary display">http://hdl.handle.net/10176/codu:60330</url></location><accessCondition type="useAndReproduction">Copyright restrictions may apply. User is responsible for all copyright compliance.</accessCondition></mods>