<mods xmlns="http://www.loc.gov/mods/v3" xmlns:mods="http://www.loc.gov/mods/v3" xmlns:xlink="http://www.w3.org/1999/xlink" xmlns:xsi="http://www.w3.org/2001/XMLSchema-instance"><titleInfo><title>Bernstein's Dry Goods Store</title></titleInfo><name type="personal"><role><roleTerm authority="marcrelator" type="text">creator</roleTerm></role></name><typeOfResource>still image</typeOfResource><originInfo><publisher>University of Denver</publisher><place><placeTerm type="text">Denver, Colorado</placeTerm></place><dateCreated keyDate="yes">between 1890-1905</dateCreated></originInfo><language><languageTerm type="text">Inscription in English.</languageTerm></language><physicalDescription><extent>1 item (photograph), 5 x 8 inches, black and white</extent><note>On envelope: ''# 148 Bernstein in front of his store, c 1890's''. On back of photograph: ''# 148 Bernstein, Moritz, of Walsenberg [sic]. Store may be in different location other than Walsenberg [sic], as there were stores in Trinidad, Pueblo & Colo. Springs. Bernstein standing with hands in pocket. Donor Mr. Morten Stark circa 1890-1905''.</note><form>Photographic prints</form><digitalOrigin>Reformatted digital</digitalOrigin></physicalDescription><abstract>Moritz Bernstein, third from left, dressed in a suit, stands with hands in pockets. Customers near him stand in front of Bernstein's Dry Goods Store in Walsenburg, Colorado.</abstract><note>Title supplied by archivist.</note><note>Appears in ''Images of America: Jewish Denver 1859-1940,'' by Dr. Jeanne Abrams, page 124.</note><note type="admin">Donated by Morton Stark in 1977.</note><note type="admin">ph148</note><subject><name><namePart>Bernstein, Moritz,--1866-1918</namePart></name></subject><subject><name><namePart>Bernstein's Dry Goods Store</namePart></name></subject><subject><topic>Jewish merchants</topic></subject><subject><topic>Jews</topic></subject><subject><genre>Exterior views</genre></subject><subject><geographic>Walsenburg (Colo.)</geographic></subject><subject><geographic>Colorado</geographic></subject><subject><occupation>Merchants</occupation></subject><relatedItem><titleInfo><title>Beck Archives Photograph Collection, Businesses</title></titleInfo></relatedItem><identifier type="local">B063.01.0001.00012</identifier><location><url usage="primary display">http://hdl.handle.net/10176/codu:59419</url></location><accessCondition type="useAndReproduction">Copyright restrictions may apply. User is responsible for all copyright compliance.</accessCondition></mods>