<mods xmlns="http://www.loc.gov/mods/v3" xmlns:mods="http://www.loc.gov/mods/v3" xmlns:xlink="http://www.w3.org/1999/xlink" xmlns:xsi="http://www.w3.org/2001/XMLSchema-instance"><titleInfo><title>Phil Brown's Kosher Butcher Shop</title></titleInfo><name type="personal"><role><roleTerm authority="marcrelator" type="text">creator</roleTerm></role></name><typeOfResource>still image</typeOfResource><originInfo><publisher>University of Denver</publisher><place><placeTerm type="text">Denver, Colorado</placeTerm></place><dateCreated keyDate="yes">circa 1921</dateCreated></originInfo><language><languageTerm type="text">Inscription is in English.</languageTerm></language><physicalDescription><extent>1 item (photograph), 7 x 10 inches, black and white</extent><note>On envelope: " # 70  Phil Brown's Kosher Butcher Shop, C 1921."</note><form>Photographic prints</form></physicalDescription><abstract>Phil Brown in white apron and hat, stands behind meat counter, with a customer in front of the counter. Bare light bulbs, stools in front of the counter and saw hanging on back wall are part of the interior. Phil Brown was a kosher butcher in Denver.</abstract><note>Title supplied by archivist.</note><note>Appears in ''Images of America: Jewish Denver 1859-1940,'' by Dr. Jeanne Abrams, page 42.</note><note type="admin">Donated by Mrs. Phil Brown.</note><note type="admin">ph070</note><subject><name><namePart>Brown, Phil</namePart></name></subject><subject><name><namePart>Phil Brown's Kosher Butcher Shop</namePart></name></subject><subject><topic>Jewish merchants</topic></subject><subject><topic>Jews</topic></subject><subject><genre>Interior views</genre></subject><subject><genre>Photographs</genre></subject><subject><geographic>Denver (Colo.)</geographic></subject><subject><geographic>Colorado</geographic></subject><subject><occupation>Merchants</occupation></subject><relatedItem><titleInfo><title>Beck Archives Photograph Collection, Businesses</title></titleInfo></relatedItem><identifier type="local">B063.01.0001.00002</identifier><location><url usage="primary display">http://hdl.handle.net/10176/codu:60015</url></location><accessCondition type="useAndReproduction">Copyright restrictions may apply. User is responsible for all copyright compliance.</accessCondition></mods>