<mods xmlns="http://www.loc.gov/mods/v3" xmlns:mods="http://www.loc.gov/mods/v3" xmlns:xlink="http://www.w3.org/1999/xlink" xmlns:xsi="http://www.w3.org/2001/XMLSchema-instance"><titleInfo><title>University of Colorado Mandolin Club and Glee Club</title></titleInfo><name type="personal"><role><roleTerm authority="marcrelator" type="text">creator</roleTerm></role></name><typeOfResource>still image</typeOfResource><originInfo><publisher>University of Denver</publisher><place><placeTerm type="text">Denver, Colorado</placeTerm></place><dateCreated keyDate="yes">1902</dateCreated></originInfo><language></language><physicalDescription><extent>1 item (photograph), 4 x 5 inches, black and white</extent><note>On envelope: "#203 Weinberger Family of Arizona, 1887-1963  B 13  B17 B 18-2 prints  B21 - 4 prints  B24 - 2  check copy of buggy photo for info." Handwritten on back of photograph: "The Mandolin Club and Glee Club, University of Colorado, 1902. Jacob Weinberger was a member, #203."</note><form>Photographic prints</form><digitalOrigin>Reformatted digital</digitalOrigin></physicalDescription><abstract>Group of men in tuxedos with instruments, members of the Mandolin and Glee Clubs of the University of Colorado. Jacob Weinberger was a member.</abstract><note>Title supplied by archivist.</note><note type="admin">ph203</note><subject><name><namePart>Weinberger, Jacob</namePart></name></subject><subject><name><namePart>University of Colorado (Boulder campus)</namePart></name></subject><subject><genre>Photographs</genre></subject><subject><genre>Group portraits</genre></subject><subject><geographic>Boulder (Colo.)</geographic></subject><subject><occupation>Musicians</occupation></subject><subject><occupation>Students</occupation></subject><relatedItem><titleInfo><title>Beck Archives Photograph Collection, Community</title></titleInfo></relatedItem><identifier type="local">B063.02.0018.00021</identifier><location><url usage="primary display">http://hdl.handle.net/10176/codu:60274</url></location><accessCondition type="useAndReproduction">Copyright restrictions may apply. User is responsible for all copyright compliance.</accessCondition></mods>