<mods xmlns="http://www.loc.gov/mods/v3" xmlns:mods="http://www.loc.gov/mods/v3" xmlns:xlink="http://www.w3.org/1999/xlink" xmlns:xsi="http://www.w3.org/2001/XMLSchema-instance"><titleInfo><title>Exterior of Leopold Mayer's Bank and Dry Goods Store in Saguache, Colorado</title></titleInfo><name type="personal"><role><roleTerm authority="marcrelator" type="text">creator</roleTerm></role></name><typeOfResource>still image</typeOfResource><originInfo><publisher>University of Denver</publisher><place><placeTerm type="text">Denver, Colorado</placeTerm></place><dateCreated keyDate="yes">circa 1885</dateCreated></originInfo><language></language><physicalDescription><extent>1 item (photograph), 10 x 8 inches, black and white</extent><note>On envelope: "#1026 Leopold Mayer and store, bank and family Saguache, Co 1880s."  Handwritten on back of photograph: "#1026 Mayer Store & Bank in Saguache, Co 1880s, Return to:, Center for Judaic Studies/DU, 2199 S University, Denver, CO 80208, Leopold Mayer's Store, Bank, & Family, Saguache, Colorado, 1880's, Mayer Store & Bank, Saguache, Co 1880s."</note><form>Photographic prints</form><digitalOrigin>Reformatted digital</digitalOrigin></physicalDescription><abstract>A group of men stand on the wood sidewalk in front of a row of buildings. A sign reads, "Gotthelf & Mayer Bank, Dry Goods and Clothing, Groceries" and other signs read, "Saguache County Bank", "Gotthelf & Mayer" and "Ruby Saloon". Leopold Mayer began as a shoe and boot merchant.</abstract><note>Title supplied by archivist.</note><note>Appears in ''Images of America: Jewish Denver 1859-1940,'' by Dr. Jeanne Abrams, page 14.</note><note type="admin">Unknown.</note><note type="admin">ph1026</note><subject><name><namePart>Mayer, Leopold,--1839-</namePart></name></subject><subject><name><namePart>Gotthelf & Mayer Bank, Dry Goods and Clothings, Groceries (Saguache, Colo.)</namePart></name></subject><subject><topic>Jews</topic></subject><subject><topic>Jewish men</topic></subject><subject><topic>Private banks</topic></subject><subject><topic>Community banks</topic></subject><subject><topic>Jewish bankers</topic></subject><subject><topic>Jewish businesspeople</topic></subject><subject><topic>Stores, Retail</topic></subject><subject><topic>Dry-goods</topic></subject><subject><topic>Clothing trade</topic></subject><subject><topic>Grocery trade</topic></subject><subject><genre>Photographs</genre></subject><subject><genre>Group portraits</genre></subject><subject><genre>Exterior views</genre></subject><subject><geographic>Saguache (Colo.)</geographic></subject><subject><geographic>Colorado</geographic></subject><subject><occupation>Bankers</occupation></subject><subject><occupation>Businesspeople</occupation></subject><relatedItem><titleInfo><title>Beck Archives Photograph Collection, Businesses</title></titleInfo></relatedItem><identifier type="local">B063.01.0001.00041</identifier><location><url usage="primary display">http://hdl.handle.net/10176/codu:59296</url></location><accessCondition type="useAndReproduction">Copyright restrictions may apply. User is responsible for all copyright compliance.</accessCondition></mods>