<mods xmlns="http://www.loc.gov/mods/v3" xmlns:mods="http://www.loc.gov/mods/v3" xmlns:xlink="http://www.w3.org/1999/xlink" xmlns:xsi="http://www.w3.org/2001/XMLSchema-instance"><titleInfo><title>Dr. Charles Spivak Seated at His Desk</title></titleInfo><name type="personal"><role><roleTerm authority="marcrelator" type="text">creator</roleTerm></role></name><typeOfResource>still image</typeOfResource><originInfo><publisher>University of Denver</publisher><place><placeTerm type="text">Denver, Colorado</placeTerm></place><dateCreated keyDate="yes">circa 1923</dateCreated></originInfo><language></language><physicalDescription><extent>2 item (photograph), 5 x 7 inches, black and white</extent><note>Handwritten on back of photograph: ''Dr. Charles Spivak at his desk, c. 1923.''  Handwritten on back of duplicate photograph: ''Dr. Spivak at his desk c.1920.''</note><form>Photographic prints</form></physicalDescription><abstract>Dr. Charles Spivak sits at his desk with a copy of the Denver Jewish News opened in front of him and a telephone on an extension frame behind him. The JCRS was a sanatorium for tuberculosis patients that was founded in 1904 by a group of immigrant Jewish working men along with the support of several leading physicians, including Dr. Spivak, and rabbis in Denver, Colorado. It was located on West Colfax Avenue just outside of Denver.</abstract><note>Title supplied by archivist.</note><note>Appears in ''Images of America: Jewish Denver 1859-1940,'' by Dr. Jeanne Abrams, on page 85.</note><note type="admin">Donated by AMC Cancer Research Center (JCRS).</note><note type="admin">ph1080</note><subject><name><namePart>Spivak, C. D.--(Charles D.),--1861-1927</namePart></name></subject><subject><name><namePart>Jewish Consumptives' Relief Society (U.S.)</namePart></name></subject><subject><topic>Jews</topic></subject><subject><topic>Tuberculosis</topic></subject><subject><topic>Hospitals</topic></subject><subject><topic>Jewish physicians</topic></subject><subject><genre>Photographs</genre></subject><subject><genre>Portraits</genre></subject><subject><geographic>Colorado</geographic></subject><subject><geographic>Denver (Colo.)</geographic></subject><subject><geographic>Edgewater (Colo.)</geographic></subject><subject><geographic>Colfax Avenue (Denver, Colo.)</geographic></subject><subject><geographic>West Colfax (Denver, Colo.)</geographic></subject><subject><geographic>Sanatorium (Colo.)</geographic></subject><subject><occupation>Physicians</occupation></subject><relatedItem><titleInfo><title>Beck Archives Photograph Collection, Health Care and Philanthropy</title></titleInfo></relatedItem><identifier type="local">B063.03.0036.00046</identifier><location><url usage="primary display">http://hdl.handle.net/10176/codu:37766</url></location><accessCondition type="useAndReproduction">Copyright restrictions may apply. User is responsible for all copyright compliance.</accessCondition></mods>