<mods xmlns="http://www.loc.gov/mods/v3" xmlns:mods="http://www.loc.gov/mods/v3" xmlns:xlink="http://www.w3.org/1999/xlink" xmlns:xsi="http://www.w3.org/2001/XMLSchema-instance"><titleInfo><title>Exterior of the May Company in Irwin, Colorado</title></titleInfo><name type="personal"><role><roleTerm authority="marcrelator" type="text">creator</roleTerm></role></name><name type="personal"><role><roleTerm authority="marcrelator" type="text">contributor</roleTerm></role></name><name type="corporate"><role><roleTerm authority="marcrelator" type="text">creator</roleTerm></role></name><name type="corporate"><role><roleTerm authority="marcrelator" type="text">contributor</roleTerm></role></name><typeOfResource>still image</typeOfResource><originInfo><publisher>University of Denver</publisher><place><placeTerm type="text">Denver, Colorado</placeTerm></place><dateCreated keyDate="yes">between 1881-1882</dateCreated></originInfo><language><languageTerm type="text">Inscription is in English.</languageTerm></language><physicalDescription><extent>1 item (photograph), 8 x 10 inches, black and white</extent><note>On envelope: ''# 119 The May Co. Irwin, Colorado''. On the front of photograph: ''Irwin Colo - 1879-1880''.  Handwritten on back of photograph: "#119 May Co Irwin, CO, 1879-80."</note><form>Photographic prints</form><digitalOrigin>reformatted digital</digitalOrigin></physicalDescription><abstract>View down main street of Irwin, Colorado. Exterior of an early May Company wood building can be seen in the left of the photograph with a sign that reads: ''D. May & Co. Square Dealing Clothing Room.'' David May immigrated to Colorado from Bavaria and started his first clothing store in Leadville in 1877. After 1877 David May opened branches of his store in Irwin (1881), Gunnison (1881), Aspen (Johnston & Co. 1886), Glenwood Springs (Manhattan Store, 1887), and Denver (April 12, 1889). The May Company evolved into one of the largest department store chains in the United States.</abstract><note>Title supplied by archivist.</note><note>Appears in ''Images of America: Jewish Denver 1859-1940,'' by Dr. Jeanne Abrams, page 28.</note><note type="admin">Donated by May D and F.</note><note type="admin">ph119</note><subject><name><namePart>May, David</namePart></name></subject><subject><name><namePart>D. May & Co.</namePart></name></subject><subject><topic>Jewish merchants</topic></subject><subject><topic>Jews</topic></subject><subject><genre>Exterior views</genre></subject><subject><geographic>Irwin (Colo.)</geographic></subject><subject><geographic>Colorado</geographic></subject><relatedItem><titleInfo><title>Beck Archives Photograph Collection, Businesses</title></titleInfo></relatedItem><identifier type="local">B063.01.0001.00009</identifier><location><url usage="primary display">http://hdl.handle.net/10176/codu:59448</url></location><accessCondition type="useAndReproduction">Copyright restrictions may apply. User is responsible for all copyright compliance.</accessCondition></mods>