<mods xmlns="http://www.loc.gov/mods/v3" xmlns:mods="http://www.loc.gov/mods/v3" xmlns:xlink="http://www.w3.org/1999/xlink" xmlns:xsi="http://www.w3.org/2001/XMLSchema-instance"><titleInfo><title>RMJHS Leadville Trip</title></titleInfo><name type="personal"><role><roleTerm authority="marcrelator" type="text">creator</roleTerm></role></name><typeOfResource>still image</typeOfResource><originInfo><publisher>University of Denver</publisher><place><placeTerm type="text">Denver, Colorado</placeTerm></place><dateCreated keyDate="yes">7/9/1978</dateCreated></originInfo><language></language><physicalDescription><extent>1 item (photograph), 4 x 4 inches, color</extent><note>On envelope: "#393 RMJHS - Leadville Trip  B18  B28." On photograph: "Leadville cabin, July 9 '78, #393."</note><form>Photographic prints</form><digitalOrigin>Reformatted digital</digitalOrigin></physicalDescription><abstract>The Dexter cabin in Leadville, Colorado.</abstract><note>Title supplied by archivist.</note><note type="admin">Donated by Elaine Clearfield</note><note type="admin">ph393</note><subject><name><namePart>Rocky Mountain Jewish Historical Society</namePart></name></subject><subject><topic>Tours</topic></subject><subject><topic>Log cabins</topic></subject><subject><genre>Photographic prints</genre></subject><subject><genre>Exterior views</genre></subject><subject><geographic>Leadville (Colo.)</geographic></subject><relatedItem><titleInfo><title>Beck Archives Photograph Collection, Community</title></titleInfo></relatedItem><identifier type="local">B063.02.0018.00060</identifier><location><url usage="primary display">http://hdl.handle.net/10176/codu:60313</url></location><accessCondition type="useAndReproduction">Copyright restrictions may apply. User is responsible for all copyright compliance.</accessCondition></mods>