<mods xmlns="http://www.loc.gov/mods/v3" xmlns:mods="http://www.loc.gov/mods/v3" xmlns:xlink="http://www.w3.org/1999/xlink" xmlns:xsi="http://www.w3.org/2001/XMLSchema-instance"><titleInfo><title>Children at the Jewish Sheltering Home in Denver</title></titleInfo><name type="personal"><namePart>Hollowell, N.C.</namePart><role><roleTerm authority="marcrelator" type="text">creator</roleTerm></role></name><typeOfResource>still image</typeOfResource><originInfo><publisher>University of Denver</publisher><place><placeTerm type="text">Denver, Colorado</placeTerm></place><dateCreated keyDate="yes">circa 1912</dateCreated></originInfo><language></language><physicalDescription><extent>1 item (photograph), 5 x 7 inches, black and white</extent><note>Written on front of photograph: ''N.C. Hollowell Photo Denver'' Handwritten on envelope: ''#388 Residents of Nat. Home for Jewish Children'' and ''Jewish Sheltering Home 1910-1950s''.  On back of photograph: ''#388  Jewish Sheltering Home, Denver, c 1912  MMJ 12 ''.</note><form>Photographic prints</form></physicalDescription><abstract>A group of children, some in robes, sit with the matron and director at the Denver Sheltering Home for Jewish Children. The children were in the care of the home, which later became the National Home for Jewish Children in Denver.</abstract><note>Title supplied by archivist.</note><note>Appears in ''Images of America: Jewish Denver 1859-1940,'' by Dr. Jeanne Abrams, page 87.</note><note type="admin">Donated by the National Asthma Center.</note><note type="admin">ph388</note><subject><name><namePart>National Home for Jewish Children in Denver</namePart></name></subject><subject><name><namePart>Denver Sheltering Home for Jewish Children</namePart></name></subject><subject><topic>Jewish children</topic></subject><subject><topic>Jews</topic></subject><subject><topic>Group homes for children</topic></subject><subject><topic>Boys</topic></subject><subject><topic>Girls</topic></subject><subject><topic>Children</topic></subject><subject><genre>Photographs</genre></subject><subject><genre>Group portraits</genre></subject><subject><geographic>Colorado</geographic></subject><subject><geographic>Denver (Colo.)</geographic></subject><subject><geographic>Colfax Avenue (Denver, Colo.)</geographic></subject><relatedItem><titleInfo><title>Beck Archives Photograph Collection, Health Care and Philanthropy</title></titleInfo></relatedItem><identifier type="local">B063.03.0011.00090</identifier><location><url usage="primary display">http://hdl.handle.net/10176/codu:37782</url></location><accessCondition type="useAndReproduction">Copyright restrictions may apply. User is responsible for all copyright compliance.</accessCondition></mods>