<mods xmlns="http://www.loc.gov/mods/v3" xmlns:mods="http://www.loc.gov/mods/v3" xmlns:xlink="http://www.w3.org/1999/xlink" xmlns:xsi="http://www.w3.org/2001/XMLSchema-instance"><titleInfo><title>Sam and Anna Grimes Wedding Portrait</title></titleInfo><name type="personal"><role><roleTerm authority="marcrelator" type="text">creator</roleTerm></role></name><typeOfResource>still image</typeOfResource><originInfo><publisher>University of Denver</publisher><place><placeTerm type="text">Denver, Colorado</placeTerm></place><dateCreated keyDate="yes">1892</dateCreated></originInfo><language></language><physicalDescription><extent>1 item (photograph), 7 x 5 inches, black and white</extent><form>Photographic prints</form></physicalDescription><abstract>Sam Grimes wearing a suit and bowler hat sits with Anna Grimes who wears a wedding dress and veil. A fan is attached to Anna Grimes' dress. Sam and Anna Grimes were one of the early East European Jewish couples to be married in Denver, Colorado.</abstract><note>Title supplied by archivist.</note><note>Appears in ''Images of America: Jewish Denver 1859-1940,'' by Dr. Jeanne Abrams, page 94.</note><note type="admin">Copy was donated by Max Grimes.</note><note type="admin">48</note><subject><name><namePart>Grimes, Sam</namePart></name></subject><subject><name><namePart>Grimes, Anna</namePart></name></subject><subject><topic>Jewish women</topic></subject><subject><topic>Jewish men</topic></subject><subject><topic>Weddings</topic></subject><subject><topic>Jewish marriage customs and rites</topic></subject><subject><topic>Jewish businesspeople</topic></subject><subject><genre>Photographs</genre></subject><subject><geographic>Colorado</geographic></subject><subject><geographic>Denver (Colo.)</geographic></subject><subject><occupation>Businesspeople</occupation></subject><relatedItem><titleInfo><title>Beck Archives Photograph Collection, Families and Groups</title></titleInfo></relatedItem><identifier type="local">B063.05.0013.00005</identifier><location><url usage="primary display">http://hdl.handle.net/10176/codu:57306</url></location><accessCondition type="useAndReproduction">Copyright restrictions may apply. User is responsible for all copyright compliance.</accessCondition></mods>