<mods xmlns="http://www.loc.gov/mods/v3" xmlns:mods="http://www.loc.gov/mods/v3" xmlns:xlink="http://www.w3.org/1999/xlink" xmlns:xsi="http://www.w3.org/2001/XMLSchema-instance"><titleInfo><title>A. Grossman's Haberdashery on Champa St.</title></titleInfo><name type="personal"><role><roleTerm authority="marcrelator" type="text">creator</roleTerm></role></name><typeOfResource>still image</typeOfResource><originInfo><publisher>University of Denver</publisher><place><placeTerm type="text">Denver, Colorado</placeTerm></place><dateCreated keyDate="yes">1920</dateCreated></originInfo><language></language><physicalDescription><extent>1 item (photograph), 5 x 7 inches, black and white</extent><note>On envelope: ''# 91  Abraham Grossman in his Haberdashery, 1920.'' On back of photograph, ''Abe Grossman's Man's Haberdashery, c. 1920's, Denver, #91, Grossman's." Printers instructions and an Encyclopaedia Judaica stamp.</note><form>Photographic prints</form><digitalOrigin>Reformatted digital</digitalOrigin></physicalDescription><abstract>Abraham Grossman appears here in his store, the Grossman's Haberdashery, in Denver around 1920. Socks, shirts, and suspenders are on display hanging from shelves. The store was located on Sixteenth Street, Denver's main downtown business thoroughfare.</abstract><note>Title supplied by archivist.</note><note type="admin">Donated by Sydney Grossman.</note><note type="admin">ph091</note><subject><name><namePart>Grossman, Abraham</namePart></name></subject><subject><name><namePart>Grossman's Haberdashery</namePart></name></subject><subject><topic>Jewish merchants</topic></subject><subject><topic>Jews</topic></subject><subject><genre>Interior views</genre></subject><subject><geographic>Denver (Colo.)</geographic></subject><subject><geographic>Colorado</geographic></subject><subject><occupation>Merchants</occupation></subject><relatedItem><titleInfo><title>Beck Archives Photograph Collection, Businesses</title></titleInfo></relatedItem><identifier type="local">B063.01.0009.00092</identifier><location><url usage="primary display">http://hdl.handle.net/10176/codu:59280</url></location><accessCondition type="useAndReproduction">Copyright restrictions may apply. User is responsible for all copyright compliance.</accessCondition></mods>