<mods xmlns="http://www.loc.gov/mods/v3" xmlns:mods="http://www.loc.gov/mods/v3" xmlns:xlink="http://www.w3.org/1999/xlink" xmlns:xsi="http://www.w3.org/2001/XMLSchema-instance"><titleInfo><title>Irene Stein and Artwork</title></titleInfo><name type="personal"><role><roleTerm authority="marcrelator" type="text">creator</roleTerm></role></name><typeOfResource>still image</typeOfResource><originInfo><publisher>University of Denver</publisher><place><placeTerm type="text">Denver, Colorado</placeTerm></place><dateCreated keyDate="yes">8/1/1988</dateCreated></originInfo><language></language><physicalDescription><extent>1 item (photograph), 4 x 6 inches, color</extent><note>Handwritten on back of photograph:  ''1988 age 94.''</note><form>Photographic prints</form></physicalDescription><abstract>Irene Stein (Mrs. Azriel Stein), age 94, peers through a piece of her artwork in 1988. Stein was the daughter of Anna and Robert Lazar Miller. In 1921 she married Azriel "Azie" Stein, a pharmacist who owned and operated Pencol Drug Store.</abstract><note>Title supplied by cataloger.</note><note type="admin">Donated by Irene Miller Stein.</note><note type="admin">ph951</note><subject><name><namePart>Stein, Irene Miller,--1894-2000</namePart></name></subject><subject><name><namePart>Pencol Drug Store</namePart></name></subject><subject><topic>Jewish women artists</topic></subject><subject><topic>Jewish women</topic></subject><subject><genre>Portraits</genre></subject><subject><genre>Photographs</genre></subject><subject><geographic>Denver (Colo.)</geographic></subject><subject><geographic>Colorado</geographic></subject><subject><occupation>Artist</occupation></subject><relatedItem><titleInfo><title>Beck Archives Photograph Collection, Individuals</title></titleInfo></relatedItem><identifier type="local">B063.08.0039.00003</identifier><location><url usage="primary display">http://hdl.handle.net/10176/codu:32552</url></location><accessCondition type="useAndReproduction">Copyright restrictions may apply. User is responsible for all copyright compliance.</accessCondition></mods>