<mods xmlns="http://www.loc.gov/mods/v3" xmlns:mods="http://www.loc.gov/mods/v3" xmlns:xlink="http://www.w3.org/1999/xlink" xmlns:xsi="http://www.w3.org/2001/XMLSchema-instance"><titleInfo><title>Employees Standing in Front of Rocky Mountain Envelope Company</title></titleInfo><name type="personal"><role><roleTerm authority="marcrelator" type="text">creator</roleTerm></role></name><typeOfResource>still image</typeOfResource><originInfo><publisher>University of Denver</publisher><place><placeTerm type="text">Denver, Colorado</placeTerm></place><dateCreated keyDate="yes">between 1900-1930</dateCreated></originInfo><language></language><physicalDescription><extent>1 item (photograph), 4 x 5 inches, black and white</extent><note>Handwritten on envelope: ''#787 Misc. Rockmont Envelope Co, Denver.''  On back of photograph: ''#787.''</note><form>Photographic prints</form><digitalOrigin>Reformatted digital</digitalOrigin></physicalDescription><abstract>Portrait of a large group of unidentified employees of Denver's Rockmont Envelope Company. The employees are standing in front of the company's building.</abstract><note>Title supplied by archivist.</note><note type="admin">ph787</note><subject><name><namePart>Rockmont Envelope Company</namePart></name></subject><subject><name><namePart>Rocky Mountain Envelope Company</namePart></name></subject><subject><topic>Jews</topic></subject><subject><topic>Jewish businesspeople</topic></subject><subject><genre>Photographs</genre></subject><subject><genre>Portraits</genre></subject><subject><genre>Exterior views</genre></subject><subject><geographic>Denver (Colo.)</geographic></subject><subject><geographic>Colorado</geographic></subject><relatedItem><titleInfo><title>Beck Archives Photograph Collection, Businesses</title></titleInfo></relatedItem><identifier type="local">B063.01.0017.00040</identifier><location><url usage="primary display">http://hdl.handle.net/10176/codu:59305</url></location><accessCondition type="useAndReproduction">Copyright restrictions may apply. User is responsible for all copyright compliance.</accessCondition></mods>