<mods xmlns="http://www.loc.gov/mods/v3" xmlns:mods="http://www.loc.gov/mods/v3" xmlns:xlink="http://www.w3.org/1999/xlink" xmlns:xsi="http://www.w3.org/2001/XMLSchema-instance"><titleInfo><title>Bernstein's Dry Goods Store in Walsenburg, Colorado</title></titleInfo><name type="personal"><role><roleTerm authority="marcrelator" type="text">creator</roleTerm></role></name><typeOfResource>still image</typeOfResource><originInfo><publisher>University of Denver</publisher><place><placeTerm type="text">Denver, Colorado</placeTerm></place><dateCreated keyDate="yes">circa 1890</dateCreated></originInfo><language><languageTerm type="text">Inscription is in English.</languageTerm></language><physicalDescription><extent>1 item (photograph), 7 x 10 inches, black and white</extent><note>Handwritten on envelope: "# 149 Bernstein's Store, Walsenberg [sic], Co c. 1890."</note><form>Photographic prints</form></physicalDescription><abstract>Interior of Moritz Bernstein's Dry Goods Store in Walsenburg, Colorado. The owner, Moritz Bernstein, stands with his hand on the counter to the right.</abstract><note>Title supplied by archivist.</note><note type="admin">Donated by Morton Stark.</note><note type="admin">ph149</note><subject><name><namePart>Bernstein, Moritz,--1866-1918</namePart></name></subject><subject><name><namePart>Bernstein's Dry Goods Store</namePart></name></subject><subject><topic>Jewish merchants</topic></subject><subject><topic>Jews</topic></subject><subject><genre>Exterior views</genre></subject><subject><genre>Photographs</genre></subject><subject><geographic>Walsenburg (Colo.)</geographic></subject><subject><geographic>Colorado</geographic></subject><subject><occupation>Merchants</occupation></subject><relatedItem><titleInfo><title>Beck Archives Photograph Collection, Businesses</title></titleInfo></relatedItem><identifier type="local">B063.01.0001.00058</identifier><location><url usage="primary display">http://hdl.handle.net/10176/codu:60016</url></location><accessCondition type="useAndReproduction">Copyright restrictions may apply. User is responsible for all copyright compliance.</accessCondition></mods>