<mods xmlns="http://www.loc.gov/mods/v3" xmlns:mods="http://www.loc.gov/mods/v3" xmlns:xlink="http://www.w3.org/1999/xlink" xmlns:xsi="http://www.w3.org/2001/XMLSchema-instance"><titleInfo><title>Jesse Shwayder Holding Incendiary Bomb</title></titleInfo><name type="personal"><role><roleTerm authority="marcrelator" type="text">creator</roleTerm></role></name><typeOfResource>still image</typeOfResource><originInfo><publisher>University of Denver</publisher><place><placeTerm type="text">Denver, Colorado</placeTerm></place><dateCreated keyDate="yes">circa 1940</dateCreated></originInfo><language><languageTerm type="text">Inscription is in English</languageTerm></language><physicalDescription><extent>1 item (photograph), 8 x 10 inches, black and white</extent><note>Handwritten on envelope: "# 155 Jesse Shwayder, 1940's." On back of photograph: "#155 Jesse Shwayder holding incendiary bomb manufactured by Shwayder Bros during war c. early 1940's. L-R Emmet Heisler, Jesse Shwayder, seated, Louis Degen, Donor Samsonite Corporation, advertising dept."</note><form>Photographic prints</form><digitalOrigin>Reformatted digital</digitalOrigin></physicalDescription><abstract>Jesse Shwayder holds an incendiary bomb manufactured by Shwayder Brothers during World War II. From left to right: Emmet Heisler, Jesse Shwayder, seated, Louis Degen. Two of the men in the photograph are unidentified.  The Shwayders founded the Samsonite Corporation.</abstract><note>Title supplied by archivist.</note><note type="admin">Donated by Samsonite Corporation, advertising department.</note><note type="admin">ph155</note><subject><name><namePart>Shwayder, Jesse</namePart></name></subject><subject><name><namePart>Degen, Louis</namePart></name></subject><subject><name><namePart>Heisler, Emmet</namePart></name></subject><subject><name><namePart>Shwayder Bros. Inc.</namePart></name></subject><subject><name><namePart>Samsonite Corporation</namePart></name></subject><subject><topic>Jews</topic></subject><subject><topic>Jewish businesspeople</topic></subject><subject><genre>Group portraits</genre></subject><subject><geographic>Colorado</geographic></subject><relatedItem><titleInfo><title>Beck Archives Photograph Collection, Businesses</title></titleInfo></relatedItem><identifier type="local">B063.01.0001.00014</identifier><location><url usage="primary display">http://hdl.handle.net/10176/codu:59293</url></location><accessCondition type="useAndReproduction">Copyright restrictions may apply. User is responsible for all copyright compliance.</accessCondition></mods>