<mods xmlns="http://www.loc.gov/mods/v3" xmlns:mods="http://www.loc.gov/mods/v3" xmlns:xlink="http://www.w3.org/1999/xlink" xmlns:xsi="http://www.w3.org/2001/XMLSchema-instance"><titleInfo><title>Tivoli Building</title></titleInfo><name type="personal"><role><roleTerm authority="marcrelator" type="text">creator</roleTerm></role></name><typeOfResource>still image</typeOfResource><originInfo><publisher>University of Denver</publisher><place><placeTerm type="text">Denver, Colorado</placeTerm></place><dateCreated keyDate="yes">between 1995-2005</dateCreated></originInfo><language><languageTerm type="text">Inscription is in English.</languageTerm></language><physicalDescription><extent>1 item (photograph), 6 x 4 inches, color</extent><note>On envelope: ''#1065 Lillian and Sam Marchick  Sam and Ben Marchick.''</note><form>Photographic prints</form></physicalDescription><abstract>Exterior view of the Trivoli building in Cheyenne, Wyoming. The Trivoli Building was owned by Sam Marchick and housed his clothing store.</abstract><note>Description taken from plaque in image B063.01.0009.00083.</note><note type="admin">ph1065</note><subject><name><namePart>Marchick Store</namePart></name></subject><subject><topic>Stores, Retail</topic></subject><subject><topic>Jewish businesspeople</topic></subject><subject><genre>Photographs</genre></subject><subject><genre>Exterior views</genre></subject><subject><geographic>Cheyenne</geographic></subject><subject><geographic>Wyoming</geographic></subject><relatedItem><titleInfo><title>Beck Archives Photograph Collection, Businesses</title></titleInfo></relatedItem><identifier type="local">B063.01.0009.00082</identifier><location><url usage="primary display">http://hdl.handle.net/10176/codu:60010</url></location><accessCondition type="useAndReproduction">Copyright restrictions may apply. User is responsible for all copyright compliance.</accessCondition></mods>