<mods xmlns="http://www.loc.gov/mods/v3" xmlns:mods="http://www.loc.gov/mods/v3" xmlns:xlink="http://www.w3.org/1999/xlink" xmlns:xsi="http://www.w3.org/2001/XMLSchema-instance"><titleInfo><title>Morris Eber posed in Eber's Grocery Store</title></titleInfo><name type="personal"><role><roleTerm authority="marcrelator" type="text">creator</roleTerm></role></name><typeOfResource>still image</typeOfResource><originInfo><publisher>University of Denver</publisher><place><placeTerm type="text">Denver, Colorado</placeTerm></place><dateCreated keyDate="yes">circa 1912</dateCreated></originInfo><language></language><physicalDescription><extent>1 item (photograph), 4 x 7 inches, black and white</extent><note>On envelope: ''# 195 Eber's Grocery info from back inside''.  Handwritten note found inside original envelope: ''#195 Eber's Grocery 1463 Platte St. 1912  Donor Mrs. Graham Susman''. On bottom of photograph: ''1912''.</note><form>Photographic prints</form><digitalOrigin>Reformatted digital</digitalOrigin></physicalDescription><abstract>Morris Eber wears a work apron and stands in the center of the floor of Eber's Grocery Store located at 1463 Platte Street in Denver in 1912. Groceries and dry goods are on the shelves surrounding him.</abstract><note>Title supplied by archivist.</note><note>Appears in ''Images of America: Jewish Denver 1859-1940,'' by Dr. Jeanne Abrams, page 43.</note><note type="admin">Donated by Mrs. Graham (Eber) Susman ; gift ; 1970-1979?
Donated by Mrs. Ben Bockla in 1977.</note><note type="admin">ph195</note><subject><name><namePart>Eber, Morris</namePart></name></subject><subject><name><namePart>Eber's Grocery</namePart></name></subject><subject><topic>Jews</topic></subject><subject><topic>Jewish merchants</topic></subject><subject><topic>Stores, Retail</topic></subject><subject><topic>Family-owned business enterprises</topic></subject><subject><topic>Grocery trade</topic></subject><subject><genre>Photographs</genre></subject><subject><genre>Interior views</genre></subject><subject><geographic>Denver (Colo.)</geographic></subject><subject><geographic>Colorado</geographic></subject><relatedItem><titleInfo><title>Beck Archives Photograph Collection, Businesses</title></titleInfo></relatedItem><identifier type="local">B063.01.0009.00005</identifier><location><url usage="primary display">http://hdl.handle.net/10176/codu:59381</url></location><accessCondition type="useAndReproduction">Copyright restrictions may apply. User is responsible for all copyright compliance.</accessCondition></mods>