<mods xmlns="http://www.loc.gov/mods/v3" xmlns:mods="http://www.loc.gov/mods/v3" xmlns:xlink="http://www.w3.org/1999/xlink" xmlns:xsi="http://www.w3.org/2001/XMLSchema-instance"><titleInfo><title>Peerless Alloy</title></titleInfo><name type="personal"><role><roleTerm authority="marcrelator" type="text">creator</roleTerm></role></name><typeOfResource>still image</typeOfResource><originInfo><publisher>University of Denver</publisher><place><placeTerm type="text">Denver, Colorado</placeTerm></place><dateCreated keyDate="yes">circa 1940s</dateCreated></originInfo><language></language><physicalDescription><extent>1 item (photograph), 3 x 5 inches, black and white</extent><note>On envelope: "#1060 A Kiesler/Rifkin families 1930s-50s." On photograph: "Peerless Alloy, Joe Sheftal, Adolph Kiesler, c. 1940s."</note><form>Photographic prints</form><digitalOrigin>Reformatted digital</digitalOrigin></physicalDescription><abstract>Joe Sheftal, Adolph Kiesler, and an unidentified man stand in front of The Peerless Alloy Co. Signs in the photograph say: "the Wensley Metal Products Co. The Peerless Alloy Co.'' and ''The Peerless All[illegible] 1445 Metals 1445."</abstract><note>Title supplied by archivist.</note><note type="admin">ph1060</note><subject><name><namePart>Kiesler, Adolph,--1880-1967</namePart></name></subject><subject><name><namePart>Peerless Alloy Company (Denver, Colo.)</namePart></name></subject><subject><topic>Jews</topic></subject><subject><topic>Jewish businesspeople</topic></subject><subject><genre>Photographs</genre></subject><subject><genre>Exterior views</genre></subject><subject><geographic>Denver (Colo.)</geographic></subject><subject><geographic>Colorado</geographic></subject><subject><occupation>Metal-workers</occupation></subject><relatedItem><titleInfo><title>Beck Archives Photograph Collection, Businesses</title></titleInfo></relatedItem><identifier type="local">B063.01.0017.00001</identifier><location><url usage="primary display">http://hdl.handle.net/10176/codu:59321</url></location><accessCondition type="useAndReproduction">Copyright restrictions may apply. User is responsible for all copyright compliance.</accessCondition></mods>