<mods xmlns="http://www.loc.gov/mods/v3" xmlns:mods="http://www.loc.gov/mods/v3" xmlns:xlink="http://www.w3.org/1999/xlink" xmlns:xsi="http://www.w3.org/2001/XMLSchema-instance"><titleInfo><title>Silver Tire</title></titleInfo><name type="personal"><role><roleTerm authority="marcrelator" type="text">creator</roleTerm></role></name><typeOfResource>still image</typeOfResource><originInfo><publisher>University of Denver</publisher><place><placeTerm type="text">Denver, Colorado</placeTerm></place><dateCreated keyDate="yes">circa 1926</dateCreated></originInfo><language></language><physicalDescription><extent>1 item (photograph), 3 x 5 inches, black and white</extent><note>On envelope: ''#1166 Silver Tire Company and Sam Silver.'' On photograph: ''Broadway, Silver Tire, Denver c.1926, donor - Mildred Silver, 871-8954.''</note><form>Photographic prints</form><digitalOrigin>Reformatted digital</digitalOrigin></physicalDescription><abstract>Four unidentified individuals, three men and a woman, stand in front of the Biegel - Silver Tire and Rubber Co. One man appears to be in a uniform.  Sign on store next door says: ''Phonographs Martin L. [illegible] Records.''</abstract><note>Title supplied by archivist.</note><note type="admin">ph1166</note><subject><name><namePart>Biegel - Silver Tire and Rubber Co.</namePart></name></subject><subject><topic>Jews</topic></subject><subject><genre>Photographs</genre></subject><subject><geographic>Denver (Colo.)</geographic></subject><subject><geographic>Colorado</geographic></subject><relatedItem><titleInfo><title>Beck Archives Photograph Collection, Businesses</title></titleInfo></relatedItem><identifier type="local">B063.01.0017.00045</identifier><location><url usage="primary display">http://hdl.handle.net/10176/codu:59477</url></location><accessCondition type="useAndReproduction">Copyright restrictions may apply. User is responsible for all copyright compliance.</accessCondition></mods>