<mods xmlns="http://www.loc.gov/mods/v3" xmlns:mods="http://www.loc.gov/mods/v3" xmlns:xlink="http://www.w3.org/1999/xlink" xmlns:xsi="http://www.w3.org/2001/XMLSchema-instance"><titleInfo><title>Jewish Cemetery in Leadville, Colorado</title></titleInfo><name type="personal"><role><roleTerm authority="marcrelator" type="text">creator</roleTerm></role></name><typeOfResource>still image</typeOfResource><originInfo><publisher>University of Denver</publisher><place><placeTerm type="text">Denver, Colorado</placeTerm></place><dateCreated keyDate="yes">undated</dateCreated></originInfo><language></language><physicalDescription><extent>1 item (photograph), 4 x 5 inches, color</extent><note>On envelope: ''#115 Tombstone in Leadville Jewish Cemetery''. On photograph: "#115, Tombstone in Jewish Cemetery in Leadville, Colo, Hannah Oliner, Herman Oliner, Donor Belle Marcus."</note><form>Photographic prints</form><digitalOrigin>Reformatted digital</digitalOrigin></physicalDescription><abstract>Hanna and Herman Oliner's tombstones in the Jewish Cemetery in Leadville, Colorado.  The tombstones say: "[Hebrew writing] Hanna Oliner, 1849 - 1916, [Hebrew writing] Herman Oliner, 1858 - [illegible]."</abstract><note>Title supplied by archivist.</note><note type="admin">Donated by Belle Marcus.</note><note type="admin">ph115</note><subject><name><namePart>Oliner, Hanna--1849-1916</namePart></name></subject><subject><name><namePart>Oliner, Herman--1858-</namePart></name></subject><subject><topic>Jews</topic></subject><subject><topic>Jewish families</topic></subject><subject><topic>Cemeteries</topic></subject><subject><genre>Photographs</genre></subject><subject><geographic>Leadville (Colo.)</geographic></subject><relatedItem><titleInfo><title>Beck Archives Photograph Collection, Community</title></titleInfo></relatedItem><identifier type="local">B063.02.0018.00012</identifier><location><url usage="primary display">http://hdl.handle.net/10176/codu:60265</url></location><accessCondition type="useAndReproduction">Copyright restrictions may apply. User is responsible for all copyright compliance. Please credit Roger Whitacre.</accessCondition></mods>