<mods xmlns="http://www.loc.gov/mods/v3" xmlns:mods="http://www.loc.gov/mods/v3" xmlns:xlink="http://www.w3.org/1999/xlink" xmlns:xsi="http://www.w3.org/2001/XMLSchema-instance"><titleInfo><title>Exterior of C.M. Schayer Store</title></titleInfo><name type="personal"><role><roleTerm authority="marcrelator" type="text">creator</roleTerm></role></name><typeOfResource>still image</typeOfResource><originInfo><publisher>University of Denver</publisher><place><placeTerm type="text">Denver, Colorado</placeTerm></place><dateCreated keyDate="yes">between 1880-1890</dateCreated></originInfo><language><languageTerm type="text">Inscription is in English.</languageTerm></language><physicalDescription><extent>1 item (photograph), 10 x 8 inches, black and white</extent><note>On envelope: ''# 114 Charles Schayer Store. See oversize on museum display''. On back of the photograph: ''Charles Schayer, an Jewish German immigrant arrived in Denver 1865. The 4th generation of Schayer's still resides in Denver, Schayer Store, #114.'' Printed on the bottom of the photograph: "C.M. Schayer, wholesale dealer in liquors, wines and cigars, 409 Blake Street, Denver, Col."</note><form>Photographic prints</form></physicalDescription><abstract>Exterior of the C.M. Schayer Store owned by Charles M. Schayer, with a sign posted at the top of the building. Eight unidentified men and children stand in front and on a balcony. The store was located at 409 Blake Street in Denver, Colorado. Schayer arrived in Denver by covered wagon in 1865.</abstract><note>Title supplied by archivist.</note><note>Appears in ''Images of America: Jewish Denver 1859-1940,'' by Dr. Jeanne Abrams, page 19.</note><note type="admin">Donated by Mr. Charles Schayer, Jr. in 1977.</note><note type="admin">ph114</note><subject><name><namePart>Schayer, Charles M.,--1837-1907</namePart></name></subject><subject><name><namePart>C. M. Schayer Store</namePart></name></subject><subject><topic>Jewish merchants</topic></subject><subject><topic>Jews</topic></subject><subject><topic>Liquor Stores</topic></subject><subject><genre>Exterior views</genre></subject><subject><geographic>Denver (Colo.)</geographic></subject><subject><geographic>Colorado</geographic></subject><subject><occupation>Merchants</occupation></subject><relatedItem><titleInfo><title>Beck Archives Photograph Collection, Businesses</title></titleInfo></relatedItem><identifier type="local">B063.01.0001.00008</identifier><location><url usage="primary display">http://hdl.handle.net/10176/codu:60001</url></location><accessCondition type="useAndReproduction">Copyright restrictions may apply. User is responsible for all copyright compliance.</accessCondition></mods>