<mods xmlns="http://www.loc.gov/mods/v3" xmlns:mods="http://www.loc.gov/mods/v3" xmlns:xlink="http://www.w3.org/1999/xlink" xmlns:xsi="http://www.w3.org/2001/XMLSchema-instance"><titleInfo><title>Becky, Margaret and Harry Richman in Candy Store</title></titleInfo><name type="personal"><role><roleTerm authority="marcrelator" type="text">creator</roleTerm></role></name><name type="personal"><role><roleTerm authority="marcrelator" type="text">contributor</roleTerm></role></name><name type="corporate"><role><roleTerm authority="marcrelator" type="text">creator</roleTerm></role></name><name type="corporate"><role><roleTerm authority="marcrelator" type="text">contributor</roleTerm></role></name><typeOfResource>still image</typeOfResource><originInfo><publisher>University of Denver</publisher><place><placeTerm type="text">Denver, Colorado</placeTerm></place><dateCreated keyDate="yes">circa 1912</dateCreated></originInfo><language></language><physicalDescription><extent>1 item (photograph), 4 x 5 inches, black and white</extent><note>Handwritten on envelope: ''#496 Richman Family''.  On back of photograph: ''Mrs. Becky Richman with Margaret and Harry Richman in candy store and Ice Cream Parlor under the viaduct, c 1912  donor Margaret Richman Piehl  #496''.</note><form>Photographic prints</form><digitalOrigin>reformatted digital</digitalOrigin></physicalDescription><abstract>Becky, Margaret, and Harry Richman standing behind the counter in their candy store and ice cream parlor. Margaret Richman became Margaret Richman Piehl.</abstract><note>Title supplied by archivist.</note><note type="admin">Donated by Margaret Richman Piehl.</note><note type="admin">ph496</note><subject><name><namePart>Richman, Harry Carl</namePart></name></subject><subject><name><namePart>Richman, Becky</namePart></name></subject><subject><name><namePart>Piehl, Margaret Richman,--1911-1986</namePart></name></subject><subject><topic>Jews</topic></subject><subject><topic>Jewish merchants</topic></subject><subject><topic>Ice cream parlors</topic></subject><subject><genre>Photographs</genre></subject><subject><genre>Interior views</genre></subject><subject><geographic>Denver (Colo.)</geographic></subject><subject><geographic>Colorado</geographic></subject><subject><occupation>Merchants</occupation></subject><relatedItem><titleInfo><title>Beck Archives Photograph Collection, Businesses</title></titleInfo></relatedItem><identifier type="local">B063.01.0017.00021</identifier><location><url usage="primary display">http://hdl.handle.net/10176/codu:59316</url></location><accessCondition type="useAndReproduction">Copyright restrictions may apply. User is responsible for all copyright compliance.</accessCondition></mods>