<mods xmlns="http://www.loc.gov/mods/v3" xmlns:mods="http://www.loc.gov/mods/v3" xmlns:xlink="http://www.w3.org/1999/xlink" xmlns:xsi="http://www.w3.org/2001/XMLSchema-instance"><titleInfo><title>Immigration Documents and Portrait of the Dolinsky Family</title></titleInfo><name type="personal"><role><roleTerm authority="marcrelator" type="text">creator</roleTerm></role></name><typeOfResource>still image</typeOfResource><originInfo><publisher>University of Denver</publisher><place><placeTerm type="text">Denver, Colorado</placeTerm></place><dateCreated keyDate="yes">between 1900-1920</dateCreated></originInfo><language></language><physicalDescription><extent>1 item (photograph), 8 x 10 inches, black and white</extent><note>On envelope: ''#92 The Dolinsky Family''. On note inside envelope: ''Collage: documents of Mollie Dorlinsky, nee Nechuma Goldberg and Mr. Dolinsky with some of his children. Date unknown. Donor: Mrs. Rosalie Brenman, granddaughter''.</note><form>Photographic prints</form></physicalDescription><abstract>Composite featuring a Polish passport and document along with Dolinsky family portrait. The portrait photograph includes: Nechama (Mollie) Dolinsky Goldberg, her father and two brothers. This composite photograph was probably taken in the 1970s, however the documents and portrait date to around 1910.</abstract><note>Title supplied by archivist.</note><note>Appears in ''Images of America: Jewish Denver 1859-1940,'' by Dr. Jeanne Abrams, on page 93.</note><note type="admin">Donated by Mrs. Rosalie Brenman, granddaughter of Mollie Dolinsky.</note><note type="admin">ph92</note><subject><name><namePart>Goldberg, Mollie Dolinsky</namePart></name></subject><subject><name><namePart>Dolinsky family</namePart></name></subject><subject><topic>Jews</topic></subject><subject><topic>Jewish families</topic></subject><subject><topic>Social life and customs</topic></subject><subject><topic>Immigrants</topic></subject><subject><topic>Jews, East European</topic></subject><subject><genre>Group portraits</genre></subject><subject><genre>Photographs</genre></subject><subject><geographic>Colorado</geographic></subject><subject><geographic>Denver (Colo.)</geographic></subject><relatedItem><titleInfo><title>Beck Archives Photograph Collection, Families and Groups</title></titleInfo></relatedItem><identifier type="local">B063.05.0005.00019</identifier><location><url usage="primary display">http://hdl.handle.net/10176/codu:59741</url></location><accessCondition type="useAndReproduction">Copyright restrictions may apply. User is responsible for all copyright compliance.</accessCondition></mods>