<mods xmlns="http://www.loc.gov/mods/v3" xmlns:mods="http://www.loc.gov/mods/v3" xmlns:xlink="http://www.w3.org/1999/xlink" xmlns:xsi="http://www.w3.org/2001/XMLSchema-instance"><titleInfo><title>Texas Pavilion Building at the Jewish Consumptives' Relief Society</title></titleInfo><name type="personal"><role><roleTerm authority="marcrelator" type="text">creator</roleTerm></role></name><typeOfResource>still image</typeOfResource><originInfo><publisher>University of Denver</publisher><place><placeTerm type="text">Denver, Colorado</placeTerm></place><dateCreated keyDate="yes">between 1937-1957</dateCreated></originInfo><language></language><physicalDescription><extent>1 item (photograph), 4 x 5 inches, black and white</extent><note>Handwritten on envelope: ''#180 JCRS Group of pictures''.   On back of photograph: ''#180 JCRS  Texas Building now the cancer hospital''.</note><form>Photographic prints</form></physicalDescription><abstract>The Texas Pavilion for Women Building on the campus of the Jewish Consumptives' Relief Society (JCRS) opened in 1927. The JCRS was a sanatorium for tuberculosis patients that was founded in 1904 by a group of immigrant Jewish working men along with the support of several leading physicians and rabbis in Denver, Colorado. It was located on West Colfax Avenue just outside of Denver. As of 2009, the Texas Pavilion was being used as part of the Rocky Mountain College of Art and Design.</abstract><note>Title supplied by archivist.</note><note type="admin">Donated by Marjorie Hornbein.</note><note type="admin">ph180</note><subject><name><namePart>Jewish Consumptives' Relief Society (U.S.)</namePart></name></subject><subject><name><namePart>Texas Pavilion for Women (Spivak, Colo.)</namePart></name></subject><subject><topic>Jews</topic></subject><subject><topic>Tuberculosis</topic></subject><subject><topic>Hospitals</topic></subject><subject><topic>Sanatoriums</topic></subject><subject><topic>Buildings</topic></subject><subject><genre>Photographs</genre></subject><subject><genre>Exterior views</genre></subject><subject><geographic>Colorado</geographic></subject><subject><geographic>Denver (Colo.)</geographic></subject><subject><geographic>Colfax Avenue (Denver, Colo.)</geographic></subject><subject><geographic>West Colfax (Denver, Colo.)</geographic></subject><subject><geographic>Spivak (Colo.)</geographic></subject><relatedItem><titleInfo><title>Beck Archives Photograph Collection, Health Care and Philanthropy</title></titleInfo></relatedItem><identifier type="local">B063.03.0019.00009</identifier><location><url usage="primary display">http://hdl.handle.net/10176/codu:57302</url></location><accessCondition type="useAndReproduction">Copyright restrictions may apply. User is responsible for all copyright compliance.</accessCondition></mods>