<mods xmlns="http://www.loc.gov/mods/v3" xmlns:mods="http://www.loc.gov/mods/v3" xmlns:xlink="http://www.w3.org/1999/xlink" xmlns:xsi="http://www.w3.org/2001/XMLSchema-instance"><titleInfo><title>Mayer Store</title></titleInfo><name type="personal"><role><roleTerm authority="marcrelator" type="text">creator</roleTerm></role></name><typeOfResource>still image</typeOfResource><originInfo><publisher>University of Denver</publisher><place><placeTerm type="text">Denver, Colorado</placeTerm></place><dateCreated keyDate="yes">between 1880-1889</dateCreated></originInfo><language></language><physicalDescription><extent>1 item (photograph), 8 x 10 inches, black and white</extent><note>On envelope: "#1026 Leopold Mayer and store, bank and family, Saguache, Co 1880s." Handwritten on back of photo: "Mayer Store, Saguache, CO 1880s, #1026, Mayer Store, Saguache 1880s."</note><form>Photographic prints</form><digitalOrigin>Reformatted digital</digitalOrigin></physicalDescription><abstract>Group of people stand on a boardwalk in front of the Isaac Gotthelf and Leopold Mayer store and bank in Saguache, Colorado.  Sign over the door says, ''The Gotthelf and Mayer Mer.''</abstract><note>Title supplied by archivist.</note><note type="admin">ph1027</note><subject><name><namePart>Mayer, Leopold,--1839-</namePart></name></subject><subject><name><namePart>Gotthelf & Mayer Bank, Dry Goods and Clothings, Groceries (Saguache, Colo.)</namePart></name></subject><subject><topic>Stores, Retail</topic></subject><subject><genre>Exterior views</genre></subject><subject><geographic>Saguache (Colo.)</geographic></subject><subject><geographic>Colorado</geographic></subject><subject><occupation>Merchants</occupation></subject><relatedItem><titleInfo><title>Beck Archives Photograph Collection, Businesses</title></titleInfo></relatedItem><identifier type="local">B063.01.0001.00048</identifier><location><url usage="primary display">http://hdl.handle.net/10176/codu:59474</url></location><accessCondition type="useAndReproduction">Copyright restrictions may apply. User is responsible for all copyright compliance.</accessCondition></mods>