<mods xmlns="http://www.loc.gov/mods/v3" xmlns:mods="http://www.loc.gov/mods/v3" xmlns:xlink="http://www.w3.org/1999/xlink" xmlns:xsi="http://www.w3.org/2001/XMLSchema-instance"><titleInfo><title>Physicians of the Jewish Consumptives' Relief Society</title></titleInfo><name type="personal"><role><roleTerm authority="marcrelator" type="text">creator</roleTerm></role></name><typeOfResource>still image</typeOfResource><originInfo><publisher>University of Denver</publisher><place><placeTerm type="text">Denver, Colorado</placeTerm></place><dateCreated keyDate="yes">circa 1932</dateCreated></originInfo><language></language><physicalDescription><extent>1 item (photograph), 4 x 5 inches, black and white</extent><note>Handwritten on envelope: ''#460 J.C.R.S. Staff''. On back of photograph: ''Dr. Schwatt center  Dr. Arthur Rest  extreme right  J.C.R.S. Drs. 1938  Perhaps Dr. Rest can tell you who Drs. are''.</note><form>Photographic prints</form></physicalDescription><abstract>Group portrait of physicians of the Jewish Consumptives' Relief Society (JCRS).  Dr. Herman Schwatt is pictured in the center and Dr. Arthur Rest is on the far right. The JCRS was a sanatorium for tuberculosis patients that was founded in 1904 by a group of immigrant Jewish working men along with the support of several leading physicians and rabbis in Denver, Colorado. It was located on West Colfax Avenue just outside of Denver.</abstract><note>Title supplied by archivist.</note><note type="admin">Donated by AMC Cancer Research Center (JCRS).</note><note type="admin">ph460</note><subject><name><namePart>Schwatt, Herman,--1878-1935</namePart></name></subject><subject><name><namePart>Rest, Arthur</namePart></name></subject><subject><name><namePart>Jewish Consumptives' Relief Society (U.S.)</namePart></name></subject><subject><topic>Jews</topic></subject><subject><topic>Tuberculosis</topic></subject><subject><topic>Hospitals</topic></subject><subject><topic>Sanatoriums</topic></subject><subject><genre>Photographs</genre></subject><subject><genre>Group portraits</genre></subject><subject><geographic>Colorado</geographic></subject><subject><geographic>Denver (Colo.)</geographic></subject><subject><geographic>Colfax Avenue (Denver, Colo.)</geographic></subject><subject><geographic>West Colfax (Denver, Colo.)</geographic></subject><subject><geographic>Spivak (Colo.)</geographic></subject><subject><occupation>Physicians</occupation></subject><relatedItem><titleInfo><title>Beck Archives Photograph Collection, Health Care and Philanthropy</title></titleInfo></relatedItem><identifier type="local">B063.03.0019.00043</identifier><location><url usage="primary display">http://hdl.handle.net/10176/codu:57312</url></location><accessCondition type="useAndReproduction">Copyright restrictions may apply. User is responsible for all copyright compliance.</accessCondition></mods>