<mods xmlns="http://www.loc.gov/mods/v3" xmlns:mods="http://www.loc.gov/mods/v3" xmlns:xlink="http://www.w3.org/1999/xlink" xmlns:xsi="http://www.w3.org/2001/XMLSchema-instance"><titleInfo><title>Portrait of Philip Hornbein Reading</title></titleInfo><name type="personal"><role><roleTerm authority="marcrelator" type="text">creator</roleTerm></role></name><typeOfResource>still image</typeOfResource><originInfo><publisher>University of Denver</publisher><place><placeTerm type="text">Denver, Colorado</placeTerm></place><dateCreated keyDate="yes">1938</dateCreated></originInfo><language></language><physicalDescription><extent>1 item (photograph), 8 x 10 inches, black and white</extent><note>On back of photograph: ''#135 Marjorie Hornbein  1124 Steele  Denver, CO 80206  1938 Philip Hornbein  Donated by Miss Marjorie Hornbein''. On envelope: ''#135 Phillip Hornbein, 1938''.</note><form>Photographic prints</form></physicalDescription><abstract>Philip Hornbein is reading in a chair with a cigarette in his hand.  Hornbein was one of Colorado's top trial lawyers, a leader in the fight against the Ku Klux Klan, and chairman of Colorado's Democratic Party during the presidency of Franklin D. Roosevelt. He graduated from the University of Denver School of Law, practiced in Cripple Creek, then Denver, Colorado.</abstract><note>Title supplied by archivist.</note><note>Framed copy of this photograph in collection B167.</note><note>Appears in ''Images of America: Jewish Denver 1859-1940,'' by Dr. Jeanne Abrams, on page 22.</note><note type="admin">Donated by Miss. Marjorie Hornbein.</note><note type="admin">ph135</note><subject><name><namePart>Hornbein, Philip,--1879-1962</namePart></name></subject><subject><name><namePart>University of Denver</namePart></name></subject><subject><name><namePart>Democratic Party (Colo.)</namePart></name></subject><subject><name><namePart>Ku Klux Klan (1915- )</namePart></name></subject><subject><topic>Jews</topic></subject><subject><topic>Social life and customs</topic></subject><subject><topic>Jewish lawyers</topic></subject><subject><topic>Jewish statesmen</topic></subject><subject><topic>Alumni</topic></subject><subject><genre>Portraits</genre></subject><subject><genre>Photographs</genre></subject><subject><geographic>Colorado</geographic></subject><subject><geographic>Denver (Colo.)</geographic></subject><subject><geographic>Cripple Creek (Colo.)</geographic></subject><subject><occupation>Lawyers</occupation></subject><relatedItem><titleInfo><title>Beck Archives Photograph Collection, Individuals</title></titleInfo></relatedItem><identifier type="local">B063.08.0008.00004</identifier><location><url usage="primary display">http://hdl.handle.net/10176/codu:37761</url></location><accessCondition type="useAndReproduction">Copyright restrictions may apply. User is responsible for all copyright compliance.</accessCondition></mods>