<mods xmlns="http://www.loc.gov/mods/v3" xmlns:mods="http://www.loc.gov/mods/v3" xmlns:xlink="http://www.w3.org/1999/xlink" xmlns:xsi="http://www.w3.org/2001/XMLSchema-instance"><titleInfo><title>Max Cook Sporting Goods</title></titleInfo><name type="personal"><role><roleTerm authority="marcrelator" type="text">creator</roleTerm></role></name><typeOfResource>still image</typeOfResource><originInfo><publisher>University of Denver</publisher><place><placeTerm type="text">Denver, Colorado</placeTerm></place><dateCreated keyDate="yes">between 1924-1932</dateCreated></originInfo><language></language><physicalDescription><extent>1 item (photograph), 7 x 5 inches, black and white</extent><note>On envelope: ''#1034 Cooks Sporting Goods.'' On back of photograph: ''Max, Julian & Harold Cook, #1034.''</note><form>Photographic prints</form><digitalOrigin>Reformatted digital</digitalOrigin></physicalDescription><abstract>Exterior of Max Cook Sporting Goods with neon signage. In 1924, Dave and Max Cook went into the sporting goods business, operating the first major sports store in Colorado.</abstract><note>Title supplied by archivist.</note><note type="admin">ph1034</note><subject><name><namePart>Max Cook Sporting Goods</namePart></name></subject><subject><topic>Stores, Retail</topic></subject><subject><topic>Jewish merchants</topic></subject><subject><genre>Photographs</genre></subject><subject><genre>Exterior views</genre></subject><subject><geographic>Denver (Colo.)</geographic></subject><subject><geographic>Colorado</geographic></subject><subject><occupation>Merchants</occupation></subject><relatedItem><titleInfo><title>Beck Archives Photograph Collection, Businesses</title></titleInfo></relatedItem><identifier type="local">B063.01.0009.00068</identifier><location><url usage="primary display">http://hdl.handle.net/10176/codu:59325</url></location><accessCondition type="useAndReproduction">Copyright restrictions may apply. User is responsible for all copyright compliance.</accessCondition></mods>