<mods xmlns="http://www.loc.gov/mods/v3" xmlns:mods="http://www.loc.gov/mods/v3" xmlns:xlink="http://www.w3.org/1999/xlink" xmlns:xsi="http://www.w3.org/2001/XMLSchema-instance"><titleInfo><title>Major Operating Room at the Jewish Consumptives' Relief Society</title></titleInfo><name type="personal"><namePart>Mile High Photo Company (Denver, Colo.)</namePart><role><roleTerm authority="marcrelator" type="text">creator</roleTerm></role></name><typeOfResource>still image</typeOfResource><originInfo><publisher>University of Denver</publisher><place><placeTerm type="text">Denver, Colorado</placeTerm></place><dateCreated keyDate="yes">between 1920-1950</dateCreated></originInfo><language></language><physicalDescription><extent>1 item (photograph), 8 x 10 inches, black and white</extent><note>Inked on negative: ''Mile High Photo, 20135.'' Handwritten on envelope: ''#452 JCRS Misc. Medical Facilities.''  On back of photograph: ''#452 JCRS Major operating room for collapsing lungs.''</note><form>Photographic prints</form></physicalDescription><abstract>Interior of the major operating room used for collapsed lungs on the campus of the Jewish Consumptives' Relief Society (JCRS). The JCRS was a sanatorium for tuberculosis patients that was founded in 1904 by a group of immigrant Jewish workingmen along with the support of several leading physicians and rabbis in Denver, Colorado. The sanatorium was located on West Colfax Avenue just outside of Denver.</abstract><note>Title supplied by archivist.</note><note type="admin">Accession # 1271, Donated by AMC Cancer Research Center as part of the JCRS Records.</note><note type="admin">ph452</note><subject><name><namePart>Jewish Consumptives' Relief Society (U.S.)</namePart></name></subject><subject><topic>Jews</topic></subject><subject><topic>Hospitals</topic></subject><subject><topic>Sanatoriums</topic></subject><subject><topic>Operating rooms</topic></subject><subject><topic>Tuberculosis</topic></subject><subject><genre>Photographs</genre></subject><subject><genre>Interior views</genre></subject><subject><geographic>Colorado</geographic></subject><subject><geographic>Denver (Colo.)</geographic></subject><subject><geographic>Edgewater (Colo.)</geographic></subject><subject><geographic>Colfax Avenue (Denver, Colo.)</geographic></subject><subject><geographic>West Colfax (Denver, Colo.)</geographic></subject><subject><geographic>Sanatorium (Colo.)</geographic></subject><subject><geographic>Spivak (Colo.)</geographic></subject><relatedItem><titleInfo><title>Beck Archives Photograph Collection, Health Care and Philanthropy</title></titleInfo></relatedItem><identifier type="local">B063.03.0003.00036</identifier><location><url usage="primary display">http://hdl.handle.net/10176/codu:57313</url></location><accessCondition type="useAndReproduction">Copyright restrictions may apply. User is responsible for all copyright compliance.</accessCondition></mods>