<mods xmlns="http://www.loc.gov/mods/v3" xmlns:mods="http://www.loc.gov/mods/v3" xmlns:xlink="http://www.w3.org/1999/xlink" xmlns:xsi="http://www.w3.org/2001/XMLSchema-instance"><titleInfo><title>Azriel Stein Stands at the Counter of Pencol Drug Store</title></titleInfo><name type="personal"><role><roleTerm authority="marcrelator" type="text">creator</roleTerm></role></name><typeOfResource>still image</typeOfResource><originInfo><publisher>University of Denver</publisher><place><placeTerm type="text">Denver, Colorado</placeTerm></place><dateCreated keyDate="yes">10/1/1951</dateCreated></originInfo><language></language><physicalDescription><extent>1 item (photograph), 5 x 7 inches, black and white</extent><note>On envelope: ''#580 Azriel Stein, druggist, 1951''. Notes on back of photograph: ''Azriel Stein ''Sandwich Man'' Co. Druggist, Oct 51 in his drugstore Pencol Drugs #580''.</note><form>Photographic prints</form><digitalOrigin>Reformatted digital</digitalOrigin></physicalDescription><abstract>Azriel Stein stands behind the counter at his drugstore, Pencol Drug, which was located at Pennsylvania Street and Colfax Avenue in Denver, Colorado.</abstract><note>Title supplied by archivist.</note><note>Appears in ''Images of America: Jewish Denver 1859-1940,'' by Dr. Jeanne Abrams, page 56.</note><note type="admin">Donated by Irene Miller Stein.</note><note type="admin">ph580</note><subject><name><namePart>Stein, Azriel,--1896-1976</namePart></name></subject><subject><name><namePart>Pencol Drugs</namePart></name></subject><subject><topic>Jews</topic></subject><subject><topic>Pharmacists</topic></subject><subject><genre>Photographs</genre></subject><subject><geographic>Denver (Colo.)</geographic></subject><subject><geographic>Colorado</geographic></subject><relatedItem><titleInfo><title>Beck Archives Photograph Collection, Businesses</title></titleInfo></relatedItem><identifier type="local">B063.01.0009.00032</identifier><location><url usage="primary display">http://hdl.handle.net/10176/codu:59468</url></location><accessCondition type="useAndReproduction">Copyright restrictions may apply. User is responsible for all copyright compliance.</accessCondition></mods>