<mods xmlns="http://www.loc.gov/mods/v3" xmlns:mods="http://www.loc.gov/mods/v3" xmlns:xlink="http://www.w3.org/1999/xlink" xmlns:xsi="http://www.w3.org/2001/XMLSchema-instance"><titleInfo><title>Ice Cream Outing to Denver Ice Cream Brick and Dainty Co.</title></titleInfo><name type="personal"><role><roleTerm authority="marcrelator" type="text">creator</roleTerm></role></name><typeOfResource>still image</typeOfResource><originInfo><publisher>University of Denver</publisher><place><placeTerm type="text">Denver, Colorado</placeTerm></place><dateCreated keyDate="yes">circa 1917</dateCreated></originInfo><language><languageTerm type="text">Inscription is in English.</languageTerm></language><physicalDescription><extent>1 item (photograph), 6 x 14  inches, black and white</extent><note>Typed on the back of the photograph: ''2. A group of friends at an outing, c. 1917.'' Handwritten on the back of the photograph: ''Mr. and Mrs. Joe Alpert and friends, c. 1917, Donor Mr. Arnold Alpert, See mount board separately.''</note><form>Photographic prints</form><digitalOrigin>Reformatted digital</digitalOrigin></physicalDescription><abstract>Joe and Betty Alpert (fourth and fifth from left) are shown in a social outing with friends to the Denver Ice Cream Brick and Dainty Co. at 719 13th street in Denver (Colo.) Behind the group of twenty men and women are cars, the Denver Ice Cream Company building, a multi storied home, and Saint John's Episcopal Cathedral. On the building is a sign ''Denver Ice Cream Brick and Dainty Co.,'' and signs ''Bricks 5¢ -- Dainties 1¢.'' Three men stand in the doorway of the Denver Ice Cream building.</abstract><note>Title supplied by archivist.</note><note>Appears in ''Images of America: Jewish Denver 1859-1940,'' by Dr. Jeanne Abrams, page 108.</note><note type="admin">Donated by Arnold Alpert in December 1977.</note><note type="admin">ph74</note><subject><name><namePart>Alpert, Joseph,--1896-1977</namePart></name></subject><subject><name><namePart>Alpert, Betty Rottman</namePart></name></subject><subject><name><namePart>Denver Ice Cream Brick and Dainty Co. (Denver, Colo)</namePart></name></subject><subject><name><namePart>St. John's Episcopal Cathedral (Denver, Colo.)</namePart></name></subject><subject><topic>Social life and customs</topic></subject><subject><topic>Jewish men</topic></subject><subject><topic>Jewish women</topic></subject><subject><genre>Group portraits</genre></subject><subject><geographic>Denver (Colo.)</geographic></subject><relatedItem><titleInfo><title>Beck Archives Photograph Collection, Community</title></titleInfo></relatedItem><identifier type="local">B063.02.0031.0012.00001</identifier><location><url usage="primary display">http://hdl.handle.net/10176/codu:60384</url></location><accessCondition type="useAndReproduction">Copyright restrictions may apply. User is responsible for all copyright compliance.</accessCondition></mods>