<mods xmlns="http://www.loc.gov/mods/v3" xmlns:mods="http://www.loc.gov/mods/v3" xmlns:xlink="http://www.w3.org/1999/xlink" xmlns:xsi="http://www.w3.org/2001/XMLSchema-instance"><titleInfo><title>Cripple Creek Jewish Community Members</title></titleInfo><name type="personal"><role><roleTerm authority="marcrelator" type="text">creator</roleTerm></role></name><typeOfResource>still image</typeOfResource><originInfo><publisher>University of Denver</publisher><place><placeTerm type="text">Denver, Colorado</placeTerm></place><dateCreated keyDate="yes">circa 1895</dateCreated></originInfo><language><languageTerm type="text">Inscription is in English.</languageTerm></language><physicalDescription><extent>1 item (photograph), 5 x 7 inches, sepia</extent><note>On back of photograph: ''Sarah Sticker, Mrs. Gus Mautner, Mrs. L. Cohen, Mrs. Rosenberg, Mrs. Max Guldman, Clara Kolm, Dick Cohen, Paula Heller, Anna Segal, Regina Roth, Sadie Levy, May Garrett, Gertie Garrett, Mrs. L. Koretz, Sadie Schradsky, Nathan Segal, Ellis Rosenberg, Louis Koretz, Max Guldman, Morris Cohen, Harry Harris, Joe Cohen, Gus Mautner, Sol Segal, [illegible] Garrett, L. Silverman, L. Caro, S. Rudman;  Return: Miriam Goldberg, 915 Monaco Pkwy, Denver, CO 80220; 861-2234; 377-0350; #990.''  On envelope: ''#990 Young Jewish Community of Cripple Creek, Co  c. 1900.''</note><form>Photographic prints</form></physicalDescription><abstract>A group of early Jewish residents of Cripple Creek, Colorado, gathered for a social outing in the 1890s.  The following are pictured:  Sarah Sticker, Mrs. Gus Mautner, Mrs. L. Cohen, Mrs. Rosenberg, Mrs. Max Guldman, Clara Kolm, Dick Cohen, Paula Heller, Anna Segal, Regina Roth, Sadie Levy, May Garrett, Gertie Garrett, Mrs. L. Koretz, Sadie Schradsky, Nathan Segal, Ellis Rosenberg, Louis Koretz, Max Guldman, Morris Cohen, Harry Harris, Joe Cohen, Gus Mautner, Sol Segal, H. Garrett, L. Silverman, L. Caro, and S. Rudman. Cripple Creek was a thriving mining town in the 1890s with an active Jewish community. Many Jewish merchants established themselves in Cripple Creek. Jewish religious services were held regularly, and a B'nai B'rith chapter was founded in 1901. After mining petered out in the area in the early years of the 20th century, most Jews moved to Denver.</abstract><note>Title supplied by archivist.</note><note>Appears in ''Images of America: Jewish Denver 1859-1940,'' by Dr. Jeanne Abrams, page 114.</note><note type="admin">Photograph was donated by Miriam Goldberg.</note><note type="admin">ph990</note><subject><name><namePart>Caro, L.</namePart></name></subject><subject><name><namePart>Cohen, Joseph</namePart></name></subject><subject><name><namePart>Cohn, Dick</namePart></name></subject><subject><name><namePart>Cohn, Morris</namePart></name></subject><subject><name><namePart>Garrett, Gertie</namePart></name></subject><subject><name><namePart>Gerrett, H.</namePart></name></subject><subject><name><namePart>Guldman, Max</namePart></name></subject><subject><name><namePart>Harris, Harry</namePart></name></subject><subject><name><namePart>Heller, Paula</namePart></name></subject><subject><name><namePart>Kolm, Clara</namePart></name></subject><subject><name><namePart>Koretz, Louis</namePart></name></subject><subject><name><namePart>Levy, Sadie</namePart></name></subject><subject><name><namePart>Mautner, Gus</namePart></name></subject><subject><name><namePart>Roth, Regina</namePart></name></subject><subject><name><namePart>Rosenberg, Ellis</namePart></name></subject><subject><name><namePart>Rudman, S.</namePart></name></subject><subject><name><namePart>Schradsky, Sadie</namePart></name></subject><subject><name><namePart>Segal, Anna</namePart></name></subject><subject><name><namePart>Segal, Nathan</namePart></name></subject><subject><name><namePart>Segal, Sol</namePart></name></subject><subject><name><namePart>Silverman, L.</namePart></name></subject><subject><name><namePart>Striker, Sarah</namePart></name></subject><subject><name><namePart>Garrett, May</namePart></name></subject><subject><name><namePart>Cohen, Mrs. L.</namePart></name></subject><subject><name><namePart>Rosenberg, Mrs.</namePart></name></subject><subject><name><namePart>Mautner, Mrs. Gus</namePart></name></subject><subject><name><namePart>Guldman, Mrs. Max</namePart></name></subject><subject><name><namePart>Koretz, Mrs. L.</namePart></name></subject><subject><topic>Jews</topic></subject><subject><topic>Social life and customs</topic></subject><subject><genre>Photographs</genre></subject><subject><genre>Group portraits</genre></subject><subject><geographic>Cripple Creek (Colo.)</geographic></subject><relatedItem><titleInfo><title>Beck Archives Photograph Collection, Community</title></titleInfo></relatedItem><identifier type="local">B063.02.0002.00028</identifier><location><url usage="primary display">http://hdl.handle.net/10176/codu:59716</url></location><accessCondition type="useAndReproduction">Copyright restrictions may apply. User is responsible for all copyright compliance.</accessCondition></mods>