<mods xmlns="http://www.loc.gov/mods/v3" xmlns:mods="http://www.loc.gov/mods/v3" xmlns:xlink="http://www.w3.org/1999/xlink" xmlns:xsi="http://www.w3.org/2001/XMLSchema-instance"><titleInfo><title>Hornbein Family Portrait</title></titleInfo><titleInfo><title>Hornbein Family Portrait</title></titleInfo><name type="personal"><role><roleTerm authority="marcrelator" type="text">creator</roleTerm></role></name><typeOfResource>still image</typeOfResource><originInfo><publisher>University of Denver</publisher><place><placeTerm type="text">Denver, Colorado</placeTerm></place><dateCreated keyDate="yes">1923</dateCreated></originInfo><language></language><physicalDescription><extent>1 item (photograph), 5 x 7 inches, black and white</extent><note>On back of photograph: ''Philip and Flora (Anfenger) Hornbein Philip Jr. and Marjorie, 1923 California trip.''</note><form>videorecording</form></physicalDescription><abstract>Flora and Philip Hornbein stand in front of a false scenic coastline backdrop with their children, Marjorie and Philip Jr., mounted on a cardboard donkey in front of them. Photograph was taken on a trip to San Francisco, California in 1923. Philip Hornbein was a Colorado trial lawyer, a leader in the fight against the Ku Klux Klan, and chairman of Colorado's Democratic Party during the presidency of Franklin D. Roosevelt.</abstract><note>Title supplied by archivist.</note><note>Appears in ''Images of America: Jewish Denver 1859-1940,'' by Dr. Jeanne Abrams, page 23.</note><note type="admin">Donated by Ann Hornbein.</note><note type="admin">ph1052</note><subject><name><namePart>Hornbein Family</namePart></name></subject><subject><name><namePart>Hornbein, Flora Anfenger,--1888-1964</namePart></name></subject><subject><name><namePart>Hornbein, Philip,--1879-1962</namePart></name></subject><subject><name><namePart>Hornbein, Philip,--1915-1987</namePart></name></subject><subject><name><namePart>Hornbein, Marjorie,--1913-2006</namePart></name></subject><subject><topic>Jews</topic></subject><subject><topic>Jewish families</topic></subject><subject><topic>Social life and customs</topic></subject><subject><topic>Vacations</topic></subject><subject><topic>Jewish lawyers</topic></subject><subject><topic>Jewish statesmen</topic></subject><subject><genre>Group portraits</genre></subject><subject><geographic>Denver (Colo.)</geographic></subject><subject><geographic>Colorado</geographic></subject><subject><occupation>Lawyers</occupation></subject><relatedItem><titleInfo><title>Beck Archives Photograph Collection, Families and Groups</title></titleInfo></relatedItem><identifier type="local">B063.05.0013.00024</identifier><location><url usage="primary display">http://hdl.handle.net/10176/codu:59744</url></location><accessCondition type="useAndReproduction">Copyright restrictions may apply. User is responsible for all copyright compliance.</accessCondition></mods>