<mods xmlns="http://www.loc.gov/mods/v3" xmlns:mods="http://www.loc.gov/mods/v3" xmlns:xlink="http://www.w3.org/1999/xlink" xmlns:xsi="http://www.w3.org/2001/XMLSchema-instance"><titleInfo><title>Bedroom in the Nathan Miller Family Home</title></titleInfo><name type="personal"><role><roleTerm authority="marcrelator" type="text">creator</roleTerm></role></name><typeOfResource>still image</typeOfResource><originInfo><publisher>University of Denver</publisher><place><placeTerm type="text">Denver, Colorado</placeTerm></place><dateCreated keyDate="yes">10/1980</dateCreated></originInfo><language><languageTerm type="text">Inscription is in English.</languageTerm></language><physicalDescription><extent>1 item (photograph), 10 x 8 inches, black and white</extent><note>Handwritten on back: ''#501, Nathan Miller family home Leadville, Colorado Oc 1980 Credit Gay Lasher, photographer.''   On envelope: ''#501 Miller family home, Leadville.''</note><form>Photographic prints</form><digitalOrigin>Reformatted digital</digitalOrigin></physicalDescription><abstract>Bedroom in the Nathan Miller family home in Leadville, Colorado.</abstract><note>Title supplied by archivist.</note><note type="admin">Donated and photographed by Gay Lasher.
Donated and photographed by Gay Lasher.</note><note type="admin">ph501</note><subject><name><namePart>Miller, Nathan</namePart></name></subject><subject><topic>Jews</topic></subject><subject><topic>Jewish families</topic></subject><subject><topic>Houses</topic></subject><subject><topic>Beds</topic></subject><subject><topic>Bedrooms</topic></subject><subject><genre>Photographs</genre></subject><subject><genre>Interior views</genre></subject><subject><geographic>Leadville (Colo.)</geographic></subject><relatedItem><titleInfo><title>Beck Archives Photograph Collection, Community</title></titleInfo></relatedItem><identifier type="local">B063.02.0002.00023</identifier><location><url usage="primary display">http://hdl.handle.net/10176/codu:60216</url></location><accessCondition type="useAndReproduction">Copyright restrictions may apply. User is responsible for all copyright compliance.</accessCondition></mods>