<mods xmlns="http://www.loc.gov/mods/v3" xmlns:mods="http://www.loc.gov/mods/v3" xmlns:xlink="http://www.w3.org/1999/xlink" xmlns:xsi="http://www.w3.org/2001/XMLSchema-instance"><titleInfo><title>Interior of M.B. Miller's Store</title></titleInfo><name type="personal"><role><roleTerm authority="marcrelator" type="text">creator</roleTerm></role></name><typeOfResource>still image</typeOfResource><originInfo><publisher>University of Denver</publisher><place><placeTerm type="text">Denver, Colorado</placeTerm></place><dateCreated keyDate="yes">between 1902-1903</dateCreated></originInfo><language><languageTerm type="text">Inscription is in English.</languageTerm></language><physicalDescription><extent>1 item (photograph), 8  x 10 inches,</extent><note>On envelope: "#498 Leadville Businesses 1900-1915." On back of photograph: "M.B. Miller's c.1903-1904, 255[crossed out] 225 Harrison Ave, Leadville Ont., Minnie Betsy Miller and son Henry Miller, with clerks., Donor Minnette Miller, #498."  On original envelope, "Leadville Businesses 1900-1915."</note><form>Photographic prints</form><digitalOrigin>Reformatted digital</digitalOrigin></physicalDescription><abstract>Minnie Betsy Miller and son Henry Miller are standing with three unidentified clerks inside M.B. Miller's store in Leadville, Colorado. Interior view of store shows piles of towels, shirts and ties. Signs advertise sales on suits and negligee shirts. Minnie Betsy Miller is the mother of Minnette Miller.</abstract><note>Title supplied by archivist.</note><note type="admin">Donated by Minnette Miller.</note><note type="admin">ph498</note><subject><name><namePart>Miller, Henry</namePart></name></subject><subject><name><namePart>Miller, Minnie Betsy</namePart></name></subject><subject><name><namePart>M. B. Miller's</namePart></name></subject><subject><topic>Jews</topic></subject><subject><topic>Jewish businesspeople</topic></subject><subject><topic>Jewish merchants</topic></subject><subject><topic>Stores, Retail</topic></subject><subject><genre>Photographs</genre></subject><subject><geographic>Leadville (Colo.)</geographic></subject><subject><geographic>Colorado</geographic></subject><relatedItem><titleInfo><title>Beck Archives Photograph Collection, Businesses</title></titleInfo></relatedItem><identifier type="local">B063.01.0001.00032</identifier><location><url usage="primary display">http://hdl.handle.net/10176/codu:59301</url></location><accessCondition type="useAndReproduction">Copyright restrictions may apply. User is responsible for all copyright compliance.</accessCondition></mods>