<mods xmlns="http://www.loc.gov/mods/v3" xmlns:mods="http://www.loc.gov/mods/v3" xmlns:xlink="http://www.w3.org/1999/xlink" xmlns:xsi="http://www.w3.org/2001/XMLSchema-instance"><titleInfo><title>Harry and Blanche Goodstein's Home</title></titleInfo><name type="personal"><role><roleTerm authority="marcrelator" type="text">creator</roleTerm></role></name><typeOfResource>still image</typeOfResource><originInfo><publisher>University of Denver</publisher><place><placeTerm type="text">Denver, Colorado</placeTerm></place><dateCreated keyDate="yes">undated</dateCreated></originInfo><language><languageTerm type="text">Inscription is in English.</languageTerm></language><physicalDescription><extent>1 item (photograph), 5 x 5 inches, black and white</extent><note>On envelope: "#1074 Denver Jewish Sites, 1992." On photograph: "Phil Goodstein, 1571 Steele Harry & Blanche Goodstein House, #1074."</note><form>Photographic prints</form><digitalOrigin>Reformatted digital</digitalOrigin></physicalDescription><abstract>Exterior view of Harry and Blanche Goodstein's home at 1571 Steele St in Denver.</abstract><note>Title supplied by archivist.</note><note type="admin">ph1074</note><subject><name><namePart>Goodstein, Blanche</namePart></name></subject><subject><name><namePart>Goodstein, Harry</namePart></name></subject><subject><topic>Houses</topic></subject><subject><topic>Jews--Colorado--Denver</topic></subject><subject><genre>Photographs</genre></subject><subject><geographic>Denver (Colo.)</geographic></subject><relatedItem><titleInfo><title>Beck Archives Photograph Collection, Community</title></titleInfo></relatedItem><identifier type="local">B063.02.0010.00002</identifier><location><url usage="primary display">http://hdl.handle.net/10176/codu:60227</url></location><accessCondition type="useAndReproduction">Copyright restrictions may apply. User is responsible for all copyright compliance.</accessCondition></mods>