<mods xmlns="http://www.loc.gov/mods/v3" xmlns:mods="http://www.loc.gov/mods/v3" xmlns:xlink="http://www.w3.org/1999/xlink" xmlns:xsi="http://www.w3.org/2001/XMLSchema-instance"><titleInfo><title>Billie Stein and Her Harmony Girls Band</title></titleInfo><name type="personal"><namePart>Morganti Studio</namePart><role><roleTerm authority="marcrelator" type="text">creator</roleTerm></role></name><typeOfResource>still image</typeOfResource><originInfo><publisher>University of Denver</publisher><place><placeTerm type="text">Denver, Colorado</placeTerm></place><dateCreated keyDate="yes">1929</dateCreated></originInfo><language><languageTerm type="text">Inscription is in English.</languageTerm></language><physicalDescription><extent>1 item (photograph), 8 x 10 inches,</extent><note>Stamped on back of photograph: ''Morganti Studio 932 - 15th Street, Denver, Colo.'' and handwritten on back: ''1929, #1126, Billie Stein's Harmony Group.''</note><form>Photographic prints</form></physicalDescription><abstract>Billie (Lillian) Stein and her all-girl orchestra, The Harmony Girls, play their instruments. The orchestra featured seven women, shown here with musical instruments. Billie Stein is third from right with the trumpet. Billie Stein started her own all-girls band at the age of 14 and traveled throughout the United States performing with her trumpet.</abstract><note>Title supplied by archivist.</note><note>Appears in ''Images of America: Jewish Denver 1859-1940,'' by Dr. Jeanne Abrams, page 54.</note><note type="admin">Donated by Billie Stein.</note><note type="admin">ph1126</note><subject><name><namePart>Stein, Billie,--1907-2002</namePart></name></subject><subject><name><namePart>Harmony Girls Band</namePart></name></subject><subject><topic>Jews</topic></subject><subject><topic>Jewish women</topic></subject><subject><topic>Bands (Music)</topic></subject><subject><topic>Orchestra</topic></subject><subject><topic>Jewish musicians</topic></subject><subject><topic>Women musicians</topic></subject><subject><genre>Photographs</genre></subject><subject><genre>Group portraits</genre></subject><subject><geographic>Denver (Colo.)</geographic></subject><subject><geographic>Colorado</geographic></subject><subject><occupation>Musicians</occupation></subject><subject><occupation>Trumpet players</occupation></subject><relatedItem><titleInfo><title>Beck Archives Photograph Collection, Community</title></titleInfo></relatedItem><identifier type="local">B063.02.0002.00018</identifier><location><url usage="primary display">http://hdl.handle.net/10176/codu:59715</url></location><accessCondition type="useAndReproduction">Copyright restrictions may apply. User is responsible for all copyright compliance.</accessCondition></mods>