<mods xmlns="http://www.loc.gov/mods/v3" xmlns:mods="http://www.loc.gov/mods/v3" xmlns:xlink="http://www.w3.org/1999/xlink" xmlns:xsi="http://www.w3.org/2001/XMLSchema-instance"><titleInfo><title>Cheltenham School January Class 1921</title></titleInfo><name type="personal"><namePart>Martin, Alexander,--d. 1929</namePart><role><roleTerm authority="marcrelator" type="text">creator</roleTerm></role></name><typeOfResource>still image</typeOfResource><originInfo><publisher>University of Denver</publisher><place><placeTerm type="text">Denver, Colorado</placeTerm></place><dateCreated keyDate="yes">1/1921</dateCreated></originInfo><language></language><physicalDescription><extent>1 item (photograph), 6 x 9 inches, black and white</extent><note>Printed on front of photograph: ''January Class. 1921. Cheltenham School. Denver, Colo. Alex: Martin, Photo.'' Handwritten on back: ''Frieda Radetsky, Julia Weiner, Rose Holland, Sam Bronstein, Reuben Hoffman, Sam Yoclin, Isreal [sic] Kahnanowitz, Rose Lutz, Charlotte R. Christian, Jennie Schenkman, Rose Goldberg, Max Cohen, Ida Roberts, Abe Lavitt, Bennie Albert, Jennie Sher., Margaret McGavock, Sam Menin, Benjamin Schacter, Joe Bernstein, Hyman Friedland (3rd row 2nd from left), H. T. Cluxton, Pearl R. [illegible], Reva Ocherwitz, Hyman Badion, Philip Lazousky, Chester Lebetsky, Irene Radetsky, Sarah Sable, Prof. Poffie Sam Friedman, Edward Sigman, Gussie Geirchowitz, Willie Nelson, Sam Wiener, Essie Mannie, Sara Robinson, Nathan Farber (top row), Elsie Brown, Esther Singer, Leon Tinsilvere, Viola Baerrson, Mary A. Brines, Edna Casey, Ella A. Lawson; Standing far right Frieda Radetsky Toltz, Sam Yoclin at front of center, Irene Radetsky 2nd row 3rd from left, #1094.''</note><form>Photographic prints</form></physicalDescription><abstract>Teachers pose with their students the class of 1921 on the steps of Cheltenham School located at West Colfax Avenue and Irving Street in Denver, Colorado. The boys wear suits with short pants and the girls wear dresses. Frieda Radetsky, Julia Weiner, Rose Holland, Sam Bronstein, Reuben Hoffman, Sam Yoclin, Isreal [sic] Kahnanowitz, Rose Lutz, Charlotte R. Christian, Jennie Schenkman, Rose Goldberg, Max Cohen, Ida Roberts, Abe Lavitt, Bennie Albert, Margaret McGavock, Sam Menin, Benjamin Schacter, Joe Bernstein, Hyman Friedland, H. T. Cluxton, earl R. [illegible], Reva Ocherwitz, Hyman Badion, Philip Lazousky, Chester Lebetsky, Irene Radetsky, Sarah Sable, Prof. Poffie Sam Friedman, Edward Sigman, Gussie Geirchowitz, Willie Nelson, Sam Wiener, Essie Mannie, Sara Robinson, Nathan Farber, Elsie Brown, Esther Singer, Leon Tinsilvere, Viola Baerrson, Mary A. Brines, Edna Casey, Ella A. Lawson.</abstract><note>Title supplied by archivist.</note><note type="admin">Donated by Roberta Norman.</note><note type="admin">ph1094</note><subject><name><namePart>Barron, Lena Radetsky</namePart></name></subject><subject><name><namePart>Toltz, Frieda Radetsky,--1906-1978</namePart></name></subject><subject><name><namePart>Friedland, Hyman</namePart></name></subject><subject><name><namePart>Yales, Sam</namePart></name></subject><subject><name><namePart>Lebetsky, Chester</namePart></name></subject><subject><name><namePart>Lazousky, Philip</namePart></name></subject><subject><name><namePart>Badion, Hyman</namePart></name></subject><subject><name><namePart>Ocherwitz, Reva</namePart></name></subject><subject><name><namePart>Cluxton, H. T.</namePart></name></subject><subject><name><namePart>Bernstein, Joe</namePart></name></subject><subject><name><namePart>Schacter, Benjamin</namePart></name></subject><subject><name><namePart>Menin, Sam</namePart></name></subject><subject><name><namePart>Lawson, Ella A.</namePart></name></subject><subject><name><namePart>Casey, Edna</namePart></name></subject><subject><name><namePart>McGavock, Margaret</namePart></name></subject><subject><name><namePart>Albert, Bennie</namePart></name></subject><subject><name><namePart>Brines, Mary A.</namePart></name></subject><subject><name><namePart>Lavitt, Abe</namePart></name></subject><subject><name><namePart>Baerrson, Viola</namePart></name></subject><subject><name><namePart>Tinsilvere, Leon</namePart></name></subject><subject><name><namePart>Roberts, Ida</namePart></name></subject><subject><name><namePart>Cohen, Max</namePart></name></subject><subject><name><namePart>Singer, Esther</namePart></name></subject><subject><name><namePart>Brown, Elsie</namePart></name></subject><subject><name><namePart>Goldberg, Rose</namePart></name></subject><subject><name><namePart>Schenkman, Jennie</namePart></name></subject><subject><name><namePart>Farber, Nathan</namePart></name></subject><subject><name><namePart>Robinson, Sara</namePart></name></subject><subject><name><namePart>Christian, Charlotte R.</namePart></name></subject><subject><name><namePart>Lutz, Rose</namePart></name></subject><subject><name><namePart>Mannie, Essie</namePart></name></subject><subject><name><namePart>Wiener, Sam</namePart></name></subject><subject><name><namePart>Kahnanowitz, Isreal</namePart></name></subject><subject><name><namePart>Yoclin, Sam</namePart></name></subject><subject><name><namePart>Nelson, Willie</namePart></name></subject><subject><name><namePart>Geirchowitz, Gussie</namePart></name></subject><subject><name><namePart>Hoffman, Reuben</namePart></name></subject><subject><name><namePart>Bronstein, Sam</namePart></name></subject><subject><name><namePart>Sigman, Edward</namePart></name></subject><subject><name><namePart>Friedman, Sam</namePart></name></subject><subject><name><namePart>Holland, Rose</namePart></name></subject><subject><name><namePart>Weiner, Julia</namePart></name></subject><subject><name><namePart>Sable, Sarah</namePart></name></subject><subject><name><namePart>Cheltenham School (Denver, Colo.)</namePart></name></subject><subject><topic>Jewish children</topic></subject><subject><topic>Elementary schools</topic></subject><subject><topic>Classes (Groups of students)</topic></subject><subject><genre>Group portraits</genre></subject><subject><genre>Photographs</genre></subject><subject><geographic>Colorado</geographic></subject><subject><geographic>Denver (Colo.)</geographic></subject><subject><geographic>Colfax Avenue (Denver, Colo.)</geographic></subject><subject><geographic>West Colfax (Denver, Colo.)</geographic></subject><subject><occupation>Teachers</occupation></subject><subject><occupation>Elementary school principals</occupation></subject><relatedItem><titleInfo><title>Beck Archives Photograph Collection, Community</title></titleInfo></relatedItem><identifier type="local">B063.02.0034.0014.00001</identifier><location><url usage="primary display">http://hdl.handle.net/10176/codu:57295</url></location><accessCondition type="useAndReproduction">Copyright restrictions may apply. User is responsible for all copyright compliance.</accessCondition></mods>