<mods xmlns="http://www.loc.gov/mods/v3" xmlns:mods="http://www.loc.gov/mods/v3" xmlns:xlink="http://www.w3.org/1999/xlink" xmlns:xsi="http://www.w3.org/2001/XMLSchema-instance"><titleInfo><title>Celia Isaacs with Children, Sadie and Louis</title></titleInfo><name type="personal"><role><roleTerm authority="marcrelator" type="text">creator</roleTerm></role></name><name type="personal"><role><roleTerm authority="marcrelator" type="text">contributor</roleTerm></role></name><name type="corporate"><role><roleTerm authority="marcrelator" type="text">creator</roleTerm></role></name><name type="corporate"><role><roleTerm authority="marcrelator" type="text">contributor</roleTerm></role></name><typeOfResource>still image</typeOfResource><originInfo><publisher>University of Denver</publisher><place><placeTerm type="text">Denver, Colorado</placeTerm></place><dateCreated keyDate="yes">circa 1901</dateCreated></originInfo><language></language><physicalDescription><extent>1 item (photograph), 8 x 5 inches, black and white</extent><note>Handwritten on back of photograph: ''#166 Celia Stasser Isaacs (changed to Stager upon immigration) with children Sadie and Louis c 1901''. On envelope: ''#166 Celia Stager Isaacs and children, c. 1901''.</note><form>Photographic prints</form><digitalOrigin>reformatted digital</digitalOrigin></physicalDescription><abstract>Formal portrait of Celia (Stager) Isaacs posed behind a prop fence with her children Sadie and Louis.</abstract><note>Title supplied by archivist.</note><note>Appears in ''Images of America: Jewish Denver 1859-1940,'' by Dr. Jeanne Abrams, on page 116.</note><note type="admin">Donated by Charlotte Gold.</note><note type="admin">ph166</note><subject><name><namePart>Isaacs, Sadie Dorothy--1900-1918</namePart></name></subject><subject><topic>Jews</topic></subject><subject><topic>Jewish families</topic></subject><subject><topic>Social life and customs</topic></subject><subject><genre>Photographs</genre></subject><subject><genre>Group portraits</genre></subject><subject><geographic>Colorado</geographic></subject><subject><geographic>Leadville (Colo.)</geographic></subject><subject><name><namePart>Isaacs, Louis</namePart></name></subject><subject><name><namePart>Isaacs, Celia Stager--1875-1937</namePart></name></subject><relatedItem><titleInfo><title>Beck Archives Photograph Collection, Families and Groups</title></titleInfo></relatedItem><identifier type="local">B063.05.0005.00024</identifier><location><url usage="primary display">http://hdl.handle.net/10176/codu:37767</url></location><accessCondition type="useAndReproduction">Copyright restrictions may apply. User is responsible for all copyright compliance.</accessCondition></mods>