<mods xmlns="http://www.loc.gov/mods/v3" xmlns:mods="http://www.loc.gov/mods/v3" xmlns:xlink="http://www.w3.org/1999/xlink" xmlns:xsi="http://www.w3.org/2001/XMLSchema-instance"><titleInfo><title>Ben Glass with H. Leivick, Yiddish Poet</title></titleInfo><name type="personal"><namePart>Cavarra Studio (Denver, Colo.)</namePart><role><roleTerm authority="marcrelator" type="text">creator</roleTerm></role></name><typeOfResource>still image</typeOfResource><originInfo><publisher>University of Denver</publisher><place><placeTerm type="text">Denver, Colorado</placeTerm></place><dateCreated keyDate="yes">1933</dateCreated></originInfo><language></language><physicalDescription><extent>1 item (photograph), 5 x 7.5 inches, black and white</extent><note>On front of matting: ''Cavarra Studio, Denver'' and handwritten Yiddish words and ''1933.'' Handwritten on back of photograph: ''Ben Glass with H. Leivick, Yiddish poet, 1933. Patients of JCRS. Donor: Mr. and Mrs. Ben Glass.</note><form>Photographic prints</form></physicalDescription><abstract>Portrait of Ben Glass (at left) and H. Leivick (the pen name of Leyṿiḳ Halpern or Leivick Halper), Yiddish poet. Both men were patients at the Jewish Consumptives' Relief Society (JCRS). Ben Glass was a printer at the JCRS bindery from 1928 to 1978 when it closed. The JCRS was a sanatorium for tuberculosis patients that was founded in 1904 by a group of immigrant Jewish working men along with the support of several leading physicians and rabbis in Denver, Colorado. It was located on West Colfax Avenue just outside of Denver. This is a copy of the original photograph and matting.</abstract><note>Title from back of photograph.</note><note>Photograph dimensions include matting shown in photograph.</note><note type="admin">Donated by Ben and Bessie Glass.</note><note type="admin">35</note><subject><name><namePart>Glass, Benjamin,--1897-1962</namePart></name></subject><subject><name><namePart>Leivick, H.,--1888-1962</namePart></name></subject><subject><name><namePart>Jewish Consumptives' Relief Society (U.S.)</namePart></name></subject><subject><topic>Jewish men</topic></subject><subject><topic>Tuberculosis</topic></subject><subject><topic>Printing</topic></subject><subject><topic>Jewish printers</topic></subject><subject><topic>Jewish authors</topic></subject><subject><genre>Portraits</genre></subject><subject><genre>Photographs</genre></subject><subject><geographic>Denver (Colo.)</geographic></subject><subject><geographic>Spivak (Colo.)</geographic></subject><subject><occupation>Printers</occupation></subject><subject><occupation>Poets</occupation></subject><subject><occupation>Poets, Yiddish</occupation></subject><subject><occupation>Authors</occupation></subject><relatedItem><titleInfo><title>Beck Archives Photograph Collection, Families and Groups</title></titleInfo></relatedItem><identifier type="local">B063.05.0005.00005</identifier><location><url usage="primary display">http://hdl.handle.net/10176/codu:37769</url></location><accessCondition type="useAndReproduction">Copyright restrictions may apply. User is responsible for all copyright compliance.</accessCondition></mods>