<mods xmlns="http://www.loc.gov/mods/v3" xmlns:mods="http://www.loc.gov/mods/v3" xmlns:xlink="http://www.w3.org/1999/xlink" xmlns:xsi="http://www.w3.org/2001/XMLSchema-instance"><titleInfo><title>Picnic at the National Home for Jewish Children at Denver</title></titleInfo><name type="personal"><role><roleTerm authority="marcrelator" type="text">creator</roleTerm></role></name><typeOfResource>still image</typeOfResource><originInfo><publisher>University of Denver</publisher><place><placeTerm type="text">Denver, Colorado</placeTerm></place><dateCreated keyDate="yes">1931</dateCreated></originInfo><language></language><physicalDescription><extent>1 item (photograph), 5 x 7 inches, black and white</extent><note>Handwritten on envelope: ''#388 Residents of Nat. Home for Jewish Children'' and ''Jewish Sheltering Home 1910-1950s''.  On back of photograph: ''#388  Picnic Supper Out-of-Doors  National Home for Jewish Children at Denver  1931  L - Bertha Katzson, rear  L-R  __ __ __ Doris Greenstein  __  Reuben Levine  picnic supper out-of-doors  ''.</note><form>Photographic prints</form></physicalDescription><abstract>A group of children sit on an outside deck at the National Home for Jewish Children. Each child has a plate of food and an unidentified woman serves them. Most of the children are unidentified, however, Bertha Katzson, Doris Greenstein and Reuben Levine are part of the group. The children are in the care of the National Home for Jewish Children at Denver in Denver, Colorado. Later, the home became part of the National Jewish Hospital.</abstract><note>Title supplied by archivist.</note><note type="admin">Donated by the National Asthma Center.</note><note type="admin">ph388</note><subject><name><namePart>Greenstein, Doris</namePart></name></subject><subject><name><namePart>Katzson, Bertha</namePart></name></subject><subject><name><namePart>Levine, Reuben</namePart></name></subject><subject><name><namePart>National Home for Jewish Children in Denver</namePart></name></subject><subject><topic>Jewish children</topic></subject><subject><topic>Jews</topic></subject><subject><topic>Group homes for children</topic></subject><subject><topic>Rehabilitation</topic></subject><subject><topic>Children</topic></subject><subject><topic>Girls</topic></subject><subject><topic>Boys</topic></subject><subject><genre>Photographs</genre></subject><subject><genre>Group portraits</genre></subject><subject><genre>Event photographs</genre></subject><subject><geographic>Colorado</geographic></subject><subject><geographic>Denver (Colo.)</geographic></subject><subject><geographic>Colfax Avenue (Denver, Colo.)</geographic></subject><relatedItem><titleInfo><title>Beck Archives Photograph Collection, Health Care and Philanthropy</title></titleInfo></relatedItem><identifier type="local">B063.03.0011.00089</identifier><location><url usage="primary display">http://hdl.handle.net/10176/codu:57284</url></location><accessCondition type="useAndReproduction">Copyright restrictions may apply. User is responsible for all copyright compliance.</accessCondition></mods>