<mods xmlns="http://www.loc.gov/mods/v3" xmlns:mods="http://www.loc.gov/mods/v3" xmlns:xlink="http://www.w3.org/1999/xlink" xmlns:xsi="http://www.w3.org/2001/XMLSchema-instance"><titleInfo><title>Goldberg Women</title></titleInfo><name type="personal"><role><roleTerm authority="marcrelator" type="text">creator</roleTerm></role></name><typeOfResource>still image</typeOfResource><originInfo><publisher>University of Denver</publisher><place><placeTerm type="text">Denver, Colorado</placeTerm></place><dateCreated keyDate="yes">circa 1937</dateCreated></originInfo><language><languageTerm type="text">Inscription is in English.</languageTerm></language><physicalDescription><extent>1 item (photograph), 7 x 5 inches, black and white</extent><note>Handwritten on back of photograph: '' #575, 1937, Miriam Goldberg (daughter), Minnie S. Harris (mother), Amelia Shepco (grandmother), Dorothy Lee Goldberg (granddaughter), 4 generations.''</note><form>Photographic prints</form></physicalDescription><abstract>Four generations of women, left to right: Minnie S. Harris, Miriam Goldberg, Amelia Shepco, and Dorothy Lee Goldberg (in front).</abstract><note>Title supplied by archivist.</note><note type="admin">Donated by Miriam Goldberg.</note><note type="admin">ph575</note><subject><name><namePart>Goldberg, Miriam--1916-</namePart></name></subject><subject><name><namePart>Goldberg, Dorothy Lee</namePart></name></subject><subject><name><namePart>Shepco, Amelia</namePart></name></subject><subject><name><namePart>Harris, Minnie S.</namePart></name></subject><subject><topic>Jewish women</topic></subject><subject><topic>Jewish children</topic></subject><subject><genre>Photographic prints</genre></subject><subject><genre>Group portraits</genre></subject><subject><geographic>Colorado</geographic></subject><subject><geographic>Denver (Colo.)</geographic></subject><relatedItem><titleInfo><title>Beck Archives Photograph Collection, Families and Groups</title></titleInfo></relatedItem><identifier type="local">B063.05.0013.00025</identifier><location><url usage="primary display">http://hdl.handle.net/10176/codu:59698</url></location><accessCondition type="useAndReproduction">Copyright restrictions may apply. User is responsible for all copyright compliance.</accessCondition></mods>