<mods xmlns="http://www.loc.gov/mods/v3" xmlns:mods="http://www.loc.gov/mods/v3" xmlns:xlink="http://www.w3.org/1999/xlink" xmlns:xsi="http://www.w3.org/2001/XMLSchema-instance"><titleInfo><title>Anfenger Home in Denver, Colorado</title></titleInfo><name type="personal"><role><roleTerm authority="marcrelator" type="text">creator</roleTerm></role></name><typeOfResource>still image</typeOfResource><originInfo><publisher>University of Denver</publisher><place><placeTerm type="text">Denver, Colorado</placeTerm></place><dateCreated keyDate="yes">1980-2000</dateCreated></originInfo><language><languageTerm type="text">Inscription is in English.</languageTerm></language><physicalDescription><extent>1 item (photograph), 8 x 10 inches, black and white</extent><note>Handwritten on back: ''Louis Anfenger Home #542, 2900 Champa Built 1884, Credit Roger Whitacre.''   On envelope: ''#542 Anfenger Home.''</note><form>Photographic prints</form><digitalOrigin>Reformatted digital</digitalOrigin></physicalDescription><abstract>Exterior of the Louis Anfenger family home located at 2900 Champa Street in Denver, Colorado. The home was built in 1884.</abstract><note>Title supplied by archivist.</note><note type="admin">Donated by Historic Denver, Inc. Please credit Roger Whitacre.</note><note type="admin">ph542</note><subject><name><namePart>Anfenger, Louis,--1842-1900</namePart></name></subject><subject><topic>Jews</topic></subject><subject><topic>Jewish families</topic></subject><subject><topic>Houses</topic></subject><subject><topic>Rooms</topic></subject><subject><topic>Bedrooms</topic></subject><subject><genre>Photographs</genre></subject><subject><genre>Interior views</genre></subject><subject><geographic>Leadville (Colo.)</geographic></subject><relatedItem><titleInfo><title>Beck Archives Photograph Collection, Community</title></titleInfo></relatedItem><identifier type="local">B063.02.0002.00027</identifier><location><url usage="primary display">http://hdl.handle.net/10176/codu:60220</url></location><accessCondition type="useAndReproduction">Copyright restrictions may apply. User is responsible for all copyright compliance. Please credit Roger Whitacre.</accessCondition></mods>