<mods xmlns="http://www.loc.gov/mods/v3" xmlns:mods="http://www.loc.gov/mods/v3" xmlns:xlink="http://www.w3.org/1999/xlink" xmlns:xsi="http://www.w3.org/2001/XMLSchema-instance"><titleInfo><title>Adolph Kiesler at Cornerstone Ceremony for Beth Israel Home</title></titleInfo><name type="personal"><role><roleTerm authority="marcrelator" type="text">creator</roleTerm></role></name><typeOfResource>still image</typeOfResource><originInfo><publisher>University of Denver</publisher><place><placeTerm type="text">Denver, Colorado</placeTerm></place><dateCreated keyDate="yes">1940</dateCreated></originInfo><language></language><physicalDescription><extent>1 item (photograph), 11 x 14 inches, black and white</extent><note>Handwritten on back of photograph: ''laying the cornerstone of Beth Israel Hospital, Adolph Kiesler, 1940.''</note><form>Photographic prints</form></physicalDescription><abstract>Adolph Kiesler attends a cornerstone ceremony for Beth Israel Home for the Aged at West 16th Avenue and Lowell Boulevard, Denver, Colorado. He stands in a suit and holds his hat in his left arm while shaking hands with a man in a suit and overcoat. Two men in suits, hats and overcoats stand behind Adolph Kiesler. Two men in work clothes stand behind the cornerstone that is attached to a pulley. ''Home for the Aged 1940 Erected 5700'' is chiseled on the stone. A boy stands, and two boys (one wears a jacket, the others are in shirtsleeves) sit on a brick wall.</abstract><note>Title supplied by archivist.</note><note type="admin">Donated by Peggy Lehmann, granddaughter of Adolph Kiesler.</note><note type="admin">ph747</note><subject><name><namePart>Kiesler, Adolph,--1880-1967</namePart></name></subject><subject><name><namePart>Beth Israel Home for the Aged (Denver, Colo.)</namePart></name></subject><subject><topic>Jewish old age homes</topic></subject><subject><topic>Charities</topic></subject><subject><topic>Jewish men</topic></subject><subject><genre>Action shots</genre></subject><subject><genre>Event photographs</genre></subject><subject><geographic>Colorado</geographic></subject><subject><geographic>Denver (Colo.)</geographic></subject><relatedItem><titleInfo><title>Beck Archives Photograph Collection, Health Care and Philanthropy</title></titleInfo></relatedItem><identifier type="local">B063.03.0033.0013.00001</identifier><location><url usage="primary display">http://hdl.handle.net/10176/codu:57287</url></location><accessCondition type="useAndReproduction">Copyright restrictions may apply. User is responsible for all copyright compliance.</accessCondition></mods>