<mods xmlns="http://www.loc.gov/mods/v3" xmlns:mods="http://www.loc.gov/mods/v3" xmlns:xlink="http://www.w3.org/1999/xlink" xmlns:xsi="http://www.w3.org/2001/XMLSchema-instance"><titleInfo><title>Star Bakery Delivery Wagon with Driver and Horses</title></titleInfo><name type="personal"><role><roleTerm authority="marcrelator" type="text">creator</roleTerm></role></name><name type="personal"><role><roleTerm authority="marcrelator" type="text">contributor</roleTerm></role></name><name type="corporate"><role><roleTerm authority="marcrelator" type="text">creator</roleTerm></role></name><name type="corporate"><role><roleTerm authority="marcrelator" type="text">contributor</roleTerm></role></name><typeOfResource>still image</typeOfResource><originInfo><publisher>University of Denver</publisher><place><placeTerm type="text">Denver, Colorado</placeTerm></place><dateCreated keyDate="yes">circa 1915</dateCreated></originInfo><language><languageTerm type="text">Inscription is in English.</languageTerm></language><physicalDescription><extent>1 item (photograph), 4 x 5 inches, black and white</extent><note>Handwritten on envelope: "#200 Star Delivery Wagon."  On back of photograph: "#200 Star Bakery Delivery Wagon, C. 1915,  Donor Mrs. Sam Roscoe (Jeff-son) 377-4842."</note><form>Photographic prints</form><digitalOrigin>reformatted digital</digitalOrigin></physicalDescription><abstract>Two horses pull the Star Bakery delivery wagon and the driver leans out the side. The words ''Rye Bread'' and ''2744 W. Colfax'' appear on the side of the wagon with the Jewish star symbol. The Star Bakery was founded by Jacob Boscowitz and was later owned by his sons, Rudy and Sam Boscoe.</abstract><note>Title supplied by archivist.</note><note>Appears in ''Images of America: Jewish Denver 1859-1940,'' by Dr. Jeanne Abrams, page 40.</note><note type="admin">Donated by Mrs. Sam Boscoe (Jeff-son)</note><note type="admin">ph200</note><subject><name><namePart>Boscoe, Sam,--1905-1991</namePart></name></subject><subject><name><namePart>Boscoe, Rudolph,--1908-1997</namePart></name></subject><subject><name><namePart>Boscowitz, Jacob,--d.1909</namePart></name></subject><subject><name><namePart>Star Bread Company (Denver, Colo.)</namePart></name></subject><subject><topic>Jews</topic></subject><subject><topic>Bakeries</topic></subject><subject><topic>Delivery of goods</topic></subject><subject><topic>Wagons</topic></subject><subject><topic>Rye bread</topic></subject><subject><topic>Family-owned business enterprises</topic></subject><subject><genre>Photographs</genre></subject><subject><geographic>Denver (Colo.)</geographic></subject><subject><geographic>Colfax Avenue (Denver, Colo.)</geographic></subject><subject><geographic>Colorado</geographic></subject><subject><occupation>Bakers</occupation></subject><relatedItem><titleInfo><title>Beck Archives Photograph Collection, Businesses</title></titleInfo></relatedItem><identifier type="local">B063.01.0017.00003</identifier><location><url usage="primary display">http://hdl.handle.net/10176/codu:59337</url></location><accessCondition type="useAndReproduction">Copyright restrictions may apply. User is responsible for all copyright compliance.</accessCondition></mods>