<mods xmlns="http://www.loc.gov/mods/v3" xmlns:mods="http://www.loc.gov/mods/v3" xmlns:xlink="http://www.w3.org/1999/xlink" xmlns:xsi="http://www.w3.org/2001/XMLSchema-instance"><titleInfo><title>Gordon Sign Company</title></titleInfo><name type="personal"><role><roleTerm authority="marcrelator" type="text">creator</roleTerm></role></name><typeOfResource>still image</typeOfResource><originInfo><publisher>University of Denver</publisher><place><placeTerm type="text">Denver, Colorado</placeTerm></place><dateCreated keyDate="yes">circa 1905</dateCreated></originInfo><language></language><physicalDescription><extent>1 item (photograph), 7 x 5 inches, black and white</extent><note>On envelope: ''#1030 Gordon Sign Co.'' On back of photo: ''Early Gordon Sign Co. #1030.''</note><form>Photographic prints</form><digitalOrigin>Reformatted digital</digitalOrigin></physicalDescription><abstract>Three unidentified men stand in front of the Gordon Sign Company. Harry Gordon migrated from Lithuania to New York before settling in Denver, where he founded the Gordon Sign Company.</abstract><note>Title supplied by archivist.</note><note>Appears in ''Images of America: Jewish Denver 1859-1940,'' by Dr. Jeanne Abrams, page 49.</note><note type="admin">ph1030</note><subject><name><namePart>Gordon Sign Company</namePart></name></subject><subject><topic>Stores, Retail</topic></subject><subject><topic>Jewish businesspeople</topic></subject><subject><genre>Photographs</genre></subject><subject><genre>Exterior views</genre></subject><subject><geographic>Denver (Colo.)</geographic></subject><subject><geographic>Colorado</geographic></subject><subject><occupation>Businesspeople</occupation></subject><relatedItem><titleInfo><title>Beck Archives Photograph Collection, Businesses</title></titleInfo></relatedItem><identifier type="local">B063.01.0009.00064</identifier><location><url usage="primary display">http://hdl.handle.net/10176/codu:59437</url></location><accessCondition type="useAndReproduction">Copyright restrictions may apply. User is responsible for all copyright compliance.</accessCondition></mods>