<mods xmlns="http://www.loc.gov/mods/v3" xmlns:mods="http://www.loc.gov/mods/v3" xmlns:xlink="http://www.w3.org/1999/xlink" xmlns:xsi="http://www.w3.org/2001/XMLSchema-instance"><titleInfo><title>Portrait of the Louis Anfenger Family</title></titleInfo><name type="personal"><role><roleTerm authority="marcrelator" type="text">creator</roleTerm></role></name><typeOfResource>still image</typeOfResource><originInfo><publisher>University of Denver</publisher><place><placeTerm type="text">Denver, Colorado</placeTerm></place><dateCreated keyDate="yes">between 1890-1900</dateCreated></originInfo><language></language><physicalDescription><extent>1 item (photograph), 8 x 10 inches, black and white</extent><note>On back of photograph: ''#37 Family of Louis Anfenger Donor Marjorie Hornbein''. On envelope: ''#37 Louis Anfenger and Louis Anfenger family, c 1890s''.</note><form>Photographic prints</form></physicalDescription><abstract>Louis (1842-1900) and Louise Schlesinger (1847-1938) Anfenger seated front center, with their eight children. Children, back row, left to right: Max, Fannie, Stella, Milton, and Fred. Children front row:  Harold, Flora, and Joseph. Louis Anfenger was born in Bavaria and came to the United States in the 1850s. He moved west to Denver, Colorado in 1870, started out working as a clerk, and became a highly successful businessman in the area of real estate. Louise He was also elected to the state legislature in the 1880s. Anfenger built a stately house at Champa Street and Twenty-Ninth Street for his wife Louise and their large family.</abstract><note>Title supplied by archivist.</note><note>Appears in ''Images of America: Jewish Denver 1859-1940,'' by Dr. Jeanne Abrams, on page 20.</note><note type="admin">Donated by Marjorie Hornbein.</note><note type="admin">ph37</note><subject><name><namePart>Anfenger family</namePart></name></subject><subject><name><namePart>Anfenger, Louis,--1842-1900</namePart></name></subject><subject><name><namePart>Anfenger, Louise Schlesinger,--1847-1938</namePart></name></subject><subject><name><namePart>Rinds, Fannie Anfenger,--1885-1965</namePart></name></subject><subject><name><namePart>Anfenger, Fred</namePart></name></subject><subject><name><namePart>Anfenger, Harold</namePart></name></subject><subject><name><namePart>Anfenger, Joseph</namePart></name></subject><subject><name><namePart>Anfenger, Max</namePart></name></subject><subject><name><namePart>Anfenger, Stella</namePart></name></subject><subject><name><namePart>Hornbein, Flora Anfenger,--1888-1964</namePart></name></subject><subject><topic>Jews</topic></subject><subject><topic>Jewish families</topic></subject><subject><topic>Jewish children</topic></subject><subject><topic>Social life and customs</topic></subject><subject><genre>Photographic prints</genre></subject><subject><genre>Group portraits</genre></subject><subject><geographic>Colorado</geographic></subject><subject><geographic>Denver (Colo.)</geographic></subject><relatedItem><titleInfo><title>Beck Archives Photograph Collection, Families and Groups</title></titleInfo></relatedItem><identifier type="local">B063.05.0005.00006</identifier><location><url usage="primary display">http://hdl.handle.net/10176/codu:59531</url></location><accessCondition type="useAndReproduction">Copyright restrictions may apply. User is responsible for all copyright compliance.</accessCondition></mods>