<mods xmlns="http://www.loc.gov/mods/v3" xmlns:mods="http://www.loc.gov/mods/v3" xmlns:xlink="http://www.w3.org/1999/xlink" xmlns:xsi="http://www.w3.org/2001/XMLSchema-instance"><titleInfo><title>Mosko Family</title></titleInfo><name type="personal"><role><roleTerm authority="marcrelator" type="text">creator</roleTerm></role></name><typeOfResource>still image</typeOfResource><originInfo><publisher>University of Denver</publisher><place><placeTerm type="text">Denver, Colorado</placeTerm></place><dateCreated keyDate="yes">circa 1917</dateCreated></originInfo><language><languageTerm type="text">Inscription is in English.</languageTerm></language><physicalDescription><extent>1 item (photograph), 5 x 3 inches, black and white</extent><note>Caption from photo book: ''Mrs. Ida Mosko and children who were born in the United States: left to right, Aaron, Ruth (Handler), Maurice, and Joseph, c. 1917., Jacob Mosko, a blacksmith, arrived in Denver in 1905 and within a few years sent for his wife and the six children who had been born in Europe., Courtesy: The Mosko Family.''</note><form>Photomechanical prints</form></physicalDescription><abstract>Mrs. Ida Mosko stands with her children, left to right, Aaron, Ruth, Maurice, and Joseph posing for a formal portrait.</abstract><note>Title supplied by archivist.</note><note>Appears in ''Images of America: Jewish Denver 1859-1940,'' by Dr. Jeanne Abrams, page 103.</note><subject><name><namePart>Mosko, Ida</namePart></name></subject><subject><name><namePart>Mosko, Aaron</namePart></name></subject><subject><name><namePart>Mosko, Maurice</namePart></name></subject><subject><name><namePart>Mosko, Joseph</namePart></name></subject><subject><name><namePart>Handler, Ruth Mosko</namePart></name></subject><subject><topic>Jewish women</topic></subject><subject><topic>Jewish families--Colorado</topic></subject><subject><genre>Photographic prints</genre></subject><subject><genre>Group portraits</genre></subject><subject><geographic>Colorado</geographic></subject><subject><geographic>Denver (Colo.)</geographic></subject><relatedItem><titleInfo><title>Beck Archives Photograph Collection, Families and Groups</title></titleInfo></relatedItem><identifier type="local">B063.05.0038.00002</identifier><location><url usage="primary display">http://hdl.handle.net/10176/codu:59701</url></location><accessCondition type="useAndReproduction">Copyright restrictions may apply. User is responsible for all copyright compliance.</accessCondition></mods>