<mods xmlns="http://www.loc.gov/mods/v3" xmlns:mods="http://www.loc.gov/mods/v3" xmlns:xlink="http://www.w3.org/1999/xlink" xmlns:xsi="http://www.w3.org/2001/XMLSchema-instance"><titleInfo><title>Sunshine, Feiner, and Ginsberg Families Composite</title></titleInfo><name type="personal"><role><roleTerm authority="marcrelator" type="text">creator</roleTerm></role></name><typeOfResource>still image</typeOfResource><originInfo><publisher>University of Denver</publisher><place><placeTerm type="text">Denver, Colorado</placeTerm></place><dateCreated keyDate="yes">between 1970-1979</dateCreated></originInfo><language></language><physicalDescription><extent>1 item (photograph), 8 x 10 inches, black and white</extent><note>On envelope: ''#78 Sunshine, Feiner and Ginsberg Families Immigrants''. On note inside envelope: ''#78 Immigrants: Mr. and Mrs. Sunshine Donor: Mrs. Albert Brennan  Mr. and Mrs. Jacob Feiner  Donor: Mr. Louis Cook  Mr. and MRs. Jacob Sarnoff Ginsberg. He made 6 crossings to Russia and died in Brest-Letovsk, 1914 Donor: Mrs. Ira Beck''.</note><form>Photographic prints</form></physicalDescription><abstract>Three formal poses of the heads of the Sunshine, Feiner, and Ginsberg families:  Mr. and Mrs. Sunshine (left, standing), Mr.and Mrs. Jacob Feiner (center, seated and wearing hats), Mr. and Mrs. Jacob Sarnoff Ginsberg (right, she is standing, he is seated). Composite was made sometime in the 1970s, but the original images date to the early 20th century.</abstract><note>Title supplied by archivist.</note><note>Appears in ''Images of America: Jewish Denver 1859-1940,'' by Dr. Jeanne Abrams, on page 94.</note><note type="admin">Donated by Mrs. Albert Brenman, Mr. Louis cook and Mrs. Ira Beck.</note><note type="admin">78</note><subject><name><namePart>Sunshine family</namePart></name></subject><subject><name><namePart>Feiner, Jacob</namePart></name></subject><subject><name><namePart>Feiner, Jacob, Mrs.</namePart></name></subject><subject><name><namePart>Ginsberg family</namePart></name></subject><subject><name><namePart>Ginsberg, Jacob Sarnoff</namePart></name></subject><subject><name><namePart>Ginsberg, Jacob Sarnoff, Mrs.</namePart></name></subject><subject><topic>Jews</topic></subject><subject><topic>Jewish families</topic></subject><subject><topic>Social life and customs</topic></subject><subject><genre>Group portraits</genre></subject><subject><genre>Photographs</genre></subject><subject><geographic>Colorado</geographic></subject><subject><geographic>Denver (Colo.)</geographic></subject><relatedItem><titleInfo><title>Beck Archives Photograph Collection, Families and Groups</title></titleInfo></relatedItem><identifier type="local">B063.05.0005.00014</identifier><location><url usage="primary display">http://hdl.handle.net/10176/codu:37781</url></location><accessCondition type="useAndReproduction">Copyright restrictions may apply. User is responsible for all copyright compliance.</accessCondition></mods>