<mods xmlns="http://www.loc.gov/mods/v3" xmlns:mods="http://www.loc.gov/mods/v3" xmlns:xlink="http://www.w3.org/1999/xlink" xmlns:xsi="http://www.w3.org/2001/XMLSchema-instance"><titleInfo><title>Interior of Isadore Solomon's Store in Solomonville, Arizona</title></titleInfo><name type="personal"><role><roleTerm authority="marcrelator" type="text">creator</roleTerm></role></name><typeOfResource>still image</typeOfResource><originInfo><publisher>University of Denver</publisher><place><placeTerm type="text">Denver, Colorado</placeTerm></place><dateCreated keyDate="yes">between 1880-1930</dateCreated></originInfo><language></language><physicalDescription><extent>1 item (photograph), 4 x 5 inches, black and white</extent><note>Handwritten on envelope: "#203 Weinberger Family of Arizona, 1887-1963."  On back of photograph: "Isadore Solomon's Store, Solomonville, Arizona. Jacob Weinberger of Denver married Blanche Solomon 1907  #203."</note><form>Photographic prints</form><digitalOrigin>Reformatted digital</digitalOrigin></physicalDescription><abstract>An unidentified group of people inside Isadore Solomon's store in Solomonville, Arizona. Some of the people may be members of the Weinberger family.</abstract><note>Title supplied by archivist.</note><note type="admin">ph203</note><subject><name><namePart>Weinberger Family</namePart></name></subject><subject><name><namePart>Isadore Solomon's Store</namePart></name></subject><subject><topic>Jews</topic></subject><subject><topic>Family-owned business enterprises</topic></subject><subject><topic>Jewish merchants</topic></subject><subject><genre>Photographs</genre></subject><subject><genre>Interior views</genre></subject><subject><geographic>Arizona</geographic></subject><subject><occupation>Merchants</occupation></subject><relatedItem><titleInfo><title>Beck Archives Photograph Collection, Businesses</title></titleInfo></relatedItem><identifier type="local">B063.01.0017.00002</identifier><location><url usage="primary display">http://hdl.handle.net/10176/codu:59274</url></location><accessCondition type="useAndReproduction">Copyright restrictions may apply. User is responsible for all copyright compliance.</accessCondition></mods>