<mods xmlns="http://www.loc.gov/mods/v3" xmlns:mods="http://www.loc.gov/mods/v3" xmlns:xlink="http://www.w3.org/1999/xlink" xmlns:xsi="http://www.w3.org/2001/XMLSchema-instance"><titleInfo><title>Irving and Arthur Hayutin Seated in a Goat Cart</title></titleInfo><name type="personal"><role><roleTerm authority="marcrelator" type="text">creator</roleTerm></role></name><typeOfResource>still image</typeOfResource><originInfo><publisher>University of Denver</publisher><place><placeTerm type="text">Denver, Colorado</placeTerm></place><dateCreated keyDate="yes">1924</dateCreated></originInfo><language></language><physicalDescription><extent>1 item (photograph), 4.5 x 6 inches, black and white</extent><note>On envelope: ''Hayutin Children, 1924, Irving age 6, Arthur age 3.''</note><form>Photographic prints</form></physicalDescription><abstract>Irving (age 6) and Arthur (age 3) Hayutin sit together in a small cart drawn by a goat in front of their childhood home on Denver's west side. Irving wears a cap and Arthur wears a hat and coat. The cart is inscribed with the words, ''Denver 1924.'' Irving and Arthur, who both became attorneys, were the sons of Morris and Anna Ginsberg Hayutin and the brothers of Peryle Hayutin Beck.</abstract><note>Title supplied by archivist.</note><note>Appears in ''Images of America: Jewish Denver 1859-1940,'' by Dr. Jeanne Abrams, on page 100.</note><note type="admin">Donated by Peryle Hayutin Beck in December 1976.</note><note type="admin">ph96</note><subject><name><namePart>Hayutin, Irving J.,--1917-2001</namePart></name></subject><subject><name><namePart>Hayutin, Arthur B.,--1921-2005</namePart></name></subject><subject><name><namePart>Hayutin family</namePart></name></subject><subject><topic>Jewish children</topic></subject><subject><topic>Boys</topic></subject><subject><topic>Goats</topic></subject><subject><topic>Carriages and Carts</topic></subject><subject><topic>Manners and customs</topic></subject><subject><genre>Portraits</genre></subject><subject><genre>Photographs</genre></subject><subject><geographic>Denver (Colo.)</geographic></subject><subject><geographic>Colorado</geographic></subject><relatedItem><titleInfo><title>Beck Archives Photograph Collection, Families and Groups</title></titleInfo></relatedItem><identifier type="local">B063.05.0013.00011</identifier><location><url usage="primary display">http://hdl.handle.net/10176/codu:37765</url></location><accessCondition type="useAndReproduction">Copyright restrictions may apply. User is responsible for all copyright compliance.</accessCondition></mods>