<mods xmlns="http://www.loc.gov/mods/v3" xmlns:mods="http://www.loc.gov/mods/v3" xmlns:xlink="http://www.w3.org/1999/xlink" xmlns:xsi="http://www.w3.org/2001/XMLSchema-instance"><titleInfo><title>Portrait of Jesse Shwayder</title></titleInfo><name type="personal"><role><roleTerm authority="marcrelator" type="text">creator</roleTerm></role></name><typeOfResource>still image</typeOfResource><originInfo><publisher>University of Denver</publisher><place><placeTerm type="text">Denver, Colorado</placeTerm></place><dateCreated keyDate="yes">circa 1929</dateCreated></originInfo><language></language><physicalDescription><extent>1 item (photograph), 10 x 7  inches, black and white</extent><note>Handwritten on envelope: "#30 Jesse Shwayder, Founder of Samsonite Co., c. 1929."  Handwritten on back of photograph: "#30, Portrait of Jesse Shwayder, founder of Samsonite Corporation circa 1929, donated by Mr. Gordon Rosenblum."</note><form>Photographic prints</form><digitalOrigin>Reformatted digital</digitalOrigin></physicalDescription><abstract>Formal portrait of Jesse Shwayder standing with his hands in his pockets. In the early 1900s, Jesse Shwayder opened a small luggage factor in Denver with his father, Isaac, and brothers Mark, Maurice, Benjamin, and Solomon. Together they turned it into one of the largest luggage producers in America, the Samsonite Corporation.</abstract><note>Title supplied by archivist.</note><note type="admin">Donated by Mr. Gordon Rosenblum.</note><note type="admin">ph030</note><subject><name><namePart>Shwayder, Jesse</namePart></name></subject><subject><name><namePart>Samsonite Corporation</namePart></name></subject><subject><topic>Jewish men</topic></subject><subject><topic>Jewish businesspeople</topic></subject><subject><genre>Photographs</genre></subject><subject><genre>Portraits</genre></subject><subject><geographic>Denver (Colo.)</geographic></subject><subject><geographic>Colorado</geographic></subject><relatedItem><titleInfo><title>Beck Archives Photograph Collection, Businesses</title></titleInfo></relatedItem><identifier type="local">B063.01.0001.00039</identifier><location><url usage="primary display">http://hdl.handle.net/10176/codu:59383</url></location><accessCondition type="useAndReproduction">Copyright restrictions may apply. User is responsible for all copyright compliance.</accessCondition></mods>