<mods xmlns="http://www.loc.gov/mods/v3" xmlns:mods="http://www.loc.gov/mods/v3" xmlns:xlink="http://www.w3.org/1999/xlink" xmlns:xsi="http://www.w3.org/2001/XMLSchema-instance"><titleInfo><title>Harry Hoffman in Front of His Father's Store</title></titleInfo><name type="personal"><role><roleTerm authority="marcrelator" type="text">creator</roleTerm></role></name><typeOfResource>still image</typeOfResource><originInfo><publisher>University of Denver</publisher><place><placeTerm type="text">Denver, Colorado</placeTerm></place><dateCreated keyDate="yes">circa 1929</dateCreated></originInfo><language></language><physicalDescription><extent>1 item photograph, 8 x 10 inches, black and white</extent><note>On envelope: "#970 Harry Hoffman in front of father's store 1929." Handwritten on back of photo: "Harry Hoffman at 19 working at father's clothing store at 18th & Larimer, 1929., Harry Hoffman, 1929., #970."</note><form>Photographic prints</form><digitalOrigin>Reformatted digital</digitalOrigin></physicalDescription><abstract>Harry Hoffman stands in front of his father's clothing store surrounded by jackets and boots.  More shoes and clothing can be seen in window displays on either side of the door.</abstract><note>Title supplied by archivist.</note><note type="admin">ph970</note><subject><name><namePart>Hoffman, Harry</namePart></name></subject><subject><topic>Jewish men</topic></subject><subject><topic>Stores, Retail</topic></subject><subject><genre>Snapshots</genre></subject><subject><geographic>Denver (Colo.)</geographic></subject><subject><geographic>Colorado</geographic></subject><subject><occupation>Merchants</occupation></subject><relatedItem><titleInfo><title>Beck Archives Photograph Collection, Businesses</title></titleInfo></relatedItem><identifier type="local">B063.01.0001.00047</identifier><location><url usage="primary display">http://hdl.handle.net/10176/codu:59471</url></location><accessCondition type="useAndReproduction">Copyright restrictions may apply. User is responsible for all copyright compliance.</accessCondition></mods>