<mods xmlns="http://www.loc.gov/mods/v3" xmlns:mods="http://www.loc.gov/mods/v3" xmlns:xlink="http://www.w3.org/1999/xlink" xmlns:xsi="http://www.w3.org/2001/XMLSchema-instance"><titleInfo><title>Children Perform at the National Home for Jewish Children in Denver</title></titleInfo><name type="personal"><role><roleTerm authority="marcrelator" type="text">creator</roleTerm></role></name><typeOfResource>still image</typeOfResource><originInfo><publisher>University of Denver</publisher><place><placeTerm type="text">Denver, Colorado</placeTerm></place><dateCreated keyDate="yes">between 1930-1952</dateCreated></originInfo><language></language><physicalDescription><extent>1 item (photograph), 4 x 6 inches, black and white</extent><note>Handwritten on envelope: ''#388 Residents of Nat. Home for Jewish Children'' and ''Jewish Sheltering Home 1910-1950s.''  On back of photograph: ''rehearsing for a show: (right) Sarah Klein and (left) Mildren Seidenberg  (probably Hansel and Gretel) presented at East School Shows presented for entire community.  All the rich Jewish bachelors served as ushers  #388.''</note><form>Photographic prints</form></physicalDescription><abstract>Sarah Klein (right) and Mildren Seidenberg (left) rehearse for a show at the National Home for Jewish Children at Denver, located in Denver, Colorado.  The play (probably Hansel and Gretal) was presented at East High School in Denver and was open to the entire community.</abstract><note>Title supplied by archivist.</note><note type="admin">Donated by the National Asthma Center.</note><note type="admin">ph388</note><subject><name><namePart>Klein, Sarah</namePart></name></subject><subject><name><namePart>Seidenberg, Mildren</namePart></name></subject><subject><name><namePart>National Home for Jewish Children in Denver</namePart></name></subject><subject><topic>Jewish children</topic></subject><subject><topic>Jews</topic></subject><subject><topic>Medical centers</topic></subject><subject><topic>Group homes for children</topic></subject><subject><topic>Rehabilitation</topic></subject><subject><topic>Children</topic></subject><subject><genre>Photographs</genre></subject><subject><geographic>Colorado</geographic></subject><subject><geographic>Denver (Colo.)</geographic></subject><subject><geographic>Colfax Avenue (Denver, Colo.)</geographic></subject><relatedItem><titleInfo><title>Beck Archives Photograph Collection, Health Care and Philanthropy</title></titleInfo></relatedItem><identifier type="local">B063.03.0011.00079</identifier><location><url usage="primary display">http://hdl.handle.net/10176/codu:57333</url></location><accessCondition type="useAndReproduction">Copyright restrictions may apply. User is responsible for all copyright compliance.</accessCondition></mods>