<mods xmlns="http://www.loc.gov/mods/v3" xmlns:mods="http://www.loc.gov/mods/v3" xmlns:xlink="http://www.w3.org/1999/xlink" xmlns:xsi="http://www.w3.org/2001/XMLSchema-instance"><titleInfo><title>Civic Symphony Orchestra of Denver in Rehearsal</title></titleInfo><name type="personal"><role><roleTerm authority="marcrelator" type="text">creator</roleTerm></role></name><typeOfResource>still image</typeOfResource><originInfo><publisher>University of Denver</publisher><place><placeTerm type="text">Denver, Colorado</placeTerm></place><dateCreated keyDate="yes">11/25/1938</dateCreated></originInfo><language></language><physicalDescription><extent>1 item (photograph), 10 x 20 inches, black and white</extent><note>Title on the front of photograph: ''The Civic Symphony Orchestra of Denver in Rehearsal, Horace Tureman Conductor-Nov. 25, 1938.'' Handwritten on the front of photograph with arrows to indicate who is identified: ''George Wagner,  Harold Potashnick, Sam Chernik, Lewis Chernoff, Henry Ginsberg, Ethel Bernstone, Eli Trustman.''</note><form>Photographic prints</form><digitalOrigin>Reformatted digital</digitalOrigin></physicalDescription><abstract>The members of the Civic Symphony Orchestra of Denver are on stage with their instruments for rehearsal on November 25, 1938. In the top left corner is an insert photograph of the conductor, Horace Tureman. Some members are identified in the margins: George Wagner,  Harold Potashnick, Sam Chernick, Lewis Chernoff, Henry Ginsberg, Ethel Bernstone, and Eli Trustman.</abstract><note>Title supplied by archivist.</note><note type="admin">ph2029</note><subject><name><namePart>Chernoff, Lewis Hill,--1890-1982</namePart></name></subject><subject><name><namePart>Tureman, Horace</namePart></name></subject><subject><name><namePart>Wagner, George</namePart></name></subject><subject><name><namePart>Potashnick, Harold</namePart></name></subject><subject><name><namePart>Chernick, Sam</namePart></name></subject><subject><name><namePart>Ginsberg, Henry</namePart></name></subject><subject><name><namePart>Bernstone, Ethel</namePart></name></subject><subject><name><namePart>Trustman, Eli</namePart></name></subject><subject><name><namePart>Denver Symphony Orchestra</namePart></name></subject><subject><topic>Social life and customs</topic></subject><subject><topic>Jewish musicians</topic></subject><subject><genre>Group portraits</genre></subject><subject><geographic>Denver (Colo.)</geographic></subject><subject><occupation>Musicians</occupation></subject><relatedItem><titleInfo><title>Beck Archives Photograph Collection, Community</title></titleInfo></relatedItem><identifier type="local">B063.02.0030.0008.00001</identifier><location><url usage="primary display">http://hdl.handle.net/10176/codu:60383</url></location><accessCondition type="useAndReproduction">Copyright restrictions may apply. User is responsible for all copyright compliance.</accessCondition></mods>