<mods xmlns="http://www.loc.gov/mods/v3" xmlns:mods="http://www.loc.gov/mods/v3" xmlns:xlink="http://www.w3.org/1999/xlink" xmlns:xsi="http://www.w3.org/2001/XMLSchema-instance"><titleInfo><title>Advertising Card for Ben Wisebart, Clothier</title></titleInfo><name type="personal"><role><roleTerm authority="marcrelator" type="text">creator</roleTerm></role></name><typeOfResource>still image</typeOfResource><originInfo><publisher>University of Denver</publisher><place><placeTerm type="text">Denver, Colorado</placeTerm></place><dateCreated keyDate="yes">circa 1876</dateCreated></originInfo><language></language><physicalDescription><extent>2 item (advertising card), 5 x 3 inches, black and white</extent><note>On envelope: ''#232 Ben Wisebart, Clothier  Advertising card, not photo, but do treat as graphic''.</note><form>Postcards</form><digitalOrigin>Reformatted digital</digitalOrigin></physicalDescription><abstract>Advertising card that reads "Ben Wisebart Wide Awake Clothier, 366 Larimer St., Denver, Colorado." Wisebart was elected mayor of Central City, Colo. in 1876. His sister was Frances Wisebart Jacobs. This photograph of the card was taken circa 1978.</abstract><note>Title supplied by archivist.</note><note>Appears in ''Images of America: Jewish Denver 1859-1940,'' by Dr. Jeanne Abrams, page 12.</note><note type="admin">Donated by Milton Morris.</note><note type="admin">ph232</note><subject><name><namePart>Wisebart, Benjamin</namePart></name></subject><subject><name><namePart>Ben Wisebart, Wide Awake Clothiers</namePart></name></subject><subject><topic>Jews</topic></subject><subject><topic>Jewish merchants</topic></subject><subject><topic>Stores, Retail</topic></subject><subject><topic>Business cards</topic></subject><subject><topic>Jewish businesspeople</topic></subject><subject><genre>Photographs</genre></subject><subject><genre>Business cards</genre></subject><subject><geographic>Denver (Colo.)</geographic></subject><subject><geographic>Colorado</geographic></subject><relatedItem><titleInfo><title>Beck Archives Photograph Collection, Businesses</title></titleInfo></relatedItem><identifier type="local">B063.01.0009.00011</identifier><location><url usage="primary display">http://hdl.handle.net/10176/codu:59455</url></location><accessCondition type="useAndReproduction">Copyright restrictions may apply. User is responsible for all copyright compliance.</accessCondition></mods>