<mods xmlns="http://www.loc.gov/mods/v3" xmlns:mods="http://www.loc.gov/mods/v3" xmlns:xlink="http://www.w3.org/1999/xlink" xmlns:xsi="http://www.w3.org/2001/XMLSchema-instance"><titleInfo><title>Fairplay Baseball Team</title></titleInfo><name type="personal"><role><roleTerm authority="marcrelator" type="text">creator</roleTerm></role></name><typeOfResource>still image</typeOfResource><originInfo><publisher>University of Denver</publisher><place><placeTerm type="text">Denver, Colorado</placeTerm></place><dateCreated keyDate="yes">circa 1890</dateCreated></originInfo><language><languageTerm type="text">Inscription is in English.</languageTerm></language><physicalDescription><extent>1 item (photograph), 5 x 7 inches, black and white</extent><note>On envelope: ''#618 Cohen, Joe of Fairplay ca 1890.'' On photograph: ''#618, Cohen's of Fairplay, Joe Cohen 2nd from top left, Gus & Louis Cohen bottom center, ca. 1890.'' On the front of the photo everyone is identified; however, some names have been cut off.</note><form>Photographic prints</form><digitalOrigin>Reformatted digital</digitalOrigin></physicalDescription><abstract>Fairplay baseball team pose with equipment.  Back row left to right: [illegible] Wilson, Joe Cohen, A.A. Dollison, Bill Anderson, Wilson. Middle row left to right: Joe Summers, Martin, William Hill, Bob Foote, Buster Clark. Front row left to right: Verne Clark, Gus Cohen, Louis Cohen, and an unidentified men [names cut off at bottom of print].</abstract><note>Title supplied by archivist.</note><note type="admin">ph618</note><subject><name><namePart>Cohen, Joseph</namePart></name></subject><subject><name><namePart>Cohen, Gus</namePart></name></subject><subject><name><namePart>Cohen, Louis</namePart></name></subject><subject><name><namePart>Hill, William</namePart></name></subject><subject><name><namePart>Foote, Bob</namePart></name></subject><subject><name><namePart>Anderson, Bill</namePart></name></subject><subject><name><namePart>Clark, Verne</namePart></name></subject><subject><name><namePart>Clark, Buster</namePart></name></subject><subject><name><namePart>Summers, Joe</namePart></name></subject><subject><topic>Baseball</topic></subject><subject><topic>Teams</topic></subject><subject><genre>Photographs</genre></subject><subject><genre>Group portraits</genre></subject><subject><geographic>Fairplay (Colo.)</geographic></subject><relatedItem><titleInfo><title>Beck Archives Photograph Collection, Community</title></titleInfo></relatedItem><identifier type="local">B063.02.0010.00014</identifier><location><url usage="primary display">http://hdl.handle.net/10176/codu:60238</url></location><accessCondition type="useAndReproduction">Copyright restrictions may apply. User is responsible for all copyright compliance.</accessCondition></mods>