<mods xmlns="http://www.loc.gov/mods/v3" xmlns:mods="http://www.loc.gov/mods/v3" xmlns:xlink="http://www.w3.org/1999/xlink" xmlns:xsi="http://www.w3.org/2001/XMLSchema-instance"><titleInfo><title>1923 Flood at Harry Harris Coal and Wood Company</title></titleInfo><name type="personal"><role><roleTerm authority="marcrelator" type="text">creator</roleTerm></role></name><typeOfResource>still image</typeOfResource><originInfo><publisher>University of Denver</publisher><place><placeTerm type="text">Denver, Colorado</placeTerm></place><dateCreated keyDate="yes">1923</dateCreated></originInfo><language></language><physicalDescription><extent>1 item (photograph), 7 x 5 inches, black and white</extent><note>Handwritten on envelope: ''#573 Flood at Harry Harris Coal and Wood Co, 1923  309 Lawrence''.  On back of photograph: ''Harry Harris Coal Wood 1923 Flood 309 Lawrence  #573  Harry Harris Coal and Wood Co. 1923 Flood''.</note><form>Photographic prints</form><digitalOrigin>Reformatted digital</digitalOrigin></physicalDescription><abstract>Devastation from the 1923 flood in Denver, Colorado at Harry Harris Coal and Wood Company, 309 Lawrence street, Denver, Colorado.</abstract><note>Title supplied by archivist.</note><note type="admin">ph573</note><subject><name><namePart>Harry Harris Coal and Wood Company</namePart></name></subject><subject><topic>Jews</topic></subject><subject><topic>Factories</topic></subject><subject><topic>Floods</topic></subject><subject><genre>Photographs</genre></subject><subject><genre>Exterior views</genre></subject><subject><geographic>Denver (Colo.)</geographic></subject><subject><geographic>Colorado</geographic></subject><relatedItem><titleInfo><title>Beck Archives Photograph Collection, Businesses</title></titleInfo></relatedItem><identifier type="local">B063.01.0009.00010</identifier><location><url usage="primary display">http://hdl.handle.net/10176/codu:59290</url></location><accessCondition type="useAndReproduction">Copyright restrictions may apply. User is responsible for all copyright compliance.</accessCondition></mods>