<mods xmlns="http://www.loc.gov/mods/v3" xmlns:mods="http://www.loc.gov/mods/v3" xmlns:xlink="http://www.w3.org/1999/xlink" xmlns:xsi="http://www.w3.org/2001/XMLSchema-instance"><titleInfo><title>Antonito Newspaper Office</title></titleInfo><name type="personal"><role><roleTerm authority="marcrelator" type="text">creator</roleTerm></role></name><typeOfResource>still image</typeOfResource><originInfo><publisher>University of Denver</publisher><place><placeTerm type="text">Denver, Colorado</placeTerm></place><dateCreated keyDate="yes">circa 1912</dateCreated></originInfo><language></language><physicalDescription><extent>1 item (photograph), 7 x 5 inches, black and white</extent><note>On envelope: ''#969 Edward Green Store Antonito, Co., c. 1915.''  On back of photograph: ''Edward Green in front of newspaper office, Antonito, Co, C.1912.''</note><form>Photographic prints</form><digitalOrigin>Reformatted digital</digitalOrigin></physicalDescription><abstract>Edward Green with an unidentified man and boy standing in front of The Antonito Ledger building in winter.  Other signs on the building say ''Job Printing'' and ''Antonito Colo. Post Office.''</abstract><note>Title supplied by archivist.</note><note type="admin">ph969</note><subject><name><namePart>Green, Edward</namePart></name></subject><subject><name><namePart>The Antonito Ledger</namePart></name></subject><subject><topic>Newspapers--Colorado</topic></subject><subject><genre>Photographs</genre></subject><subject><genre>Exterior views</genre></subject><subject><geographic>Antonito (Colo.)</geographic></subject><subject><geographic>Colorado</geographic></subject><relatedItem><titleInfo><title>Beck Archives Photograph Collection, Businesses</title></titleInfo></relatedItem><identifier type="local">B063.01.0009.00057</identifier><location><url usage="primary display">http://hdl.handle.net/10176/codu:59426</url></location><accessCondition type="useAndReproduction">Copyright restrictions may apply. User is responsible for all copyright compliance.</accessCondition></mods>