<mods xmlns="http://www.loc.gov/mods/v3" xmlns:mods="http://www.loc.gov/mods/v3" xmlns:xlink="http://www.w3.org/1999/xlink" xmlns:xsi="http://www.w3.org/2001/XMLSchema-instance"><titleInfo><title>Staff Members of the Jewish Consumptives' Relief Society</title></titleInfo><name type="personal"><role><roleTerm authority="marcrelator" type="text">creator</roleTerm></role></name><typeOfResource>still image</typeOfResource><originInfo><publisher>University of Denver</publisher><place><placeTerm type="text">Denver, Colorado</placeTerm></place><dateCreated keyDate="yes">circa 1926</dateCreated></originInfo><language></language><physicalDescription><extent>1 item (photograph), 7 x 5 inches, black and white</extent><note>Handwritten on envelope: ''#369 Clarence Darrow at JCRS''.  On back of photograph: ''#369 L to R  Dr. Isadore Bronfin.  Staff members of Jewish Consumptives' Relief Society with Judge Ben Lindsey of Denver Juvenile Court and Clarence Darrow  1926   L to R: Dr. Isadore Bronfin, Judge Ben Lindsey, Dr. Leo Tepley, Clarence Darrow, Dr. Charles Spivak, Courtesy Ira M. Beck Memorial Archives  Rocky Mountain Jewish Historical Society  Center for Judaic Studies  University of Denver.''</note><form>Photographic prints</form></physicalDescription><abstract>Left to right: Dr. Isidor Bronfin, JCRS medical superintendent and tuberculosis specialist; Denver Judge Ben Lindsey of the juvenile court; Dr. Leo Tepley, JCRS physician; Clarence Darrow, Scopes trial lawyer; and Dr. Charles Spivak, physician and founder of the JCRS. The JCRS was a sanatorium for tuberculosis patients that was founded in 1904 by a group of immigrant Jewish workingmen along with the support of several leading physicians and rabbis in Denver, Colorado. The sanatorium was located on West Colfax Avenue just outside of Denver.</abstract><note>Title supplied by archivist.</note><note>Appears in ''Images of America: Jewish Denver 1859-1940,'' by Dr. Jeanne Abrams, page 86.</note><note type="admin">Donated by AMC Cancer Research Center (JCRS).</note><note type="admin">ph369</note><subject><name><namePart>Spivak, C. D.--(Charles D.),--1861-1927</namePart></name></subject><subject><name><namePart>Darrow, Clarence,--1857-1938</namePart></name></subject><subject><name><namePart>Tepley, Leo</namePart></name></subject><subject><name><namePart>Lindsey, Ben B.--(Ben Barr),--1869-1943</namePart></name></subject><subject><name><namePart>Bronfin, Isidor D.,--1886-1934</namePart></name></subject><subject><name><namePart>Jewish Consumptives' Relief Society (U.S.)</namePart></name></subject><subject><topic>Jews</topic></subject><subject><topic>Tuberculosis</topic></subject><subject><topic>Hospitals</topic></subject><subject><topic>Sanatoriums</topic></subject><subject><genre>Photographs</genre></subject><subject><genre>Event photographs</genre></subject><subject><genre>Group portraits</genre></subject><subject><geographic>Colorado</geographic></subject><subject><geographic>Denver (Colo.)</geographic></subject><subject><geographic>Colfax Avenue (Denver, Colo.)</geographic></subject><subject><geographic>West Colfax (Denver, Colo.)</geographic></subject><subject><geographic>Sanatorium (Colo.)</geographic></subject><subject><occupation>Judges</occupation></subject><subject><occupation>Lawyers</occupation></subject><subject><occupation>Physicians</occupation></subject><relatedItem><titleInfo><title>Beck Archives Photograph Collection, Health Care and Philanthropy</title></titleInfo></relatedItem><identifier type="local">B063.03.0011.00009</identifier><location><url usage="primary display">http://hdl.handle.net/10176/codu:57331</url></location><accessCondition type="useAndReproduction">Copyright restrictions may apply. User is responsible for all copyright compliance.</accessCondition></mods>