<mods xmlns="http://www.loc.gov/mods/v3" xmlns:mods="http://www.loc.gov/mods/v3" xmlns:xlink="http://www.w3.org/1999/xlink" xmlns:xsi="http://www.w3.org/2001/XMLSchema-instance"><titleInfo><title>Cottrell Basketball Team</title></titleInfo><name type="personal"><role><roleTerm authority="marcrelator" type="text">creator</roleTerm></role></name><typeOfResource>still image</typeOfResource><originInfo><publisher>University of Denver</publisher><place><placeTerm type="text">Denver, Colorado</placeTerm></place><dateCreated keyDate="yes">undated</dateCreated></originInfo><language><languageTerm type="text">Inscription is in English.</languageTerm></language><physicalDescription><extent>1 item (photograph), 5 x 6 inches, black and white</extent><note>On envelope: ''#658 Dr. John Finesilver as a teenager, sports.'' On photograph: ''John Finesilver, 2nd from left, #658, John Finesilver.''</note><form>Photographic prints</form><digitalOrigin>Reformatted digital</digitalOrigin></physicalDescription><abstract>Five members of the Cottrell basketball team including John Finesilver, 2nd from the left standing in their uniforms.</abstract><note>Title supplied by archivist.</note><note type="admin">ph658</note><subject><name><namePart>Finesilver, John</namePart></name></subject><subject><topic>Basketball</topic></subject><subject><topic>Teams</topic></subject><subject><genre>Photographs</genre></subject><subject><genre>Group portraits</genre></subject><subject><geographic>Colorado</geographic></subject><relatedItem><titleInfo><title>Beck Archives Photograph Collection, Community</title></titleInfo></relatedItem><identifier type="local">B063.02.0010.00015</identifier><location><url usage="primary display">http://hdl.handle.net/10176/codu:60239</url></location><accessCondition type="useAndReproduction">Copyright restrictions may apply. User is responsible for all copyright compliance.</accessCondition></mods>