<mods xmlns="http://www.loc.gov/mods/v3" xmlns:mods="http://www.loc.gov/mods/v3" xmlns:xlink="http://www.w3.org/1999/xlink" xmlns:xsi="http://www.w3.org/2001/XMLSchema-instance"><titleInfo><title>Jewish Graves in Leadville, Colorado</title></titleInfo><name type="personal"><role><roleTerm authority="marcrelator" type="text">creator</roleTerm></role></name><typeOfResource>still image</typeOfResource><originInfo><publisher>University of Denver</publisher><place><placeTerm type="text">Denver, Colorado</placeTerm></place><dateCreated keyDate="yes">circa 1980</dateCreated></originInfo><language><languageTerm type="text">The text on the gravestones is in Hebrew, while the text written on the back of the photograph is in English.</languageTerm></language><physicalDescription><extent>1 item (photograph), 10 x 7 inches, black and white</extent><note>Handwritten on back of photograph: ''#500, Graves in Leadville Jewish Cemetery Oc. 1980  Photographer Gay Lasher.'' On envelope: ''#500 Jewish Graves in Leadville.''</note><form>Photographic prints</form><digitalOrigin>Reformatted digital</digitalOrigin></physicalDescription><abstract>Two grave sites at an unidentified Leadville, Colorado Cemetery. The inscriptions on the headstones are a mix of Hebrew and English.  These gravestones are for Anna Oliner, 1848-1916, and Herman Oliner, 1850-1911.</abstract><note>Title supplied by archivist.</note><note type="admin">Donated by Minette Miller.</note><note type="admin">ph500</note><subject><topic>Cemeteries</topic></subject><subject><genre>Photographs</genre></subject><subject><geographic>Leadville (Colo.)</geographic></subject><relatedItem><titleInfo><title>Beck Archives Photograph Collection, Community</title></titleInfo></relatedItem><identifier type="local">B063.02.0002.00008</identifier><location><url usage="primary display">http://hdl.handle.net/10176/codu:60205</url></location><accessCondition type="useAndReproduction">Copyright restrictions may apply. User is responsible for all copyright compliance.</accessCondition></mods>