<mods xmlns="http://www.loc.gov/mods/v3" xmlns:mods="http://www.loc.gov/mods/v3" xmlns:xlink="http://www.w3.org/1999/xlink" xmlns:xsi="http://www.w3.org/2001/XMLSchema-instance"><titleInfo><title>Marchick Store</title></titleInfo><name type="personal"><role><roleTerm authority="marcrelator" type="text">creator</roleTerm></role></name><typeOfResource>still image</typeOfResource><originInfo><publisher>University of Denver</publisher><place><placeTerm type="text">Denver, Colorado</placeTerm></place><dateCreated keyDate="yes">between 1910-1920</dateCreated></originInfo><language></language><physicalDescription><extent>1 item (photograph), 8 x 10 inches, black and white</extent><note>On envelope: ''#1065 Lillian and Sam Marchick  Sam and Ben Marchick.'' On back of photograph: ''Cheyenne, Wyoming Sam Marchick and Sons store, Sandy Viniks maternal grandfather, Same Marchick on left, his son Ben in center.'' On back of second photograph, #1065, Sam Marchick, Joe Marchick, Marchick & Son, Cheyenne.''</note><form>Photographic prints</form><digitalOrigin>Reformatted digital</digitalOrigin></physicalDescription><abstract>Store owner Sam Marchick, left, his son in center, and an unidentified man and woman at right, in Marchick's Cheyenne, Wyoming store. A sign in back of large trunk reads "Shoe sale - pick em out." Another sign that is displayed between the two Marchick men, states, "Sale on pants." Samuel Marchick and his wife, Lillie (Rice), were born in Ostrovo, Poland. Sam Marchick came to the United States in 1904 and sent for his wife and children: Joseph, Benjamin, Jacob, Mary, Arline and Faye. The family operated a new and used clothing store and a pawn shop, and lived above the store.</abstract><note>Title supplied by archivist.</note><note type="admin">ph1065</note><subject><name><namePart>Marchick, Sam</namePart></name></subject><subject><name><namePart>Marchick Store</namePart></name></subject><subject><topic>Stores, Retail</topic></subject><subject><topic>Jewish businesspeople</topic></subject><subject><topic>Jewish merchants</topic></subject><subject><genre>Photographs</genre></subject><subject><geographic>Cheyenne</geographic></subject><subject><geographic>Wyoming</geographic></subject><subject><occupation>Merchants</occupation></subject><relatedItem><titleInfo><title>Beck Archives Photograph Collection, Businesses</title></titleInfo></relatedItem><identifier type="local">B063.01.0001.00054</identifier><location><url usage="primary display">http://hdl.handle.net/10176/codu:59342</url></location><accessCondition type="useAndReproduction">Copyright restrictions may apply. User is responsible for all copyright compliance.</accessCondition></mods>