<mods xmlns="http://www.loc.gov/mods/v3" xmlns:mods="http://www.loc.gov/mods/v3" xmlns:xlink="http://www.w3.org/1999/xlink" xmlns:xsi="http://www.w3.org/2001/XMLSchema-instance"><titleInfo><title>Dr. Emanuel Friedman</title></titleInfo><titleInfo><title>Title from envelope: __Portrait of Dr. Emanuel Friedman</title></titleInfo><name type="personal"><role><roleTerm authority="marcrelator" type="text">creator</roleTerm></role></name><typeOfResource>still image</typeOfResource><originInfo><publisher>University of Denver</publisher><place><placeTerm type="text">Denver, Colorado</placeTerm></place><dateCreated keyDate="yes">1908</dateCreated></originInfo><language></language><physicalDescription><extent>2 item (photograph), 8 x 5 inches, black and white</extent><note>Handwritten on envelope: ''#54 Dr. Emmanuel Friedman Info inside.''  On back of photograph: '' #54 Dr. Emmanuel Friedman, Denver pediatrician donated by Mrs. Max Grimes.''</note><form>Photographic prints</form></physicalDescription><abstract>Portrait of Dr. Emanuel Friedman, a pediatrician in Denver, Colorado.</abstract><note>Title supplied by archivist.</note><note type="admin">Donated by Faye Schayer.</note><note type="admin">ph54</note><subject><name><namePart>Friedman, Emanuel--Dr.</namePart></name></subject><subject><name><namePart>National Jewish Hospital (U.S.)</namePart></name></subject><subject><name><namePart>Jewish Consumptives' Relief Society (U.S.)</namePart></name></subject><subject><name><namePart>Gross Medical College</namePart></name></subject><subject><topic>Jews</topic></subject><subject><topic>Jewish physicians</topic></subject><subject><topic>Tuberculosis</topic></subject><subject><topic>Offices</topic></subject><subject><topic>Medical offices</topic></subject><subject><genre>Photographs</genre></subject><subject><genre>Portraits</genre></subject><subject><geographic>Colorado</geographic></subject><subject><geographic>Denver (Colo.)</geographic></subject><subject><occupation>Pediatricians</occupation></subject><subject><occupation>Physicians</occupation></subject><relatedItem><titleInfo><title>Beck Archives Photograph Collection, Health Care and Philanthropy</title></titleInfo></relatedItem><identifier type="local">B063.03.0003.00005</identifier><location><url usage="primary display">http://hdl.handle.net/10176/codu:57301</url></location><accessCondition type="useAndReproduction">Copyright restrictions may apply. User is responsible for all copyright compliance.</accessCondition></mods>