<mods xmlns="http://www.loc.gov/mods/v3" xmlns:mods="http://www.loc.gov/mods/v3" xmlns:xlink="http://www.w3.org/1999/xlink" xmlns:xsi="http://www.w3.org/2001/XMLSchema-instance"><titleInfo><title>Ben Schoen's Store</title></titleInfo><name type="personal"><role><roleTerm authority="marcrelator" type="text">creator</roleTerm></role></name><typeOfResource>still image</typeOfResource><originInfo><publisher>University of Denver</publisher><place><placeTerm type="text">Denver, Colorado</placeTerm></place><dateCreated keyDate="yes">between 1920-1930</dateCreated></originInfo><language></language><physicalDescription><extent>1 item (photograph), 4 x 5 inches, black and white</extent><note>On envelope: ''#978 Henry and Mildred Schoen  born c. 1890[Henry] Born 1893[Mildred].'' On photograph: ''Ben's store & annex, #978.''</note><form>Photographic prints</form><digitalOrigin>Reformatted digital</digitalOrigin></physicalDescription><abstract>Ben Schoen's clothing store with window displays of hats, jackets, and pants. The sign says: ''Hats, men's  boys' & children's clothing, B. Schoen, High class custom tailoring, Shoes.''</abstract><note>Title supplied by archivist.</note><note type="admin">ph978</note><subject><name><namePart>Ben Schoen's Clothing Store</namePart></name></subject><subject><topic>Jews</topic></subject><subject><geographic>Denver (Colo.)</geographic></subject><subject><geographic>Colorado</geographic></subject><relatedItem><titleInfo><title>Beck Archives Photograph Collection, Businesses</title></titleInfo></relatedItem><identifier type="local">B063.01.0017.00044</identifier><location><url usage="primary display">http://hdl.handle.net/10176/codu:59406</url></location><accessCondition type="useAndReproduction">Copyright restrictions may apply. User is responsible for all copyright compliance.</accessCondition></mods>