<mods xmlns="http://www.loc.gov/mods/v3" xmlns:mods="http://www.loc.gov/mods/v3" xmlns:xlink="http://www.w3.org/1999/xlink" xmlns:xsi="http://www.w3.org/2001/XMLSchema-instance"><titleInfo><title>Home of Isadore and Edith Bernheim</title></titleInfo><name type="personal"><role><roleTerm authority="marcrelator" type="text">creator</roleTerm></role></name><typeOfResource>still image</typeOfResource><originInfo><publisher>University of Denver</publisher><place><placeTerm type="text">Denver, Colorado</placeTerm></place><dateCreated keyDate="yes">undated</dateCreated></originInfo><language><languageTerm type="text">Inscription is in English.</languageTerm></language><physicalDescription><extent>1 item (photograph), 4 x 6 inches, black and white</extent><note>On envelope: "#1048 Bernheim/Bowman Family Businesses, Pueblo, CO 1921." On photograph: "Home of Isadore & Edith Bernheim, Greenwood St., Pueblo, Co. built mid to late 20s."</note><form>Photographic prints</form><digitalOrigin>Reformatted digital</digitalOrigin></physicalDescription><abstract>Exterior view of Isadore and Edith Bernheim's home on Greenwood St in Pueblo, Colorado.</abstract><note>Title supplied by archivist.</note><note type="admin">ph1048</note><subject><name><namePart>Bernheim family</namePart></name></subject><subject><topic>Houses</topic></subject><subject><genre>Photographs</genre></subject><subject><genre>Exterior views</genre></subject><subject><geographic>Pueblo (Colo.)</geographic></subject><relatedItem><titleInfo><title>Beck Archives Photograph Collection, Community</title></titleInfo></relatedItem><identifier type="local">B063.02.0010.00025</identifier><location><url usage="primary display">http://hdl.handle.net/10176/codu:60249</url></location><accessCondition type="useAndReproduction">Copyright restrictions may apply. User is responsible for all copyright compliance.</accessCondition></mods>