<mods xmlns="http://www.loc.gov/mods/v3" xmlns:mods="http://www.loc.gov/mods/v3" xmlns:xlink="http://www.w3.org/1999/xlink" xmlns:xsi="http://www.w3.org/2001/XMLSchema-instance"><titleInfo><title>Interior View of the Star Bakery</title></titleInfo><name type="personal"><role><roleTerm authority="marcrelator" type="text">creator</roleTerm></role></name><typeOfResource>still image</typeOfResource><originInfo><publisher>University of Denver</publisher><place><placeTerm type="text">Denver, Colorado</placeTerm></place><dateCreated keyDate="yes">circa 1920</dateCreated></originInfo><language><languageTerm type="text">Inscription is in English.</languageTerm></language><physicalDescription><extent>1 item (photograph), 9 x 6 inches, black and white</extent><note>Printed on the page below the photograph: "Star Bakery, 2744 W. Colfax in Denver, was founded by Eva and Jacob Boscowitz in 1907., Pictured left to right: Rudy Boscowitz (Boscoe), Elya Rubin, Eva Boscowitz Rubin, Sam Boscowitz (Boscoe), Courtesy: Jay Boscoe, Sponsors: Mr. and Mrs. Jay Boscoe, Mr. and Mrs. Rudolph Boscoe."</note><form>Halftone photomechanical prints</form><digitalOrigin>Reformatted digital</digitalOrigin></physicalDescription><abstract>Members of the Boscowitz and Rubin families stand in the Star Bakery store surrounded by loaves of bread. Pictured from left to right are Rudy Boscowitz (Boscoe), Elya (Eli) Rubin, Eva Boscowitz Rubin and Sam Boscowitz (Boscoe). Located at 2744 West Colfax in Denver, Colorado, the Star Bread Company (operating as Star Bakery) was founded by East European immigrants Eva and Jacob Boscowitz in 1907. After her husband's death in 1909, Eva Boscowitz continued to operate the store, later marrying another baker, Elya (Eli) Rubin.  The boys changed their names to Rudy Boscoe and Sam Boscoe, eventually taking over and operating the business until the 1970s.</abstract><note>Title supplied by archivist.</note><note>Appears in ''Images of America: Jewish Denver 1859-1940,'' by Dr. Jeanne Abrams, page 40.</note><note type="admin">Copy donated by Jay Boscoe for ''A Colorado Jewish Family Album.''</note><note type="admin">PB047</note><subject><name><namePart>Boscoe, Sam,--1905-1991</namePart></name></subject><subject><name><namePart>Boscoe, Rudolph,--1908-1997</namePart></name></subject><subject><name><namePart>Rubin, Eva Boscowitz</namePart></name></subject><subject><name><namePart>Rubin, Elya</namePart></name></subject><subject><name><namePart>Boscowitz, Jacob,--d.1909</namePart></name></subject><subject><name><namePart>Star Bread Company (Denver, Colo.)</namePart></name></subject><subject><topic>Jews</topic></subject><subject><topic>Bakeries</topic></subject><subject><topic>Jewish families</topic></subject><subject><topic>Family-owned business enterprises</topic></subject><subject><genre>Photographs</genre></subject><subject><genre>Group portraits</genre></subject><subject><geographic>Denver (Colo.)</geographic></subject><subject><geographic>Colfax Avenue (Denver, Colo.)</geographic></subject><subject><geographic>West Colfax (Denver, Colo.)</geographic></subject><subject><geographic>Colorado</geographic></subject><subject><occupation>Bakers</occupation></subject><relatedItem><titleInfo><title>Beck Archives Photograph Collection, Businesses</title></titleInfo></relatedItem><identifier type="local">B063.01.0001.00010</identifier><location><url usage="primary display">http://hdl.handle.net/10176/codu:59485</url></location><accessCondition type="useAndReproduction">Copyright restrictions may apply. User is responsible for all copyright compliance.</accessCondition></mods>