<mods xmlns="http://www.loc.gov/mods/v3" xmlns:mods="http://www.loc.gov/mods/v3" xmlns:xlink="http://www.w3.org/1999/xlink" xmlns:xsi="http://www.w3.org/2001/XMLSchema-instance"><titleInfo><title>Exterior of Rockmont Envelope Company</title></titleInfo><name type="personal"><role><roleTerm authority="marcrelator" type="text">creator</roleTerm></role></name><name type="personal"><role><roleTerm authority="marcrelator" type="text">contributor</roleTerm></role></name><name type="corporate"><role><roleTerm authority="marcrelator" type="text">creator</roleTerm></role></name><name type="corporate"><role><roleTerm authority="marcrelator" type="text">contributor</roleTerm></role></name><typeOfResource>still image</typeOfResource><originInfo><publisher>University of Denver</publisher><place><placeTerm type="text">Denver, Colorado</placeTerm></place><dateCreated keyDate="yes">between 1950-1970</dateCreated></originInfo><language></language><physicalDescription><extent>1 item (photograph), 4 x 5 inches, black and white</extent><note>Handwritten on envelope: ''#787 Misc. Rockmont Envelope Co, Denver.''  On back of photograph: ''#787.''</note><form>Photographic prints</form><digitalOrigin>reformatted digital</digitalOrigin></physicalDescription><abstract>Exterior of the Rockmont Envelope Company in Denver, Colorado. The company was started in 1919 by Carl L. Tucker and Willett R. Lake. The building was designed by Richard L. Crowther and Associates, Architects.</abstract><note>Title supplied by archivist.</note><note type="admin">ph787</note><subject><name><namePart>Rockmont Envelope Company</namePart></name></subject><subject><name><namePart>Rocky Mountain Envelope Company</namePart></name></subject><subject><topic>Jews</topic></subject><subject><topic>Jewish businesspeople</topic></subject><subject><genre>Photographs</genre></subject><subject><genre>Exterior views</genre></subject><subject><geographic>Denver (Colo.)</geographic></subject><subject><geographic>Colorado</geographic></subject><relatedItem><titleInfo><title>Beck Archives Photograph Collection, Businesses</title></titleInfo></relatedItem><identifier type="local">B063.01.0017.00054</identifier><location><url usage="primary display">http://hdl.handle.net/10176/codu:59420</url></location><accessCondition type="useAndReproduction">Copyright restrictions may apply. User is responsible for all copyright compliance.</accessCondition></mods>