<mods xmlns="http://www.loc.gov/mods/v3" xmlns:mods="http://www.loc.gov/mods/v3" xmlns:xlink="http://www.w3.org/1999/xlink" xmlns:xsi="http://www.w3.org/2001/XMLSchema-instance"><titleInfo><title>Members of the Stein Family Pose with the Company Vehicle</title></titleInfo><name type="personal"><role><roleTerm authority="marcrelator" type="text">creator</roleTerm></role></name><typeOfResource>still image</typeOfResource><originInfo><publisher>University of Denver</publisher><place><placeTerm type="text">Denver, Colorado</placeTerm></place><dateCreated keyDate="yes">between 1913-1914</dateCreated></originInfo><language><languageTerm type="text">Inscription is in English.</languageTerm></language><physicalDescription><extent>1 item (photograph), 8 x 10 inches,</extent><note>Handwritten on envelope: "# 386 Stein family of Pueblo, 1900-1960 info inside." Photocopy of handwritten note inside original envelope: "Taken in Pueblo, Colorado between 1913 and 1914. Max Stein arrived in Pueblo in 1898 (he is the man on the right) after serving as a mounted policeman, he began peddling fruit and vegetables from a wagon. About 1910 he opened a retail grocery store at 1156 4th St., Pueblo. The business is still in the same location but has expanded to become a wholesale food company. Marvin Stein, the present owner, is a third-generation Stein."  Handwritten note on front of photocopy: "In car, Max Stein, Billy Sisson, L to R, John Myers, Albert Stein."</note><form>Photocopies</form><digitalOrigin>Reformatted digital</digitalOrigin></physicalDescription><abstract>Max Stein and Billy Sisson are seated inside a Willys-Overland automobile, which is decorated for a parade. There is a large sign on the roof of the vehicle which states "Stein's Grocery and Market  Quality Without Extravagance  Agents Battle Creek Sanitarium Health Foods." John Myers and Albert Stein are standing behind the front of the vehicle, from left to right.</abstract><note>Title supplied by archivist.</note><note type="admin">ph386</note><subject><name><namePart>Stein, Max</namePart></name></subject><subject><topic>Jews</topic></subject><subject><topic>Jewish businesspeople</topic></subject><subject><genre>Photographs</genre></subject><subject><genre>Group portraits</genre></subject><subject><geographic>Pueblo (Colo.)</geographic></subject><subject><geographic>Colorado</geographic></subject><relatedItem><titleInfo><title>Beck Archives Photograph Collection, Businesses</title></titleInfo></relatedItem><identifier type="local">B063.01.0001.00025</identifier><location><url usage="primary display">http://hdl.handle.net/10176/codu:59436</url></location><accessCondition type="useAndReproduction">Copyright restrictions may apply. User is responsible for all copyright compliance.</accessCondition></mods>