<mods xmlns="http://www.loc.gov/mods/v3" xmlns:mods="http://www.loc.gov/mods/v3" xmlns:xlink="http://www.w3.org/1999/xlink" xmlns:xsi="http://www.w3.org/2001/XMLSchema-instance"><titleInfo><title>Aaron Gove Junior High School</title></titleInfo><name type="personal"><namePart>Martin, Alex</namePart><role><roleTerm authority="marcrelator" type="text">creator</roleTerm></role></name><typeOfResource>still image</typeOfResource><originInfo><publisher>University of Denver</publisher><place><placeTerm type="text">Denver, Colorado</placeTerm></place><dateCreated keyDate="yes">6/1924</dateCreated></originInfo><language></language><physicalDescription><extent>1 item (photograph), 10 x 14 inches, black and white</extent><note>Written on the front of the photograph: ''June Class 1924 Aaron Gove Junior High School Denver, Colo. - Alex Martin Photo-R.'' Handwritten signatures on the back of the photograph: ''Patsy Lange, June Siems '24, Josephine Connell '24, Belle Deickman, Sophronia Wallace, Tyler A. Shim R. E., Gray Strong, Margaret Lang, Adais Stevenson, Dorothy Schoher '24, Olive Limner, George Bobun Esg, Col. [illegible], Frieda Dezetell '24, Lorraine 'Chile' Hitt '24, Lena Freedman, Clarence Burg, Rudy C. Savage E A, Lester Kohnfelder, Paul Pinney, Iva M. Graham, Harry A King, Helen Kelsey, Mildred Prather, Bonnie Bouiser, Gladys L. Urnshall, [illegible], Shirley Smith, Frances Smith, Joseph Pepper, Bill Cummings, Elizabeth Brohm (?) '24, Dorothy Gardner 9B '25, Goldena Birnstock '24, Charline Johnson '24, Marian Isenberg, Virginia Davidson '24, Miriam Bretschneider, Winifred D Binsson, Alice Salter, Helen McMullen, R. K. Howard Adams, Anders Rasmussen, Rev. Cyrno Drew, Albert Giesecke, Jane Allen Allmond, Paul Schneider, Morey A Samuelson - D.D., Ralph Stechel H.D., John Costa Esq, Geo Work, Arthur Louisberg, Russell Ostrander, Dan Williams, Neil McKenzie, Willis H. Doetschman, Bob Kooney, Walker S. Edwards, Melvin E. Bruckman, Dave Wirth, Henry C. Glange, Olive Pichaus '24, Louise McCreery, Shirley de Spain, Watson Bowes, Willis Engdahl, Calmar Reedy, Hon. Vernon Carlson, Frances Freeman, Teah Klein, Frances P. Miller, Margaret Richman (Percy), Burt Mortz '24, Nathaniel Williams '24, James H Adair, Agnes McLean, Lucille Albright, Josephine Spalding, Sadie Crockett, Charlotte McMullen, Dixie Lee Pitcher, Blanche Calkins, Hazel Immel, Sara-Jean Pinderson, Jane Jones, Innes Lundborg, Jean Patterson 'Pat,' Lucille Bastine, Wilma Coyle '24, Sybil Block '24, Bergliot Larson '24, Newton Anderson, Myrtle Franklin, Della Clingner, Sadye Aronoff 8a, Sadye Fortner 8a '25, Margaret Shamon, Marion Smith, Ruthanna Eames (Head Girl), Roger McDougall, [illegible], Keith Gugis B.C., Jane Blaine, Mary Goadson, Ruth Poss Corn Bumion Richman, Mabel W. Stuart, Willie Frances Cocke (Librarian), Mary E. Biggs, Alice M. Watson, Nelle L. French, Myra A. Carson, Mildred McClintock 305, Helen W. Rodgers, Anna L. Ormond, Marguerite Fry, H.G. Wilford, R.S. Hobson.''  Handwritten on back of photograph: "Aaron Gove Jr. High School 1924, 1st row 5th from R Lester Kohnfelder, 17th from R: Margaret Richman Piehl, 19 '' '' Sybil Block, 2nd row, 1st on R Morey Samuelson, 13th from R Joe Pepper, 3rd row, 15th from R Belle Deickman, 13th from L Frieda Dezetell, #403.''</note><form>Photographic prints</form><digitalOrigin>Reformatted digital</digitalOrigin></physicalDescription><abstract>A group of students posed in front of Aaron Gove Junior High School located at Colorado Blvd and 14th Ave, Denver, Colorado. Seven students are identified on the back of the photograph: First row fifth from right Lester Kohnfelder, seventeenth from right Margaret Richman Piehl, nineteenth from right Sybil Block; Second row first on right Morey Samuelson, thirteenth from right Joe Pepper; Third row fifteenth from right Belle Deickman, thirteenth from left Frieda Dezetell.  Several people signed the back of the photograph: Patsy Lange, June Siems, Josephine Connell, Belle Deickman, Sophronia Wallace, Tyler A. Shim, Gray Strong, Margaret Lang, Adais Stevenson, Dorothy Schoher, Olive Limner, George Bobun, Frieda Dezettel, Lorraine 'Chile' Hitt, Lena Freedman, Clarence Burg, Rudy C. Savage, Lester Kohnfelder, Paul Pinney, Iva M. Graham, Harry A King, Helen Kelsey, Mildred Prather, Bonnie Bowser, Gladys L. Urnshall, Shirley Smith, Frances Smith, Joseph Pepper, Bill Cummings, Elizabeth Brohm, Dorothy Gardner, Goldena Birnstock, Charline Johnson, Marian Isenberg, Virginia Davidson, Miriam Bretschneider, Winifred D Binsson, Alice Salter, Helen McMullen, R. K. Howard Adams, Anders Rasmussen, Cyrno Drew, Albert Giesecke, Jane Allen Allmond, Paul Schneider, Morey A Samuelson, Ralph Steckel, John Costa, Geo Work, Arthur Louisberg, Russell Ostrander, Dan Williams, Neil McKenzie, Willis H. Doetschman, Bob Kooney, Walker S. Edwards, Melvin E. Bruckman, Dave Wirth, Henry C. Glaze, Olive Pichaus, Louise McCreery, Shirley de Spain, Watson Bowes, Willis Engdahl, Calmar Reedy, Vernon Carlson, Frances Freeman, Teah Klein, Frances P. Miller, Margaret Richman, Burt Mortz, Nathaniel Williams, James H Adair, Agnes McLean, Lucille Albright, Josephine Spalding, Sadie Crockett, Charlotte McMullen, Dixie Lee Pitcher, Blanche Calkins, Hazel Immel, Sara-Jean Pinderson, Jane Jones, Innes Lundborg, Jean Patterson 'Pat,' Lucille Bastine, Wilma Coyle, Sybil Block, Bergliot Larson, Newton Anderson, Myrtle Franklin, Della Clingner, Sadye Aronoff, Sadye Fortner, Margaret Shamon, Marion Smith, Ruthanna Eames, Roger McDougall, Robert Selig, Keith Gujs, Jane Blaine, Mary Goodson, Ruth Richman, Mabel W. Stuart, Willie Frances Cocke, Mary E. Biggs, Alice M. Watson, Nelle L. French, Myra A. Carson, Mildred McClintock, Helen W. Rodgers, Anna L. Ormond, Marguerite Fry, H. G. Wilford, R. S. Hobson.</abstract><note>Title supplied by archivist.</note><note type="admin">Donated by Debbie Greenfield.</note><note type="admin">ph403</note><subject><name><namePart>Lange, Patsy</namePart></name></subject><subject><name><namePart>Siems, June</namePart></name></subject><subject><name><namePart>Connell, Josephine</namePart></name></subject><subject><name><namePart>Deickman, Belle</namePart></name></subject><subject><name><namePart>Wallace, Sophronia</namePart></name></subject><subject><name><namePart>Shim, Tyler A.</namePart></name></subject><subject><name><namePart>Strong, Gray</namePart></name></subject><subject><name><namePart>Lang, Margaret</namePart></name></subject><subject><name><namePart>Stevenson, Adais</namePart></name></subject><subject><name><namePart>Schoher, Dorothy</namePart></name></subject><subject><name><namePart>Limner, Olive</namePart></name></subject><subject><name><namePart>Bobun, George</namePart></name></subject><subject><name><namePart>Dezettel, Frieda</namePart></name></subject><subject><name><namePart>Smith, Shirley</namePart></name></subject><subject><name><namePart>Smith, Frances</namePart></name></subject><subject><name><namePart>Pepper, Joseph</namePart></name></subject><subject><name><namePart>Cummings, Bill</namePart></name></subject><subject><name><namePart>Brohm, Elizabeth</namePart></name></subject><subject><name><namePart>Gardner, Dorothy</namePart></name></subject><subject><name><namePart>Birnstock, Goldena</namePart></name></subject><subject><name><namePart>Johnson, Charline</namePart></name></subject><subject><name><namePart>Isenberg, Marian</namePart></name></subject><subject><name><namePart>Davidson, Virginia</namePart></name></subject><subject><name><namePart>Bretschneider, Miriam</namePart></name></subject><subject><name><namePart>Binsson, Winifred D.</namePart></name></subject><subject><name><namePart>Salter, Alice</namePart></name></subject><subject><name><namePart>Ostrander, Russell</namePart></name></subject><subject><name><namePart>Williams, Dan</namePart></name></subject><subject><name><namePart>McKenzie, Neil</namePart></name></subject><subject><name><namePart>Doetschman, Willis H.</namePart></name></subject><subject><name><namePart>Kooney, Bob</namePart></name></subject><subject><name><namePart>Edwards, Walker S.</namePart></name></subject><subject><name><namePart>Bruckman, Melvin E.</namePart></name></subject><subject><name><namePart>Wirth, Dave</namePart></name></subject><subject><name><namePart>Glaze, Henry C.</namePart></name></subject><subject><name><namePart>Pichaus, Olive</namePart></name></subject><subject><name><namePart>McCreery, Louise</namePart></name></subject><subject><name><namePart>de Spain, Shirley</namePart></name></subject><subject><name><namePart>Bowes, Watson</namePart></name></subject><subject><name><namePart>Hitt, Lorraine</namePart></name></subject><subject><name><namePart>Freedman, Lena</namePart></name></subject><subject><name><namePart>Burg, Clarence</namePart></name></subject><subject><name><namePart>Savage, Rudy C.</namePart></name></subject><subject><name><namePart>Kohnfelder, Lester</namePart></name></subject><subject><name><namePart>Pinney, Paul</namePart></name></subject><subject><name><namePart>Graham, Iva M.</namePart></name></subject><subject><name><namePart>King, Harry A.</namePart></name></subject><subject><name><namePart>Kelsey, Helen</namePart></name></subject><subject><name><namePart>Prather, Mildred</namePart></name></subject><subject><name><namePart>Bowser, Bonnie</namePart></name></subject><subject><name><namePart>Urnshall, Gladys L.</namePart></name></subject><subject><name><namePart>McMullen, Helen</namePart></name></subject><subject><name><namePart>Adams, R. K. Howard</namePart></name></subject><subject><name><namePart>Rasmussen, Anders</namePart></name></subject><subject><name><namePart>Drew, Cyrno</namePart></name></subject><subject><name><namePart>Giesecke, Albert</namePart></name></subject><subject><name><namePart>Allmond, Jane Allen</namePart></name></subject><subject><name><namePart>Schneider, Paul</namePart></name></subject><subject><name><namePart>Samuelson, Morey A.</namePart></name></subject><subject><name><namePart>Steckel, Ralph</namePart></name></subject><subject><name><namePart>Costa, John</namePart></name></subject><subject><name><namePart>Work, Geo</namePart></name></subject><subject><name><namePart>Louisberg, Arthur</namePart></name></subject><subject><name><namePart>Engdahl, Willis</namePart></name></subject><subject><name><namePart>Reedy, Calmar</namePart></name></subject><subject><name><namePart>Carlson, Vernon</namePart></name></subject><subject><name><namePart>Freeman, Frances</namePart></name></subject><subject><name><namePart>Klein, Teah</namePart></name></subject><subject><name><namePart>Miller, Frances P.</namePart></name></subject><subject><name><namePart>Piehl, Margaret Richman,--1911-1986</namePart></name></subject><subject><name><namePart>Mortz, Burt</namePart></name></subject><subject><name><namePart>Williams, Nathaniel</namePart></name></subject><subject><name><namePart>Adair, James H.</namePart></name></subject><subject><name><namePart>McLean, Agnes</namePart></name></subject><subject><name><namePart>Albright, Lucille</namePart></name></subject><subject><name><namePart>Spalding, Josephine</namePart></name></subject><subject><name><namePart>Crockett, Sadie</namePart></name></subject><subject><name><namePart>McMullen, Charlotte</namePart></name></subject><subject><name><namePart>Pitcher, Dixie Lee</namePart></name></subject><subject><name><namePart>Calkins, Blanche</namePart></name></subject><subject><name><namePart>Immel, Hazel</namePart></name></subject><subject><name><namePart>Pinderson, Sara-Jean</namePart></name></subject><subject><name><namePart>Jones, Jane</namePart></name></subject><subject><name><namePart>Lundborg, Innes</namePart></name></subject><subject><name><namePart>Patterson, Jean</namePart></name></subject><subject><name><namePart>Bastine, Lucille</namePart></name></subject><subject><name><namePart>Coyle, Wilma</namePart></name></subject><subject><name><namePart>Block, Sybil</namePart></name></subject><subject><name><namePart>Goodson, Mary</namePart></name></subject><subject><name><namePart>Richman, Ruth</namePart></name></subject><subject><name><namePart>Stuart, Mabel W.</namePart></name></subject><subject><name><namePart>Cocke, Willie Frances</namePart></name></subject><subject><name><namePart>Biggs, Mary E.</namePart></name></subject><subject><name><namePart>Watson, Alice M.</namePart></name></subject><subject><name><namePart>French, Nelle L.</namePart></name></subject><subject><name><namePart>Carson, Myra A.</namePart></name></subject><subject><name><namePart>McClintock, Mildred</namePart></name></subject><subject><name><namePart>Rodgers, Helen W.</namePart></name></subject><subject><name><namePart>Ormond, Anna L.</namePart></name></subject><subject><name><namePart>Fry, Marguerite</namePart></name></subject><subject><name><namePart>Wilford, H. G.</namePart></name></subject><subject><name><namePart>Larson, Bergliot</namePart></name></subject><subject><name><namePart>Anderson, Newton</namePart></name></subject><subject><name><namePart>Franklin, Myrtle</namePart></name></subject><subject><name><namePart>Clingner, Della</namePart></name></subject><subject><name><namePart>Aronoff, Sadye</namePart></name></subject><subject><name><namePart>Fortner, Sadye</namePart></name></subject><subject><name><namePart>Shamon, Margaret</namePart></name></subject><subject><name><namePart>Smith, Marion</namePart></name></subject><subject><name><namePart>Eames, Ruthanna</namePart></name></subject><subject><name><namePart>McDougall, Roger</namePart></name></subject><subject><name><namePart>Gujs, Keith</namePart></name></subject><subject><name><namePart>Blaine, Jane</namePart></name></subject><subject><name><namePart>Hobson, R. S.</namePart></name></subject><subject><name><namePart>Selig, Robert W.</namePart></name></subject><subject><name><namePart>Aaron Gove Junior High School</namePart></name></subject><subject><topic>Schools</topic></subject><subject><genre>Group portraits</genre></subject><subject><geographic>Denver (Colo.)</geographic></subject><subject><occupation>Students</occupation></subject><relatedItem><titleInfo><title>Beck Archives Photograph Collection, Community</title></titleInfo></relatedItem><identifier type="local">B063.02.0032.0014.00001</identifier><location><url usage="primary display">http://hdl.handle.net/10176/codu:60387</url></location><accessCondition type="useAndReproduction">Copyright restrictions may apply. User is responsible for all copyright compliance.</accessCondition></mods>