<mods xmlns="http://www.loc.gov/mods/v3" xmlns:mods="http://www.loc.gov/mods/v3" xmlns:xlink="http://www.w3.org/1999/xlink" xmlns:xsi="http://www.w3.org/2001/XMLSchema-instance"><titleInfo><title>Sam and Myer Friedman Standing in Front of Friedman's Store</title></titleInfo><name type="personal"><role><roleTerm authority="marcrelator" type="text">creator</roleTerm></role></name><typeOfResource>still image</typeOfResource><originInfo><publisher>University of Denver</publisher><place><placeTerm type="text">Denver, Colorado</placeTerm></place><dateCreated keyDate="yes">between 1930-1940</dateCreated></originInfo><language></language><physicalDescription><extent>1 item (photograph), 4 x 5 inches, black and white</extent><note>Handwritten on envelope: ''#670 Friedman's Store Brighton Co 1930s and clipping.''  On back of photograph: ''1930s #672 Friedman's Store Brighton, Colorado  Sam          Myer.''</note><form>Photographic prints</form><digitalOrigin>Reformatted digital</digitalOrigin></physicalDescription><abstract>Exterior of Brighton, Colorado's Friedman's Store. Myer and Sam Friedman are standing in front of the store from left to right.</abstract><note>Title supplied by archivist.</note><note type="admin">ph670</note><subject><name><namePart>Friedman, Myer</namePart></name></subject><subject><name><namePart>Friedman, Sam</namePart></name></subject><subject><name><namePart>Friedman's Store</namePart></name></subject><subject><topic>Jews</topic></subject><subject><topic>Jewish merchants</topic></subject><subject><genre>Photographs</genre></subject><subject><genre>Exterior views</genre></subject><subject><geographic>Brighton (Colo.)</geographic></subject><subject><geographic>Colorado</geographic></subject><relatedItem><titleInfo><title>Beck Archives Photograph Collection, Businesses</title></titleInfo></relatedItem><identifier type="local">B063.01.0017.00032</identifier><location><url usage="primary display">http://hdl.handle.net/10176/codu:59357</url></location><accessCondition type="useAndReproduction">Copyright restrictions may apply. User is responsible for all copyright compliance.</accessCondition></mods>