<mods xmlns="http://www.loc.gov/mods/v3" xmlns:mods="http://www.loc.gov/mods/v3" xmlns:xlink="http://www.w3.org/1999/xlink" xmlns:xsi="http://www.w3.org/2001/XMLSchema-instance"><titleInfo><title>Meeker Home Museum Historical Marker</title></titleInfo><name type="personal"><role><roleTerm authority="marcrelator" type="text">creator</roleTerm></role></name><typeOfResource>still image</typeOfResource><originInfo><publisher>University of Denver</publisher><place><placeTerm type="text">Denver, Colorado</placeTerm></place><dateCreated keyDate="yes">circa 1980</dateCreated></originInfo><language></language><physicalDescription><extent>1 item (photograph), 5 x 4 inches, color</extent><note>On envelope: "#493 Colo. Historical Markers donated by Robert Zelinger." On back of photograph: "#493, historical marker of Nathan Meeker in front of house, Donor Robert Zelinger."</note><form>Photographic prints</form><digitalOrigin>Reformatted digital</digitalOrigin></physicalDescription><abstract>Historical marker topped with a bust of Nathan Meeker in front of the Meeker Home Museum built by Nathan Meeker in Greeley, Colorado.</abstract><note>Title supplied by archivist.</note><note type="admin">Donated by Robert Zelinger</note><note type="admin">ph493</note><subject><name><namePart>Meeker, Nathan Cook--1814-1879</namePart></name></subject><subject><name><namePart>Meeker Home Museum</namePart></name></subject><subject><topic>Historical markers</topic></subject><subject><genre>Photographic prints</genre></subject><subject><geographic>Greeley (Colo.)</geographic></subject><relatedItem><titleInfo><title>Beck Archives Photograph Collection, Community</title></titleInfo></relatedItem><identifier type="local">B063.02.0018.00100</identifier><location><url usage="primary display">http://hdl.handle.net/10176/codu:60353</url></location><accessCondition type="useAndReproduction">Copyright restrictions may apply. User is responsible for all copyright compliance.</accessCondition></mods>