<mods xmlns="http://www.loc.gov/mods/v3" xmlns:mods="http://www.loc.gov/mods/v3" xmlns:xlink="http://www.w3.org/1999/xlink" xmlns:xsi="http://www.w3.org/2001/XMLSchema-instance"><titleInfo><title>Shulman Family</title></titleInfo><name type="personal"><role><roleTerm authority="marcrelator" type="text">creator</roleTerm></role></name><typeOfResource>still image</typeOfResource><originInfo><publisher>University of Denver</publisher><place><placeTerm type="text">Denver, Colorado</placeTerm></place><dateCreated keyDate="yes">between 1885-1890</dateCreated></originInfo><language></language><physicalDescription><extent>1 item (photograph), 5 x 7 inches, black and white</extent><note>Handwritten on back of photograph: ''Late 1880's, L to R, Robert Shulman, clothier, Central City, Mrs. Robert Shulman, Michael A Saly, Mrs. M. A. Saly, Rose Saly, Visitors: Iska Block, Georgetown, Julius Seidler, Central City, Sara Saly, Nettye Shulman Wolff, M. A. Saly: founder of Mt Nebo Cemetery, Mrs. Saly: founder Ladies Shroud Society, #120.''</note><form>Photographic prints</form></physicalDescription><abstract>Shulman and Saly family members pose together with friends infront of a house.  Back row left to right: Robert Shulman, Mrs. Robert Shulman, and Michael A Saly.  Also in photograph: Mrs. M. A. Saly, Rose Saly, Iska Block, Julius Seidler, Sara Saly, and Nettye Shulman Wolff.</abstract><note>Title supplied by archivists.</note><note>Appears in ''Images of America: Jewish Denver 1859-1940,'' by Dr. Jeanne Abrams, on page 118.</note><note type="admin">Donated by Tillye Shulman Levy</note><note type="admin">ph120</note><subject><name><namePart>Shulman, Robert</namePart></name></subject><subject><name><namePart>Shulman, Robert--Mrs.</namePart></name></subject><subject><name><namePart>Saly, Michael A.</namePart></name></subject><subject><name><namePart>Saly, Michael A.--Mrs.</namePart></name></subject><subject><name><namePart>Saly, Rose</namePart></name></subject><subject><name><namePart>Block, Iska</namePart></name></subject><subject><name><namePart>Seidler, Julius</namePart></name></subject><subject><name><namePart>Saly, Sara</namePart></name></subject><subject><name><namePart>Wolff, Nettye Shulman</namePart></name></subject><subject><topic>Jewish families--Colorado</topic></subject><subject><genre>Photographic prints</genre></subject><subject><genre>Group portraits</genre></subject><subject><geographic>Colorado</geographic></subject><subject><geographic>Central City (Colo.)</geographic></subject><subject><occupation>Merchants</occupation></subject><relatedItem><titleInfo><title>Beck Archives Photograph Collection, Families and Groups</title></titleInfo></relatedItem><identifier type="local">B063.05.0013.00013</identifier><location><url usage="primary display">http://hdl.handle.net/10176/codu:59695</url></location><accessCondition type="useAndReproduction">Copyright restrictions may apply. User is responsible for all copyright compliance.</accessCondition></mods>