<mods xmlns="http://www.loc.gov/mods/v3" xmlns:mods="http://www.loc.gov/mods/v3" xmlns:xlink="http://www.w3.org/1999/xlink" xmlns:xsi="http://www.w3.org/2001/XMLSchema-instance"><titleInfo><title>Morris and Zelda Averch Family Passover Seder</title></titleInfo><name type="personal"><role><roleTerm authority="marcrelator" type="text">creator</roleTerm></role></name><name type="personal"><role><roleTerm authority="marcrelator" type="text">contributor</roleTerm></role></name><name type="corporate"><role><roleTerm authority="marcrelator" type="text">creator</roleTerm></role></name><name type="corporate"><role><roleTerm authority="marcrelator" type="text">contributor</roleTerm></role></name><typeOfResource>still image</typeOfResource><originInfo><publisher>University of Denver</publisher><place><placeTerm type="text">Denver, Colorado</placeTerm></place><dateCreated keyDate="yes">1932</dateCreated></originInfo><language><languageTerm type="text">English</languageTerm></language><physicalDescription><extent>1 item (photograph), 5 x 6 inches, black and white</extent><note>Typed caption in photo book: ''Zelda and Morris Averch Family Passover Seder, Denver, Colorado, 1932; L to R: Samuel Kaminsky, Estelle Kaminsky Levitt, Anna Averch Kaminsky, Eleanor Kaminsky Nasbarg, Zelda and Morris Averch, Stanley Averch, Dave and Verner Averch, Evelyn Averch, Eva Averch, Meyer and Estelle Averch Stine.; Courtesy: Estelle Levitt.''</note><form>Photographic prints</form><digitalOrigin>reformatted digital</digitalOrigin></physicalDescription><abstract>The Morris and Zelda Averch family celebrate the Passover Seder with their children and grandchildren, including members of the Kaminsky family. From left to right, Samuel Kaminsky, Estelle Kaminsky (Levitt), Anna Averch Kaminsky, Eleanor Kaminsky (Nasbarg), Zelda and Morris Averch, Stanley Averch, Dave and Verner Averch, Evelyn Averch, Eva Averch, Meyer Averch and Estelle Averch (Stine). This is a copy of the original photograph.</abstract><note>Title supplied by archivist.</note><note type="admin">Donated by Estelle Kaminsky Levitt for publication in A Colorado Jewish Family Album.</note><note type="admin">Photo Book #142</note><subject><name><namePart>Averch family</namePart></name></subject><subject><name><namePart>Kaminsky, Samuel</namePart></name></subject><subject><name><namePart>Levitt, Estelle Kaminsky</namePart></name></subject><subject><name><namePart>Kaminsky, Anna Averch</namePart></name></subject><subject><name><namePart>Nasbarg, Eleanor Kaminsky</namePart></name></subject><subject><name><namePart>Averch, Zelda</namePart></name></subject><subject><name><namePart>Averch, Morris</namePart></name></subject><subject><name><namePart>Averch, Stanley</namePart></name></subject><subject><name><namePart>Averch, Ava</namePart></name></subject><subject><name><namePart>Averch, Verner</namePart></name></subject><subject><name><namePart>Averch, Evelyn</namePart></name></subject><subject><name><namePart>Averch, Meyer,--1898-1987</namePart></name></subject><subject><name><namePart>Stine, Estelle Averch</namePart></name></subject><subject><topic>Jewish families</topic></subject><subject><topic>Passover</topic></subject><subject><topic>Judaism</topic></subject><subject><topic>Social life and customs</topic></subject><subject><genre>Photographs</genre></subject><subject><genre>Group portraits</genre></subject><subject><geographic>Colorado</geographic></subject><subject><geographic>Denver (Colo.)</geographic></subject><relatedItem><titleInfo><title>Beck Archives Photograph Collection, Families and Groups</title></titleInfo></relatedItem><identifier type="local">B063.05.0005.00025</identifier><location><url usage="primary display">http://hdl.handle.net/10176/codu:57311</url></location><accessCondition type="useAndReproduction">Copyright restrictions may apply. User is responsible for all copyright compliance.</accessCondition></mods>