<mods xmlns="http://www.loc.gov/mods/v3" xmlns:mods="http://www.loc.gov/mods/v3" xmlns:xlink="http://www.w3.org/1999/xlink" xmlns:xsi="http://www.w3.org/2001/XMLSchema-instance"><titleInfo><title>Montage of Elias Cohen and Family of Aspen, Colorado</title></titleInfo><name type="personal"><role><roleTerm authority="marcrelator" type="text">creator</roleTerm></role></name><typeOfResource>still image</typeOfResource><originInfo><publisher>University of Denver</publisher><place><placeTerm type="text">Denver, Colorado</placeTerm></place><dateCreated keyDate="yes">circa 1905</dateCreated></originInfo><language></language><physicalDescription><extent>1 item (photograph), 10 x 8 inches, black and white</extent><note>On envelope: ''Elias Cohen family of Aspen, 1905''. Note inside envelope: ''#52 Elias Cohen family - supervisor of mines in Aspen in Aspen, with his wife and children and his wife's parents, Mr. and Mrs. Charles Weinberg Aspen 1905 (Mrs. Elias Cohen, nee Weinberg) donated by Mrs. Regina Collins''.</note><form>Photographic prints</form></physicalDescription><abstract>Collage of the Elias Cohen family of Aspen including a formal portrait of Elias Cohen (bottom left); a formal portrait of his wife and two daughters (bottom right); and formal portraits of his in-laws, Mr. and Mrs. Charles Weinberg (top). Elias Cohen was a resident of Aspen by 1891, a mine supervisor in, and manager of David Hyman's properties. It was Cohen who suggested the use of deep-sea divers to repair broken mine-pump shafts.</abstract><note>Title supplied by archivist.</note><note>Appears in ''Images of America: Jewish Denver 1859-1940,'' by Dr. Jeanne Abrams, on page 120.</note><note type="admin">Donated by Mrs. Regina Collins</note><note type="admin">52</note><subject><name><namePart>Cohen family</namePart></name></subject><subject><name><namePart>Cohen, Elias</namePart></name></subject><subject><name><namePart>Weinberg family</namePart></name></subject><subject><name><namePart>Weinberg, Charles</namePart></name></subject><subject><topic>Jews</topic></subject><subject><topic>Jewish families</topic></subject><subject><topic>Social life and customs</topic></subject><subject><topic>Mineral industries</topic></subject><subject><topic>Mines and mineral resources</topic></subject><subject><genre>Photographs</genre></subject><subject><genre>Group portraits</genre></subject><subject><genre>Photographic prints</genre></subject><subject><genre>Composite photographs</genre></subject><subject><geographic>Colorado</geographic></subject><subject><geographic>Aspen (Colo.)</geographic></subject><subject><occupation>Supervisors, Industrial</occupation></subject><relatedItem><titleInfo><title>Beck Archives Photograph Collection, Families and Groups</title></titleInfo></relatedItem><identifier type="local">B063.05.0005.00009</identifier><location><url usage="primary display">http://hdl.handle.net/10176/codu:59740</url></location><accessCondition type="useAndReproduction">Copyright restrictions may apply. User is responsible for all copyright compliance.</accessCondition></mods>