<mods xmlns="http://www.loc.gov/mods/v3" xmlns:mods="http://www.loc.gov/mods/v3" xmlns:xlink="http://www.w3.org/1999/xlink" xmlns:xsi="http://www.w3.org/2001/XMLSchema-instance"><titleInfo><title>Unidentified Executives of the Rockmont Envelope Company</title></titleInfo><name type="personal"><role><roleTerm authority="marcrelator" type="text">creator</roleTerm></role></name><typeOfResource>still image</typeOfResource><originInfo><publisher>University of Denver</publisher><place><placeTerm type="text">Denver, Colorado</placeTerm></place><dateCreated keyDate="yes">between 1950-1960</dateCreated></originInfo><language><languageTerm type="text">Inscription written in English.</languageTerm></language><physicalDescription><extent>1 item (photograph), 5 x 7 inches, black and white</extent><note>Handwritten on envelope: "#787 Misc. Rockmont Envelope Co, Denver."</note><form>Photographic prints</form><digitalOrigin>Reformatted digital</digitalOrigin></physicalDescription><abstract>A group of unidentified executives of the Rockmont Envelope Company in Denver, Colorado.</abstract><note>Title supplied by archivist.</note><note type="admin">ph787</note><subject><name><namePart>Rockmont Envelope Company</namePart></name></subject><subject><name><namePart>Rocky Mountain Envelope Company</namePart></name></subject><subject><topic>Jews</topic></subject><subject><topic>Jewish businesspeople</topic></subject><subject><genre>Photographs</genre></subject><subject><genre>Portraits</genre></subject><subject><geographic>Denver (Colo.)</geographic></subject><subject><geographic>Colorado</geographic></subject><relatedItem><titleInfo><title>Beck Archives Photograph Collection, Businesses</title></titleInfo></relatedItem><identifier type="local">B063.01.0009.00049</identifier><location><url usage="primary display">http://hdl.handle.net/10176/codu:59450</url></location><accessCondition type="useAndReproduction">Copyright restrictions may apply. User is responsible for all copyright compliance.</accessCondition></mods>