<mods xmlns="http://www.loc.gov/mods/v3" xmlns:mods="http://www.loc.gov/mods/v3" xmlns:xlink="http://www.w3.org/1999/xlink" xmlns:xsi="http://www.w3.org/2001/XMLSchema-instance"><titleInfo><title>Rachofsky's New York Store in Black Hawk Colorado</title></titleInfo><name type="personal"><role><roleTerm authority="marcrelator" type="text">creator</roleTerm></role></name><name type="personal"><role><roleTerm authority="marcrelator" type="text">contributor</roleTerm></role></name><name type="corporate"><role><roleTerm authority="marcrelator" type="text">creator</roleTerm></role></name><name type="corporate"><role><roleTerm authority="marcrelator" type="text">contributor</roleTerm></role></name><typeOfResource>still image</typeOfResource><originInfo><publisher>University of Denver</publisher><place><placeTerm type="text">Denver, Colorado</placeTerm></place><dateCreated keyDate="yes">circa 1890</dateCreated></originInfo><language></language><physicalDescription><extent>1 item (photograph), 5 x 3 inches, black and white</extent><note>Handwritten on back of photograph: "#353, Cities & Towns, Central City Colo - Stores, New York Stone - Nov 24, 1939 [crossed out], Neg No F2302."  Stamped on back of photograph: "If used, please credit Library State Historical Society of Colorado."</note><form>Photographic prints</form><digitalOrigin>reformatted digital</digitalOrigin></physicalDescription><abstract>Exterior of Abraham Rachofsky's New York Store in Black Hawk, Colorado. The store originally was owned by pioneer Abraham Rittmaster and then was purchased by his nephew Abraham Rachofsky who became one of the city's most important businessmen.</abstract><note>Title supplied by archivist.</note><note>Appears in ''Images of America: Jewish Denver 1859-1940,'' by Dr. Jeanne Abrams, page 118.</note><note type="admin">ph353</note><subject><name><namePart>Rachofsky, Abraham</namePart></name></subject><subject><name><namePart>Rachofsky's New York Store</namePart></name></subject><subject><topic>Jewish merchants</topic></subject><subject><topic>Stores, Retail</topic></subject><subject><genre>Photographs</genre></subject><subject><genre>Exterior views</genre></subject><subject><geographic>Colorado</geographic></subject><subject><topic>Jews</topic></subject><subject><topic>Family-owned business enterprises</topic></subject><subject><topic>Jewish businesspeople</topic></subject><relatedItem><titleInfo><title>Beck Archives Photograph Collection, Businesses</title></titleInfo></relatedItem><identifier type="local">B063.01.0009.00007</identifier><location><url usage="primary display">http://hdl.handle.net/10176/codu:59413</url></location><accessCondition type="useAndReproduction">Copyright restrictions may apply. User is responsible for all copyright compliance.</accessCondition></mods>