<mods xmlns="http://www.loc.gov/mods/v3" xmlns:mods="http://www.loc.gov/mods/v3" xmlns:xlink="http://www.w3.org/1999/xlink" xmlns:xsi="http://www.w3.org/2001/XMLSchema-instance"><titleInfo><title>Interior of Colorado Electric Wiring Company</title></titleInfo><name type="personal"><role><roleTerm authority="marcrelator" type="text">creator</roleTerm></role></name><typeOfResource>still image</typeOfResource><originInfo><publisher>University of Denver</publisher><place><placeTerm type="text">Denver, Colorado</placeTerm></place><dateCreated keyDate="yes">circa 1900</dateCreated></originInfo><language></language><physicalDescription><extent>1 item (photograph), 5 x 7 inches, black and white</extent><note>Handwritten on envelope: ''# 134 Borwick - Colo Electric Co B-9''.  On the back of photograph: ''Colorado Electric Wiring Co. 515 18th St. circa 1900  L to R. Bessie Borwick (sister of Benjamin Borwick, Prop.  3/15  458-4661c  4  #134''.</note><form>Photographic prints</form><digitalOrigin>Reformatted digital</digitalOrigin></physicalDescription><abstract>The c. 1900 photograph reveals the interior of the Colorado Electric Wiring Company with proprietor Benjamin Borwick standing with his sister Bessie.</abstract><note>Title supplied by archivist.</note><note>Appears in ''Images of America: Jewish Denver 1859-1940,'' by Dr. Jeanne Abrams, page 50.</note><note type="admin">Donated by Mrs. Ben Brockla in 1977.</note><note type="admin">ph134</note><subject><name><namePart>Borwick, Benjamin</namePart></name></subject><subject><name><namePart>Borwick, Bessie</namePart></name></subject><subject><name><namePart>Colorado Electric Wiring Company</namePart></name></subject><subject><topic>Jews</topic></subject><subject><topic>Jewish businesspeople</topic></subject><subject><genre>Photographs</genre></subject><subject><genre>Interior views</genre></subject><subject><geographic>Colorado</geographic></subject><relatedItem><titleInfo><title>Beck Archives Photograph Collection, Businesses</title></titleInfo></relatedItem><identifier type="local">B063.01.0009.00004</identifier><location><url usage="primary display">http://hdl.handle.net/10176/codu:59287</url></location><accessCondition type="useAndReproduction">Copyright restrictions may apply. User is responsible for all copyright compliance.</accessCondition></mods>