<mods xmlns="http://www.loc.gov/mods/v3" xmlns:mods="http://www.loc.gov/mods/v3" xmlns:xlink="http://www.w3.org/1999/xlink" xmlns:xsi="http://www.w3.org/2001/XMLSchema-instance"><titleInfo><title>Tivoli Building Plaque</title></titleInfo><name type="personal"><role><roleTerm authority="marcrelator" type="text">creator</roleTerm></role></name><typeOfResource>still image</typeOfResource><originInfo><publisher>University of Denver</publisher><place><placeTerm type="text">Denver, Colorado</placeTerm></place><dateCreated keyDate="yes">between 1995-2005</dateCreated></originInfo><language><languageTerm type="text">Inscription is in English.</languageTerm></language><physicalDescription><extent>1 item (photograph), 4 x 6 inches, color</extent><note>On envelope: ''#1065 Lillian and Sam Marchick  Sam and Ben Marchick.''</note><form>Photographic prints</form></physicalDescription><abstract>Descriptive plaque that was mounted on the exterior of the Trivoli building in Cheyenne, Wyoming. The plaque tells the history of the Trivoli Building.</abstract><note>Title supplied by archivist.</note><note type="admin">ph1065</note><subject><name><namePart>Marchick Store</namePart></name></subject><subject><topic>Stores, Retail</topic></subject><subject><topic>Jewish businesspeople</topic></subject><subject><genre>Photographs</genre></subject><subject><geographic>Cheyenne</geographic></subject><subject><geographic>Wyoming</geographic></subject><relatedItem><titleInfo><title>Beck Archives Photograph Collection, Businesses</title></titleInfo></relatedItem><identifier type="local">B063.01.0009.00083</identifier><location><url usage="primary display">http://hdl.handle.net/10176/codu:60011</url></location><accessCondition type="useAndReproduction">Copyright restrictions may apply. User is responsible for all copyright compliance.</accessCondition></mods>