<mods xmlns="http://www.loc.gov/mods/v3" xmlns:mods="http://www.loc.gov/mods/v3" xmlns:xlink="http://www.w3.org/1999/xlink" xmlns:xsi="http://www.w3.org/2001/XMLSchema-instance"><titleInfo><title>Children in Front of the Jewish Sheltering Home in Denver</title></titleInfo><name type="personal"><role><roleTerm authority="marcrelator" type="text">creator</roleTerm></role></name><typeOfResource>still image</typeOfResource><originInfo><publisher>University of Denver</publisher><place><placeTerm type="text">Denver, Colorado</placeTerm></place><dateCreated keyDate="yes">circa 1907</dateCreated></originInfo><language></language><physicalDescription><extent>1 item (photograph), 8 x 11 inches, black and white</extent><form>Photocopies</form></physicalDescription><abstract>A group of children gather in front of the original Denver Sheltering Home at 19th Street and Julian Street in Denver, Colorado. A man and the matron stand on either side of the children. The Sheltering Home began as a home for the children of tuberculosis patients who came to the sanatoriums in Denver. The Denver Sheltering Home later became the National Asthma Center. The original building was destroyed by fire in 1914. The 36 children living in the home at the time were taken in by neighborhood families until a new building could be erected.</abstract><note>Title supplied by archivist.</note><note type="admin">Donated by AMC Cancer Research Center (JCRS).</note><subject><name><namePart>Denver Sheltering Home for Jewish Children</namePart></name></subject><subject><topic>Jewish children</topic></subject><subject><topic>Jews</topic></subject><subject><topic>Group homes for children</topic></subject><subject><topic>Boys</topic></subject><subject><topic>Girls</topic></subject><subject><topic>Children</topic></subject><subject><genre>Photographs</genre></subject><subject><genre>Group portraits</genre></subject><subject><geographic>Colorado</geographic></subject><subject><geographic>Denver (Colo.)</geographic></subject><relatedItem><titleInfo><title>Beck Archives Photograph Collection, Health Care and Philanthropy</title></titleInfo></relatedItem><identifier type="local">B063.03.0036.00002</identifier><location><url usage="primary display">http://hdl.handle.net/10176/codu:57334</url></location><accessCondition type="useAndReproduction">Copyright restrictions may apply. User is responsible for all copyright compliance.</accessCondition></mods>