<mods xmlns="http://www.loc.gov/mods/v3" xmlns:mods="http://www.loc.gov/mods/v3" xmlns:xlink="http://www.w3.org/1999/xlink" xmlns:xsi="http://www.w3.org/2001/XMLSchema-instance"><titleInfo><title>Rose Platt Hoffman in Group</title></titleInfo><name type="personal"><role><roleTerm authority="marcrelator" type="text">creator</roleTerm></role></name><typeOfResource>still image</typeOfResource><originInfo><publisher>University of Denver</publisher><place><placeTerm type="text">Denver, Colorado</placeTerm></place><dateCreated keyDate="yes">circa 1913</dateCreated></originInfo><language></language><physicalDescription><extent>1 item (photograph), 5 x 7 inches, black and white</extent><note>Handwritten on envelope: "#696 Rose Platt Hoffman, circa 1913." Handwritten on back of photograph: "Rose Platt Hoffman, ca. 1913, Cigar rolling factory, 2nd from left 2nd row (w. glasses), #696."</note><form>Photographic prints</form><digitalOrigin>Reformatted digital</digitalOrigin></physicalDescription><abstract>Rose Platt Hoffman seated in a group of unidentified women on the steps of Zion Baptist Church, located at 20th and Arapahoe in Denver, Colorado. Rose is in the second row, second from left, wearing glasses. The women worked at a cigar rolling factory.</abstract><note>Title supplied by archivist.</note><note type="admin">ph696</note><subject><name><namePart>Hoffman, Rose Platt</namePart></name></subject><subject><name><namePart>Zion Baptist Church</namePart></name></subject><subject><topic>Jews</topic></subject><subject><genre>Photographs</genre></subject><subject><geographic>Denver (Colo.)</geographic></subject><subject><geographic>Colorado</geographic></subject><relatedItem><titleInfo><title>Beck Archives Photograph Collection, Businesses</title></titleInfo></relatedItem><identifier type="local">B063.01.0001.00037</identifier><location><url usage="primary display">http://hdl.handle.net/10176/codu:59473</url></location><accessCondition type="useAndReproduction">Copyright restrictions may apply. User is responsible for all copyright compliance.</accessCondition></mods>