<mods xmlns="http://www.loc.gov/mods/v3" xmlns:mods="http://www.loc.gov/mods/v3" xmlns:xlink="http://www.w3.org/1999/xlink" xmlns:xsi="http://www.w3.org/2001/XMLSchema-instance"><titleInfo><title>Founders of the Denver Sheltering Home for Jewish Children</title></titleInfo><name type="personal"><role><roleTerm authority="marcrelator" type="text">creator</roleTerm></role></name><typeOfResource>still image</typeOfResource><originInfo><publisher>University of Denver</publisher><place><placeTerm type="text">Denver, Colorado</placeTerm></place><dateCreated keyDate="yes">circa 1907</dateCreated></originInfo><language></language><physicalDescription><extent>1 item (notecard), 5 x 7 inches, sepia</extent><note>Handwritten on envelope: ''#1134  Founders of Denver Sheltering Home c 1907  (Fannie Lorber, Bessie Willen, etc.)''. The women are identified on the back of a National Jewish Medical and Research Center note card as, from left to right, Jennie Kantrowitz, Mollie Lifshutz, Bessie Willens, Mary Augenblich, Fannie Lorber, and Mrs. S. Disraelly. [The last woman is misidentified as S. Disraelly and should be Sadie Francis.]</note><form>Postcards</form></physicalDescription><abstract>Promotional note card from National Jewish Medical and Research Center showing the founders of the Denver Sheltering Home for Jewish Children. From left to right are Jennie Kantrowitz, Mollie Lifshutz, Bessie Willens, Mary Augenblich, Fannie Lorber and Sadie Francis. The Denver Sheltering Home for Jewish Children was founded in 1907 to care for children whose parents were victims of tuberculosis. It later evolved into the National Home for Asthmatic Children and eventually merged with National Jewish Hospital. Spearheaded by Fannie Lorber and Bessie Willens and other immigrant East European Jewish women, the home provided a traditional Jewish environment for the children who passed through its doors, as well as a strong secular education.</abstract><note>Title supplied by archivist.</note><note>Appears in ''Images of America: Jewish Denver 1859-1940,'' by Dr. Jeanne Abrams, page 87.</note><note type="admin">Created by National Jewish Hospital as part of their Centennial Celebration.</note><note type="admin">ph1134</note><subject><name><namePart>Willens, Bessie,--1870-1951</namePart></name></subject><subject><name><namePart>Augenblich, Mary,--1878-1914</namePart></name></subject><subject><name><namePart>Lifshutz, Mollie,--1872-1967</namePart></name></subject><subject><name><namePart>Kantrowitz, Jennie,--1886-1967</namePart></name></subject><subject><name><namePart>Lorber, Fannie E.--(Fannie Eller),--1881-1958</namePart></name></subject><subject><name><namePart>Francis, Sadie,--1873-1946</namePart></name></subject><subject><name><namePart>Denver Sheltering Home for Jewish Children</namePart></name></subject><subject><topic>Jewish children</topic></subject><subject><topic>Jews</topic></subject><subject><topic>Medical centers</topic></subject><subject><topic>Group homes for children</topic></subject><subject><topic>Charities</topic></subject><subject><topic>Women</topic></subject><subject><genre>Photographs</genre></subject><subject><genre>Group portraits</genre></subject><subject><geographic>Colorado</geographic></subject><subject><geographic>Denver (Colo.)</geographic></subject><subject><geographic>Colfax Avenue (Denver, Colo.)</geographic></subject><relatedItem><titleInfo><title>Beck Archives Photograph Collection, Health Care and Philanthropy</title></titleInfo></relatedItem><identifier type="local">B063.03.0011.00094</identifier><location><url usage="primary display">http://hdl.handle.net/10176/codu:57290</url></location><accessCondition type="useAndReproduction">Copyright restrictions may apply. User is responsible for all copyright compliance.</accessCondition></mods>