<mods xmlns="http://www.loc.gov/mods/v3" xmlns:mods="http://www.loc.gov/mods/v3" xmlns:xlink="http://www.w3.org/1999/xlink" xmlns:xsi="http://www.w3.org/2001/XMLSchema-instance"><titleInfo><title>University of Denver Alumna A. Helen Anderson</title></titleInfo><typeOfResource>still image</typeOfResource><originInfo><place><placeTerm>Denver, Colorado</placeTerm></place><publisher>University of Denver</publisher><dateCreated keyDate="yes">between 1930-1950</dateCreated></originInfo><language></language><physicalDescription><form>Photographic prints</form><extent>1 item (photograph), 4 x 5 inches, black and white</extent><digitalOrigin>Reformatted digital</digitalOrigin><note>Handwritten on back: ''A. Helen Anderson'' Stamped on back: ''give Credit Line Stoffel Studio''</note></physicalDescription><abstract>B.A., 1914; M.A., 1931</abstract><subject><topic>Education</topic></subject><subject><topic>School integration</topic></subject><subject><topic>Busing for school integration</topic></subject><subject><name><namePart>Anderson, A. Helen, 1891-1975</namePart></name></subject><subject><name><namePart>University of Denver</namePart></name></subject><subject><genre>Portraits</genre></subject><subject><geographic>Denver (Colo.)</geographic></subject><subject><geographic>Colorado</geographic></subject><subject><occupation>Educators</occupation></subject><relatedItem><titleInfo><title>University of Denver Historical Photograph Collection, Photographs, Biographical Files</title></titleInfo></relatedItem><identifier type="current">U201.02.0002.0023.00002</identifier><location><url usage="primary display">http://hdl.handle.net/10176/codu:55689</url></location><accessCondition type="useAndReproduction">Copyright restrictions may apply. User is responsible for all copyright compliance.</accessCondition></mods>