<mods xmlns="http://www.loc.gov/mods/v3" xmlns:mods="http://www.loc.gov/mods/v3" xmlns:xlink="http://www.w3.org/1999/xlink" xmlns:xsi="http://www.w3.org/2001/XMLSchema-instance"><titleInfo><title>Square Dancing, Vol. 36 No. 3 (March, 1984)</title></titleInfo><name type="personal"><role><roleTerm authority="marcrelator" type="text">creator</roleTerm></role></name><name type="personal"><namePart>Bob Osgood</namePart><role><roleTerm authority="marcrelator" type="text">contributor</roleTerm></role></name><name type="corporate"><namePart>Sets in Order, Inc.</namePart><role><roleTerm authority="marcrelator" type="text">creator</roleTerm></role></name><name type="corporate"><role><roleTerm authority="marcrelator" type="text">contributor</roleTerm></role></name><typeOfResource>text</typeOfResource><originInfo><place><placeTerm type="text">Los Angeles, CA</placeTerm></place><publisher>Sets in Order, Inc.</publisher><dateCreated keyDate="yes">03/1984</dateCreated><copyrightDate>1984</copyrightDate></originInfo><language><languageTerm type="text">English</languageTerm></language><physicalDescription><extent>128 pages</extent><digitalOrigin>reformatted digital</digitalOrigin></physicalDescription><abstract>The California Magazine of Western Square and Round Dancing by the Square Dancers of Southern California. This edition includes a table of contents which lists the following: "Vox Saltatoris: The Square Dancer Speaks Up", "M.B.E. for Dr. Ivor Burge", "Callers Schools '84", "S/D Goes to the Opera", "From the Local Press", "Clogging Terminology", "Many Faces of Square Dancing", "The Wheeling Eights", "Let's Plan A TV Show", "Books", "Spotlight A Label: El Dorado Gold" and "33rd National Convention." This edition also includes the regular features entitled "From the Floor" (letters to the editor), "As I See It", "Ladies on the Square", "On The Record", "Take A Good Look", "The Dancers Walkthru", "Roundancer Module", "Paging the Round Dancers", "The Callers Notebook", "Mostly Modular", "Advanced Dancing", "Contra Corner", "Style Lab", "Round the World of Square Dancing", "Workshop", "Caller of the Month", "Current Releases" and "Square Dance Date Book."</abstract><subject><topic>Square Dancing</topic></subject><subject><genre>Periodicals</genre></subject><relatedItem><titleInfo><title>Sets In Order</title></titleInfo></relatedItem><location><url usage="primary display">http://hdl.handle.net/10176/codu:59517</url></location><accessCondition type="useAndReproduction">Copyright restrictions may apply. User is responsible for all copyright compliance.</accessCondition></mods>