<mods xmlns="http://www.loc.gov/mods/v3" xmlns:mods="http://www.loc.gov/mods/v3" xmlns:xlink="http://www.w3.org/1999/xlink" xmlns:xsi="http://www.w3.org/2001/XMLSchema-instance"><titleInfo><title>Sets in Order, Vol. 14 No. 10 (October, 1962)</title></titleInfo><name type="personal"><namePart>Bob Osgood</namePart><role><roleTerm authority="marcrelator" type="text">creator</roleTerm></role></name><name type="personal"><role><roleTerm authority="marcrelator" type="text">contributor</roleTerm></role></name><name type="corporate"><namePart>Sets in Order, Inc.</namePart><role><roleTerm authority="marcrelator" type="text">creator</roleTerm></role></name><name type="corporate"><role><roleTerm authority="marcrelator" type="text">contributor</roleTerm></role></name><typeOfResource>text</typeOfResource><originInfo><place><placeTerm type="text">Los Angeles, CA</placeTerm></place><publisher>Sets in Order, Inc.</publisher><dateCreated keyDate="yes">10/1962</dateCreated><copyrightDate>1962</copyrightDate></originInfo><language><languageTerm type="text">English</languageTerm></language><physicalDescription><extent>72 pages</extent><digitalOrigin>reformatted digital</digitalOrigin></physicalDescription><abstract>The California Magazine of Western Square and Round Dancing by the Square Dancers of Southern California. This edition includes a table of contents which lists the following: "Square Dance Date Book", "On the Record and Record Report", "From the Floor", "As I See It", "Square Dancing in Industry", "The Dancer's Walkthru", "Charm As It Applies to Square Dancing", "Americana: This Little Old Sod Shanty", "Style Series: Variations For All Four", "Personal Portrait: Harriette Blohm", "'Round the Outside Ring", "Workshop", "The Caller of the Month: Ed Epperson", "A Look at Round Dancing", "Paging the Roundancers: Gene and Ima Baylis", and "Experimental Lab - Hoop De Doo".</abstract><subject><topic>Square Dancing</topic></subject><subject><genre>Periodicals</genre></subject><relatedItem><titleInfo><title>Square Dancing</title></titleInfo></relatedItem><location><url usage="primary display">http://hdl.handle.net/10176/codu:63791</url></location><accessCondition type="useAndReproduction">Copyright restrictions may apply. User is responsible for all copyright compliance.</accessCondition></mods>