<mods xmlns="http://www.loc.gov/mods/v3" xmlns:mods="http://www.loc.gov/mods/v3" xmlns:xlink="http://www.w3.org/1999/xlink" xmlns:xsi="http://www.w3.org/2001/XMLSchema-instance"><titleInfo><title>Sets in Order, Vol. 14 No. 3 (March, 1962)</title></titleInfo><name type="personal"><role><roleTerm authority="marcrelator" type="text">creator</roleTerm></role></name><name type="personal"><namePart>Bob Osgood</namePart><role><roleTerm authority="marcrelator" type="text">contributor</roleTerm></role></name><name type="corporate"><namePart>Sets in Order, Inc.</namePart><role><roleTerm authority="marcrelator" type="text">creator</roleTerm></role></name><name type="corporate"><role><roleTerm authority="marcrelator" type="text">contributor</roleTerm></role></name><typeOfResource>text</typeOfResource><originInfo><place><placeTerm type="text">Los Angeles, CA</placeTerm></place><publisher>Sets in Order, Inc.</publisher><dateCreated keyDate="yes">03/1962</dateCreated><copyrightDate>1962</copyrightDate></originInfo><language><languageTerm type="text">English</languageTerm></language><physicalDescription><extent>72 pages</extent><digitalOrigin>reformatted digital</digitalOrigin></physicalDescription><abstract>The California Magazine of Western Square and Round Dancing by the Square Dancers of Southern California. This edition includes a table of contents which lists the following: "Square Dance Date Book", "From the Floor", "As I See It, by Bob Osgood", "Area Square Dance Publications", "The Dancer's Walkthru", "Vox Saltator: The Square Dancer Speaks Up", "Style Series: Some Turnabouts", "Ladies on the Square: Packing up for Square Dance Gentlemen", "Pat and Jill McQuaid Come to America", "Square Dancers' Trailers to Alaska", "The Edith Murphy Story", "Americana: The Kinkaiders by Terry Golden", "'Round the Outside Ring", "Workshop", "The Caller of the Month: Johnny Davis", "Paging the Roundancers: Pete and Ann Peterman", "On the Record and Record Report", and "Experimental Lab: Chain Thru".</abstract><subject><topic>Square Dancing</topic></subject><subject><genre>Periodicals</genre></subject><relatedItem><titleInfo><title>Square Dancing</title></titleInfo></relatedItem><location><url usage="primary display">http://hdl.handle.net/10176/codu:60681</url></location><accessCondition type="useAndReproduction">Copyright restrictions may apply. User is responsible for all copyright compliance.</accessCondition></mods>