<mods xmlns="http://www.loc.gov/mods/v3" xmlns:mods="http://www.loc.gov/mods/v3" xmlns:xlink="http://www.w3.org/1999/xlink" xmlns:xsi="http://www.w3.org/2001/XMLSchema-instance"><titleInfo><title>Square Dancing, Vol. 25 No. 2 (February, 1973)</title></titleInfo><name type="personal"><namePart>Bob Osgood</namePart><role><roleTerm authority="marcrelator" type="text">creator</roleTerm></role></name><name type="personal"><role><roleTerm authority="marcrelator" type="text">contributor</roleTerm></role></name><name type="corporate"><namePart>Sets in Order, Inc.</namePart><role><roleTerm authority="marcrelator" type="text">creator</roleTerm></role></name><name type="corporate"><role><roleTerm authority="marcrelator" type="text">contributor</roleTerm></role></name><typeOfResource>text</typeOfResource><originInfo><place><placeTerm type="text">Los Angeles, CA</placeTerm></place><publisher>Sets in Order, Inc.</publisher><dateCreated keyDate="yes">02/1973</dateCreated><copyrightDate>1973</copyrightDate></originInfo><language><languageTerm type="text">English</languageTerm></language><physicalDescription><extent>96 pages</extent><digitalOrigin>reformatted digital</digitalOrigin></physicalDescription><abstract>The California Magazine of Western Square "and Round Dancing by the Square Dancers of Southern California. This edition includes a table of contents which lists the following: "Hot Line", "ASDW Bulletin", "A History of Square Dancing", "Vox Saltator", "Youth on the Square", "Smoother Dancing Poster", "Take a Good Look - Walk and Dodge", "Roundance Module", "Paging the Round Dancers: Charlie and Marge Carter", "The Dancers Walkthru", "Square Dance Diary", "Callers Text - Chapter Twenty-Three", "Ladies on the Square", "Style Lab - Sashay Thru", "National Square Dance Convention", "Round the World of Square Dancing", "Callers/Teachers Workshop", "1973 Square Dancers Guide", "Caller of the Month: Jim Robertson", "On the Record: Reviews", and "Square Dance Date Book".</abstract><subject><topic>Square Dancing</topic></subject><subject><genre>Periodicals</genre></subject><relatedItem><titleInfo><title>Sets in Order</title></titleInfo></relatedItem><location><url usage="primary display">http://hdl.handle.net/10176/codu:63786</url></location><accessCondition type="useAndReproduction">Copyright restrictions may apply. User is responsible for all copyright compliance.</accessCondition></mods>