<mods xmlns="http://www.loc.gov/mods/v3" xmlns:mods="http://www.loc.gov/mods/v3" xmlns:xlink="http://www.w3.org/1999/xlink" xmlns:xsi="http://www.w3.org/2001/XMLSchema-instance"><titleInfo><title>Sets in Order, Vol. 9 No. 10 (October, 1957)</title></titleInfo><name type="personal"><role><roleTerm authority="marcrelator" type="text">creator</roleTerm></role></name><name type="personal"><namePart>Bob Osgood</namePart><role><roleTerm authority="marcrelator" type="text">contributor</roleTerm></role></name><name type="corporate"><namePart>Sets in Order, Inc.</namePart><role><roleTerm authority="marcrelator" type="text">creator</roleTerm></role></name><name type="corporate"><role><roleTerm authority="marcrelator" type="text">contributor</roleTerm></role></name><typeOfResource>text</typeOfResource><originInfo><place><placeTerm type="text">Los Angeles, CA</placeTerm></place><publisher>Sets in Order, Inc.</publisher><dateCreated keyDate="yes">10/1957</dateCreated><copyrightDate>1957</copyrightDate></originInfo><language><languageTerm type="text">English</languageTerm></language><physicalDescription><extent>52 pages</extent><digitalOrigin>reformatted digital</digitalOrigin></physicalDescription><abstract>The California Magazine of Western Square and Round Dancing by the Square Dancers of Southern California. This edition includes a table of contents which lists the following: SQUARE DANCES "Chicken Plucker", "Sweet Jennie Lee", and "Wheeling Thar". ROUND DANCES "Why Ask For The Moon" and "Muskrot Ramble". SPECIAL FEATURES "On Using Records Circa 1957", "The Scare Dance", "Tired? What Are You Tired Of?", "Beginner's Outline, Part II", "What's Cooking At the Record Market?", "How to Teach Square Dancing", and "History Themes Memphis Fashion Show". This edition also includes the the regular features entitled "From the Floor", "As I See It", "Chuck Jones' Notebook", "Style Series: Square Thru", "Paging the Roundancers (Ross and Penny Crispino)", "Square of the Month (Buzz Brown)", "Round the Outside Ring", and "Calendar of Square Dancing Events".</abstract><subject><topic>Square Dancing</topic></subject><subject><genre>Periodicals</genre></subject><relatedItem><titleInfo><title>Square Dancing</title></titleInfo></relatedItem><location><url usage="primary display">http://hdl.handle.net/10176/codu:60606</url></location><accessCondition type="useAndReproduction">Copyright restrictions may apply. User is responsible for all copyright compliance.</accessCondition></mods>