<mods xmlns="http://www.loc.gov/mods/v3" xmlns:mods="http://www.loc.gov/mods/v3" xmlns:xlink="http://www.w3.org/1999/xlink" xmlns:xsi="http://www.w3.org/2001/XMLSchema-instance"><titleInfo><title>Sets in Order, Vol. 11 No. 11 (November, 1959)</title></titleInfo><name type="personal"><namePart>Bob Osgood</namePart><role><roleTerm authority="marcrelator" type="text">creator</roleTerm></role></name><name type="personal"><role><roleTerm authority="marcrelator" type="text">contributor</roleTerm></role></name><name type="corporate"><namePart>Sets in Order, Inc.</namePart><role><roleTerm authority="marcrelator" type="text">creator</roleTerm></role></name><name type="corporate"><role><roleTerm authority="marcrelator" type="text">contributor</roleTerm></role></name><typeOfResource>text</typeOfResource><originInfo><place><placeTerm type="text">Los Angeles, CA</placeTerm></place><publisher>Sets in Order, Inc.</publisher><dateCreated keyDate="yes">11/1959</dateCreated><copyrightDate>1959</copyrightDate></originInfo><language><languageTerm type="text">English</languageTerm></language><physicalDescription><extent>66 pages</extent><digitalOrigin>reformatted digital</digitalOrigin></physicalDescription><abstract>The California Magazine of Western Square and Round Dancing by the Square Dancers of Southern California. This edition includes a table of contents which lists the following: SPECIAL FEATURES "The Preliminary Language of Square Dancing", "What is "High Level?"". "What's On Your Mind?", and "Springfield Mountain, or The Pesky Sarpint".  This edition also includes the the regular features entitled "Square Dance Date Book", "From the Floor", "As I See It", "What Are They Wearing?", "Ladies on the Square: Tricks 'n' Trims", "Style Series: Visualizing a Dance", "Chuck Jones' Note Book", "The Square Dance Picture", "Round the Outside Ring", "Caller of the Month: George Watts", "Paging the Roundancers: Fred and Georgie Bunker", and "On the Record".</abstract><subject><topic>Square Dancing</topic></subject><subject><genre>Periodicals</genre></subject><relatedItem><titleInfo><title>Square Dancing</title></titleInfo></relatedItem><location><url usage="primary display">http://hdl.handle.net/10176/codu:59759</url></location><accessCondition type="useAndReproduction">Copyright restrictions may apply. User is responsible for all copyright compliance.</accessCondition></mods>