<mods xmlns="http://www.loc.gov/mods/v3" xmlns:mods="http://www.loc.gov/mods/v3" xmlns:xlink="http://www.w3.org/1999/xlink" xmlns:xsi="http://www.w3.org/2001/XMLSchema-instance"><titleInfo><title>Sets in Order, Vol. 13 No. 12 (December, 1961)</title></titleInfo><name type="personal"><namePart>Bob Osgood</namePart><role><roleTerm authority="marcrelator" type="text">creator</roleTerm></role></name><name type="personal"><role><roleTerm authority="marcrelator" type="text">contributor</roleTerm></role></name><name type="corporate"><namePart>Sets in Order, Inc.</namePart><role><roleTerm authority="marcrelator" type="text">creator</roleTerm></role></name><name type="corporate"><role><roleTerm authority="marcrelator" type="text">contributor</roleTerm></role></name><typeOfResource>text</typeOfResource><originInfo><place><placeTerm type="text">Los Angeles, CA</placeTerm></place><publisher>Sets in Order, Inc.</publisher><dateCreated keyDate="yes">12/1961</dateCreated><copyrightDate>1961</copyrightDate></originInfo><language><languageTerm type="text">English</languageTerm></language><physicalDescription><extent>72 pages</extent><digitalOrigin>reformatted digital</digitalOrigin></physicalDescription><abstract>The California Magazine of Western Square and Round Dancing by the Square Dancers of Southern California. This edition includes a table of contents which lists the following: "Square Dance Date Book", "From the Floor", "As I See It", "Clothes Help Make the Square Dancer", "The Dancer's Walkthru", "Ladies on the Square: Christmas Notions for Thread and Needle", "Style Series: Variations on the Grand Square", "Americana: Hoosen Johnny", "'Round the Outside Ring", "Workshop", "Experimental Lab: Time to Evaluate", "Caller of the Month: Roy Cope", "Paging the Roundancers: Lionel and Celeste Lapuyade", and "On the Record and Record Report".</abstract><subject><topic>Square Dancing</topic></subject><subject><genre>Periodicals</genre></subject><relatedItem><titleInfo><title>Square Dancing</title></titleInfo></relatedItem><location><url usage="primary display">http://hdl.handle.net/10176/codu:59813</url></location><accessCondition type="useAndReproduction">Copyright restrictions may apply. User is responsible for all copyright compliance.</accessCondition></mods>