<mods xmlns="http://www.loc.gov/mods/v3" xmlns:mods="http://www.loc.gov/mods/v3" xmlns:xlink="http://www.w3.org/1999/xlink" xmlns:xsi="http://www.w3.org/2001/XMLSchema-instance"><titleInfo><title>Sets in Order, Vol. 10 No. 9 (September, 1958)</title></titleInfo><name type="personal"><namePart>Bob Osgood</namePart><role><roleTerm authority="marcrelator" type="text">creator</roleTerm></role></name><name type="personal"><role><roleTerm authority="marcrelator" type="text">contributor</roleTerm></role></name><name type="corporate"><namePart>Sets in Order, Inc.</namePart><role><roleTerm authority="marcrelator" type="text">creator</roleTerm></role></name><name type="corporate"><role><roleTerm authority="marcrelator" type="text">contributor</roleTerm></role></name><typeOfResource>text</typeOfResource><originInfo><place><placeTerm type="text">Los Angeles, CA</placeTerm></place><publisher>Sets in Order, Inc.</publisher><dateCreated keyDate="yes">09/1958</dateCreated><copyrightDate>1958</copyrightDate></originInfo><language><languageTerm type="text">English</languageTerm></language><physicalDescription><extent>52 pages</extent><digitalOrigin>reformatted digital</digitalOrigin></physicalDescription><abstract>The California Magazine of Western Square and Round Dancing by the Square Dancers of Southern California. This edition includes a table of contents which lists the following: SQUARE DANCES "I'll Always Thank You for the Sunshine", "Time Payment", "Kool", and "Wheelbarrow Square".  ROUND DANCES "Cinderella Waltz", and "You Can't Get Lovin'".  SPECIAL FEATURES "Let's View the Future", ""Denver is Fine in '59"", "The Program of the Century", "What Made A Club Tick?", "At the Brussels World's Fair", "Square Dancing Dateline Europe", "Caller Round-Up", and "Three Firsts for MacDill".  This edition also includes the the regular features entitled "Square Dance Date Book", "From the Floor", "As I See It", "Chuck Jones' Note Book", "Style Series: Band the Line", "Style Series: Having To Do With Body Mechanism and the Basic Two-Step", "Square of the Month: Lynn Woodward", "Square Dance Picture", "Ladies on the Square: The Men Have Their Innings", "Round the Outside Ring", "On the Record", and "Paging the Roundancers: Joe and Es Turner".</abstract><subject><topic>Square Dancing</topic></subject><subject><genre>Periodicals</genre></subject><relatedItem><titleInfo><title>Square Dancing</title></titleInfo></relatedItem><location><url usage="primary display">http://hdl.handle.net/10176/codu:59712</url></location><accessCondition type="useAndReproduction">Copyright restrictions may apply. User is responsible for all copyright compliance.</accessCondition></mods>