<mods xmlns="http://www.loc.gov/mods/v3" xmlns:mods="http://www.loc.gov/mods/v3" xmlns:xlink="http://www.w3.org/1999/xlink" xmlns:xsi="http://www.w3.org/2001/XMLSchema-instance"><titleInfo><title>Sets in Order, Vol. 15 No. 3 (March, 1963)</title></titleInfo><name type="personal"><role><roleTerm authority="marcrelator" type="text">creator</roleTerm></role></name><name type="personal"><namePart>Bob Osgood</namePart><role><roleTerm authority="marcrelator" type="text">contributor</roleTerm></role></name><name type="corporate"><role><roleTerm authority="marcrelator" type="text">creator</roleTerm></role></name><name type="corporate"><namePart>Sets in Order, Inc.</namePart><role><roleTerm authority="marcrelator" type="text">contributor</roleTerm></role></name><typeOfResource>text</typeOfResource><originInfo><place><placeTerm type="text">Los Angeles, CA</placeTerm></place><publisher>Sets in Order, Inc.</publisher><dateCreated keyDate="yes">03/1963</dateCreated><copyrightDate>1963</copyrightDate></originInfo><language><languageTerm type="text">English</languageTerm></language><physicalDescription><extent>72 pages</extent><digitalOrigin>reformatted digital</digitalOrigin></physicalDescription><abstract>The California Magazine of Western Square and Round Dancing by the Square Dancers of Southern California. This edition includes the articles entitled "From the Floor", "Square Dance Date Book", "On the Record and Record Report", "As I See It", "Let's Look at Square Dancing", "Overseas Dateline", "The Dancers' Walkthru", "Building Blocks for Callers", "A Caller Speaks Out", "Americana: Oh How He Lied", "Style Series: The Art of Adapting and Adjusting", "Ladies on the Square: "Do It Yourself" Sewing Sessions", "'Round the Outside Ring", "Workshop", "12th Annual National Square Dance Convention", "The Caller of the Month: Dick Leger", "Paging the Roundancers: Lloyd and Ruby Bellamy", "Current Best Sellers: Record Sales Survey", and "Experimental Lab - Clover Leaf".</abstract><subject><topic>Square Dancing</topic></subject><subject><genre>Periodicals</genre></subject><relatedItem><titleInfo><title>Square Dancing</title></titleInfo></relatedItem><location><url usage="primary display">http://hdl.handle.net/10176/codu:64158</url></location><accessCondition type="useAndReproduction">Copyright restrictions may apply. User is responsible for all copyright compliance.</accessCondition></mods>