<mods xmlns="http://www.loc.gov/mods/v3" xmlns:mods="http://www.loc.gov/mods/v3" xmlns:xlink="http://www.w3.org/1999/xlink" xmlns:xsi="http://www.w3.org/2001/XMLSchema-instance"><titleInfo><title>Sets in Order, Vol. 10 No. 7 (July, 1958)</title></titleInfo><name type="personal"><namePart>Bob Osgood</namePart><role><roleTerm authority="marcrelator" type="text">creator</roleTerm></role></name><name type="personal"><role><roleTerm authority="marcrelator" type="text">contributor</roleTerm></role></name><name type="corporate"><namePart>Sets in Order, Inc.</namePart><role><roleTerm authority="marcrelator" type="text">creator</roleTerm></role></name><name type="corporate"><role><roleTerm authority="marcrelator" type="text">contributor</roleTerm></role></name><typeOfResource>text</typeOfResource><originInfo><place><placeTerm type="text">Los Angeles, CA</placeTerm></place><publisher>Sets in Order, Inc.</publisher><dateCreated keyDate="yes">07/1958</dateCreated><copyrightDate>1958</copyrightDate></originInfo><language><languageTerm type="text">English</languageTerm></language><physicalDescription><extent>48 pages</extent><digitalOrigin>reformatted digital</digitalOrigin></physicalDescription><abstract>The California Magazine of Western Square and Round Dancing by the Square Dancers of Southern California. This edition includes a table of contents which lists the following: SQUARE DANCES "Bless Your Pea Pickin' Heart", "Space Boots", "I Feel Better", and "Utah Traveler".  ROUND DANCES "Bubbles in Wine", and "Fancy Pants".  SPECIAL FEATURES "The Use of Mixers in Today's Square Dancing", "Employer-Employee Square Dance Relations", "Sunny Hills Celebrates", ""The Squares Went Over the Mountain"", "The British Scene", and "Central Pennsylvania Goes Western".  This edition also includes the the regular features entitled "As I See Itt", "From the Floor", "Square Dance Picture", "Round the Outside Ring", "Chuck Jones Note Book", "Square of the Month: Tommy Thomas", "Paging the Roundancers: Forrest and Kay Richards", "Style Series: Wash the Clothes", and "Calendar of Square Dancing Events".</abstract><subject><topic>Square Dancing</topic></subject><subject><genre>Periodicals</genre></subject><relatedItem><titleInfo><title>Square Dancing</title></titleInfo></relatedItem><location><url usage="primary display">http://hdl.handle.net/10176/codu:59710</url></location><accessCondition type="useAndReproduction">Copyright restrictions may apply. User is responsible for all copyright compliance.</accessCondition></mods>