<mods xmlns="http://www.loc.gov/mods/v3" xmlns:mods="http://www.loc.gov/mods/v3" xmlns:xlink="http://www.w3.org/1999/xlink" xmlns:xsi="http://www.w3.org/2001/XMLSchema-instance"><titleInfo><title>Square Dancing, Vol. 33 No. 11 (November, 1981)</title></titleInfo><name type="personal"><namePart>Bob Osgood</namePart><role><roleTerm authority="marcrelator" type="text">creator</roleTerm></role></name><name type="personal"><role><roleTerm authority="marcrelator" type="text">contributor</roleTerm></role></name><name type="corporate"><namePart>Sets in Order, Inc.</namePart><role><roleTerm authority="marcrelator" type="text">creator</roleTerm></role></name><name type="corporate"><role><roleTerm authority="marcrelator" type="text">contributor</roleTerm></role></name><typeOfResource>text</typeOfResource><originInfo><place><placeTerm type="text">Los Angeles, CA</placeTerm></place><publisher>Sets in Order, Inc.</publisher><dateCreated keyDate="yes">11/1981</dateCreated><copyrightDate>1981</copyrightDate></originInfo><language><languageTerm type="text">English</languageTerm></language><physicalDescription><extent>116 pages</extent><digitalOrigin>reformatted digital</digitalOrigin></physicalDescription><abstract>The California Magazine of Western Square and Round Dancing by the Square Dancers of Southern California. This edition includes a table of contents which lists the following: "The Ideal Square Dancer", "Discovery", "Style Lab: Grand Sweep", "Square Dancing in Turkey", "Hall of Fame: Bob Ruff", "Advancing Dancing", "1982 Premium Records", "Fashion Feature", "Ladies On The Square", "Square Dancing in Sweden", "Meet the Goodmans", "Recognition", "Meet the Advertisers", "Take A Good Look", "The Dancers Walkthru", "Open Sesame", "Roundancer Module", "Paging the Round Dancers: Ted & Barbara May", "Callers Notebook", "Traditional Treasury", "Contra Corner", "National Convention", "Round the World", "Experimental Notes", "Workshop Feature Caller: Eddie Mayall", "Ammunition", "From the Floor", "Caller of the Month: Hayes Herschler", "On the Record", "Current Releases", and "Date Book".</abstract><subject><topic>Square Dancing</topic></subject><subject><genre>Periodicals</genre></subject><relatedItem><titleInfo><title>Sets in Order</title></titleInfo></relatedItem><location><url usage="primary display">http://hdl.handle.net/10176/codu:63683</url></location><accessCondition type="useAndReproduction">Copyright restrictions may apply. User is responsible for all copyright compliance.</accessCondition></mods>