<mods xmlns="http://www.loc.gov/mods/v3" xmlns:mods="http://www.loc.gov/mods/v3" xmlns:xlink="http://www.w3.org/1999/xlink" xmlns:xsi="http://www.w3.org/2001/XMLSchema-instance"><titleInfo><title>Sets in Order, Vol. 15 No. 5 (May, 1963)</title></titleInfo><name type="personal"><role><roleTerm authority="marcrelator" type="text">creator</roleTerm></role></name><name type="personal"><namePart>Bob Osgood</namePart><role><roleTerm authority="marcrelator" type="text">contributor</roleTerm></role></name><name type="corporate"><namePart>Sets in Order, Inc.</namePart><role><roleTerm authority="marcrelator" type="text">creator</roleTerm></role></name><name type="corporate"><role><roleTerm authority="marcrelator" type="text">contributor</roleTerm></role></name><typeOfResource>text</typeOfResource><originInfo><place><placeTerm type="text">Los Angeles, CA</placeTerm></place><publisher>Sets in Order, Inc.</publisher><dateCreated keyDate="yes">05/1963</dateCreated><copyrightDate>1963</copyrightDate></originInfo><language><languageTerm type="text">English</languageTerm></language><physicalDescription><extent>72 pages</extent><digitalOrigin>reformatted digital</digitalOrigin></physicalDescription><abstract>The California Magazine of Western Square and Round Dancing by the Square Dancers of Southern California. This edition includes a table of contents which lists the following: "Finish the Floor", "Square Dance Date Book", "On the Record and Record Report", "As I See It, by Bob Osgood", "My Ideal Square Dance Partner, by the Ladies Who Square Dance", "Homes for Square Dancing", "The Dancer's Walkthru", "Overseas Dateline", "'Quick-Freeze' Your Dancers, by Roland T. Onffroy, Boise, Idaho", "12th Annual National Square Dance Convention", "Americana: The Big Tornado, by Terry Golden, Colorado Springs, Colo.", "Ladies on the Square: Cooking For a Crowd", "Style Series: Centers in (out) and Coast Off", "Under-Teach or Over-Teach by Jim Schanbel, Alexandria, Va.", "Round the Outside Ring", "Workshop", "The Caller of the Month: Russ Ard", "Paging the Roundancers: ed and Kay Mack", "Current Best Sellers: Record Sales Survey", and "Experimental Lab-Swing Thru".</abstract><subject><topic>Square Dancing</topic></subject><subject><genre>Periodicals</genre></subject><relatedItem><titleInfo><title>Square Dancing</title></titleInfo></relatedItem><location><url usage="primary display">http://hdl.handle.net/10176/codu:60678</url></location><accessCondition type="useAndReproduction">Copyright restrictions may apply. User is responsible for all copyright compliance.</accessCondition></mods>