<mods xmlns="http://www.loc.gov/mods/v3" xmlns:mods="http://www.loc.gov/mods/v3" xmlns:xlink="http://www.w3.org/1999/xlink" xmlns:xsi="http://www.w3.org/2001/XMLSchema-instance"><titleInfo><title>Sets in Order, Vol. 18 No. 2 (February, 1966)</title></titleInfo><name type="personal"><role><roleTerm authority="marcrelator" type="text">creator</roleTerm></role></name><name type="personal"><namePart>Bob Osgood</namePart><role><roleTerm authority="marcrelator" type="text">contributor</roleTerm></role></name><name type="corporate"><namePart>Sets in Order, Inc.</namePart><role><roleTerm authority="marcrelator" type="text">creator</roleTerm></role></name><name type="corporate"><role><roleTerm authority="marcrelator" type="text">contributor</roleTerm></role></name><typeOfResource>text</typeOfResource><originInfo><place><placeTerm type="text">Los Angeles, CA</placeTerm></place><publisher>Sets in Order, Inc.</publisher><dateCreated keyDate="yes">02/1966</dateCreated><copyrightDate>1966</copyrightDate></originInfo><language><languageTerm type="text">English</languageTerm></language><physicalDescription><extent>96 pages</extent><digitalOrigin>reformatted digital</digitalOrigin></physicalDescription><abstract>The California Magazine of Western Square and Round Dancing by the Square Dancers of Southern California. This edition includes a table of contents which lists the following: "From the Floor", "Square Dance Date Book", "As I See It, by Bob Osgood", "Fashion Show Idea", "Overseas Dateline", "The Dancer's Walkthru", "Keokuk Follow-Up", The Battle of the Square Dance", "National Convention News", "Discovery-New Square Dancers", "Style Series: Venus & Mars", "Herbert Lanks of Jenkintown, Pa.", "Round the Outside Ring", "Workshop", "Square Dancers' Guide", "On the Record", "Caller of the Month: Walt Swann", "Experimental: Chain Star Through" and "Roundancers: Tommy & Geneve Thomas".</abstract><subject><topic>Square Dancing</topic></subject><subject><genre>Periodicals</genre></subject><relatedItem><titleInfo><title>Square Dancing</title></titleInfo></relatedItem><location><url usage="primary display">http://hdl.handle.net/10176/codu:60610</url></location><accessCondition type="useAndReproduction">Copyright restrictions may apply. User is responsible for all copyright compliance.</accessCondition></mods>