<mods xmlns="http://www.loc.gov/mods/v3" xmlns:mods="http://www.loc.gov/mods/v3" xmlns:xlink="http://www.w3.org/1999/xlink" xmlns:xsi="http://www.w3.org/2001/XMLSchema-instance"><titleInfo><title>Square Dancing, Vol. 37 No. 6 (June, 1985)</title></titleInfo><name type="personal"><role><roleTerm authority="marcrelator" type="text">creator</roleTerm></role></name><name type="personal"><namePart>Bob Osgood</namePart><role><roleTerm authority="marcrelator" type="text">contributor</roleTerm></role></name><name type="corporate"><namePart>Sets in Order, Inc.</namePart><role><roleTerm authority="marcrelator" type="text">creator</roleTerm></role></name><name type="corporate"><role><roleTerm authority="marcrelator" type="text">contributor</roleTerm></role></name><typeOfResource>text</typeOfResource><originInfo><place><placeTerm type="text">Los Angeles, CA</placeTerm></place><publisher>Sets in Order, Inc.</publisher><dateCreated keyDate="yes">06/1985</dateCreated><copyrightDate>1985</copyrightDate></originInfo><language><languageTerm type="text">English</languageTerm></language><physicalDescription><extent>160 pages</extent><digitalOrigin>reformatted digital</digitalOrigin></physicalDescription><abstract>The California Magazine of Western Square and Round Dancing by the Square Dancers of Southern California. This edition includes a table of contents which lists the following: "34th National Square Dance Convention", "The Silver Spur", "The Callerlab Convention, 1985", "Updates for CTM", "Publications, 1985", "The Basic/Mainstream Handbook", and "Square Dance Date Book." This edition also includes the regular features entitled "From the Floor" (letters to the editor), "As I See It", "The Changing Scene", "Experimental Notes", "The Dancers Walkthru", "Traditional Treasury", "Roundancer Module", "Paging the Round Dancers", "Take A Good Look", "Advanced Dancing", "Mostly Modular", "Contra Corner", "The Callers Notebook", "Ladies on the Square", "Square Dancing Round the World", "Workshop", "Caller of the Month", "On the Record", and "Current Releases."</abstract><subject><topic>Square Dancing</topic></subject><subject><genre>Periodicals</genre></subject><relatedItem><titleInfo><title>Sets In Order</title></titleInfo></relatedItem><location><url usage="primary display">http://hdl.handle.net/10176/codu:59509</url></location><accessCondition type="useAndReproduction">Copyright restrictions may apply. User is responsible for all copyright compliance.</accessCondition></mods>