<mods xmlns="http://www.loc.gov/mods/v3" xmlns:mods="http://www.loc.gov/mods/v3" xmlns:xlink="http://www.w3.org/1999/xlink" xmlns:xsi="http://www.w3.org/2001/XMLSchema-instance"><titleInfo><title>Sets in Order, Vol. 15 No. 8 (August, 1963)</title></titleInfo><name type="personal"><namePart>Bob Osgood</namePart><role><roleTerm authority="marcrelator" type="text">creator</roleTerm></role></name><name type="personal"><role><roleTerm authority="marcrelator" type="text">contributor</roleTerm></role></name><name type="corporate"><namePart>Sets in Order, Inc.</namePart><role><roleTerm authority="marcrelator" type="text">creator</roleTerm></role></name><name type="corporate"><role><roleTerm authority="marcrelator" type="text">contributor</roleTerm></role></name><typeOfResource>text</typeOfResource><originInfo><place><placeTerm type="text">Los Angeles, CA</placeTerm></place><publisher>Sets in Order, Inc.</publisher><dateCreated keyDate="yes">08/1963</dateCreated><copyrightDate>1963</copyrightDate></originInfo><language><languageTerm type="text">English</languageTerm></language><physicalDescription><extent>64 pages</extent><digitalOrigin>reformatted digital</digitalOrigin></physicalDescription><abstract>The California Magazine of Western Square and Round Dancing by the Square Dancers of Southern California. This edition includes a table of contents which lists the following: "From the Floor", "Square Dance Date Book", "On the Record and Record Report", "Your Own Square Whenever You Desire It", "As I See It", "Leadership Training on the Local Level", "Clubs, the Backbone of Square Dancing", "Ladies on the Square: Pattern Patter", "The Dancer's Walkthru", "Overseas Dateline", "What Records Are They Using?", "Style Series: Some Theory on the Square Thru", "High Flying Square Dance Caller", "'Round the Outside Ring", "Workshop", "The Caller of the Month: Walt Niezabitowski", "Paging the Roundancers: Bill and Elsye Johnson", "Gems from Other Publications", "Current Best Sellers: Record Sales Survey", "Verse in the Square Dance Vein", and "Experimental Lab: Switchback".</abstract><subject><topic>Square Dancing</topic></subject><subject><genre>Periodicals</genre></subject><relatedItem><titleInfo><title>Square Dancing</title></titleInfo></relatedItem><location><url usage="primary display">http://hdl.handle.net/10176/codu:59858</url></location><accessCondition type="useAndReproduction">Copyright restrictions may apply. User is responsible for all copyright compliance.</accessCondition></mods>