<mods xmlns="http://www.loc.gov/mods/v3" xmlns:mods="http://www.loc.gov/mods/v3" xmlns:xlink="http://www.w3.org/1999/xlink" xmlns:xsi="http://www.w3.org/2001/XMLSchema-instance"><titleInfo><title>Sets in Order, Vol. 2 No. 3 (March, 1950)</title></titleInfo><name type="personal"><role><roleTerm authority="marcrelator" type="text">creator</roleTerm></role></name><name type="personal"><namePart>Bob Osgood</namePart><role><roleTerm authority="marcrelator" type="text">contributor</roleTerm></role></name><name type="corporate"><namePart>Sets in Order, Inc.</namePart><role><roleTerm authority="marcrelator" type="text">creator</roleTerm></role></name><name type="corporate"><role><roleTerm authority="marcrelator" type="text">contributor</roleTerm></role></name><typeOfResource>text</typeOfResource><originInfo><place><placeTerm type="text">Los Angeles, CA</placeTerm></place><publisher>Sets in Order, Inc.</publisher><dateCreated keyDate="yes">3/1950</dateCreated><copyrightDate>1950</copyrightDate></originInfo><language><languageTerm type="text">English</languageTerm></language><physicalDescription><extent>41 pages</extent><digitalOrigin>reformatted digital</digitalOrigin></physicalDescription><abstract>The California Magazine of Western Square and Round Dancing by the Square Dancers of Southern California.  This edition includes the articles entitled "Oh - For The Life Of A Caller", "Caller's Wardrobe And Equipment...", "Women Callers: Irene Hanford And Inga Pace,Margie Srout, Elois And Ouida Beth Crum,Virginia Pintarell, Polly Somers, Jeanie Baker, Martha Layne, Carolyn Mitchell, Ruth Caruthers", "Meet Our Guest Caller: RAY SMITH"  This edition also includes the monthly articles entitled "On the Record", "Round the Outside Ring" and "From the Floor" (letters to the editor). The article ""WOT'S NEW?" is a featured article about the competitive world of Square Dancing.  The "Green Sheet Of Local Southern California News" features, "Northern San Diegoans In Full Swing With New Officers And Roundup Plans".</abstract><subject><topic>Square Dancing</topic></subject><subject><genre>Periodicals</genre></subject><relatedItem><titleInfo><title>Square Dancing</title></titleInfo></relatedItem><location><url usage="primary display">http://hdl.handle.net/10176/codu:65243</url></location><accessCondition type="useAndReproduction">Copyright restrictions may apply. User is responsible for all copyright compliance.</accessCondition></mods>