<mods xmlns="http://www.loc.gov/mods/v3" xmlns:mods="http://www.loc.gov/mods/v3" xmlns:xlink="http://www.w3.org/1999/xlink" xmlns:xsi="http://www.w3.org/2001/XMLSchema-instance"><titleInfo><title>Square Dancing, Vol. 17 No. 5 (May, 1965)</title></titleInfo><name type="personal"><namePart>Bob Osgood</namePart><role><roleTerm authority="marcrelator" type="text">creator</roleTerm></role></name><name type="personal"><role><roleTerm authority="marcrelator" type="text">contributor</roleTerm></role></name><name type="corporate"><namePart>Sets in Order, Inc.</namePart><role><roleTerm authority="marcrelator" type="text">creator</roleTerm></role></name><name type="corporate"><role><roleTerm authority="marcrelator" type="text">contributor</roleTerm></role></name><typeOfResource>text</typeOfResource><originInfo><place><placeTerm type="text">Los Angeles, CA</placeTerm></place><dateCreated keyDate="yes">05/1965</dateCreated><copyrightDate>1965</copyrightDate></originInfo><language><languageTerm type="text">English</languageTerm></language><physicalDescription><extent>72 pages</extent><digitalOrigin>reformatted digital</digitalOrigin></physicalDescription><abstract>The California Magazine of Western Square and Round Dancing by the Square Dancers of Southern California. This edition includes a table of contents which lists the following: "From the Floor", "Square Dance Date Book", "On the Record and Record Report", "As I See It", "Summer Squares", "What Square Dancing Means to Me", "The Dancer's Walkthru", "1965 University Leadership Conferences", "Llamador En America Del Sur", "Viewpoint - Some Reactions", "Style Series - A Workshop with Circulate", "14th National Square Dance Convention", "Round the Outside Ring", "Sets in Order Workshop", "Caller of the Month - Harry Baker", "Paging the Roundancers - Bob and Golda Morrison", and "Experimental Lab - Swap Around".</abstract><subject><topic>Square Dancing</topic></subject><subject><genre>Periodicals</genre></subject><relatedItem><titleInfo><title>Sets in Order</title></titleInfo></relatedItem><location><url usage="primary display">http://hdl.handle.net/10176/codu:59970</url></location><accessCondition type="useAndReproduction">Copyright restrictions may apply. User is responsible for all copyright compliance.</accessCondition></mods>