<mods xmlns="http://www.loc.gov/mods/v3" xmlns:mods="http://www.loc.gov/mods/v3" xmlns:xlink="http://www.w3.org/1999/xlink" xmlns:xsi="http://www.w3.org/2001/XMLSchema-instance"><titleInfo><title>Sets in Order, Vol. 10 No. 12 (December, 1958)</title></titleInfo><name type="personal"><namePart>Bob Osgood</namePart><role><roleTerm authority="marcrelator" type="text">creator</roleTerm></role></name><name type="personal"><role><roleTerm authority="marcrelator" type="text">contributor</roleTerm></role></name><name type="corporate"><namePart>Sets in Order, Inc.</namePart><role><roleTerm authority="marcrelator" type="text">creator</roleTerm></role></name><name type="corporate"><role><roleTerm authority="marcrelator" type="text">contributor</roleTerm></role></name><typeOfResource>text</typeOfResource><originInfo><place><placeTerm type="text">Los Angeles, CA</placeTerm></place><publisher>Sets in Order, Inc.</publisher><dateCreated keyDate="yes">12/1958</dateCreated><copyrightDate>1958</copyrightDate></originInfo><language><languageTerm type="text">English</languageTerm></language><physicalDescription><extent>66 pages</extent><digitalOrigin>reformatted digital</digitalOrigin></physicalDescription><abstract>The California Magazine of Western Square and Round Dancing by the Square Dancers of Southern California. This edition includes a table of contents which lists the following: SPECIAL FEATURES "Christmas in Square Dance Land", "The Ladies' Responsibilities Toward Square Dancing", "The Admiral Wore a Skirt", "Homes for Square Dancing", "Square Dance Associations: The Caller's Association", "Squares Good the the Finnish - Arctic Report", "Designing a Pageant for the National Convention", "The "Cram and Drift" Teaching Method", and "Are You Caller Blind?, Number Two".  This edition also includes the the regular features entitled "Square Dance Date Book", "As I See It", "Help for Your Square Dance Club: A Workshop Pays Off", "Chuck Jones' Note Book", "Style Series: Do Si Do", "Round the Outside Ring", "Workshop Squares and Rounds", "Paging the Roundancers: Lib and Tom Hubbard", "Caller of the Month: Nathan Hale", "Style Series: Dizzy Chain", "From the Floor", and "One the Record".</abstract><subject><topic>Square Dancing</topic></subject><subject><genre>Periodicals</genre></subject><relatedItem><titleInfo><title>Square Dancing</title></titleInfo></relatedItem><location><url usage="primary display">http://hdl.handle.net/10176/codu:59714</url></location><accessCondition type="useAndReproduction">Copyright restrictions may apply. User is responsible for all copyright compliance.</accessCondition></mods>