<mods xmlns="http://www.loc.gov/mods/v3" xmlns:mods="http://www.loc.gov/mods/v3" xmlns:xlink="http://www.w3.org/1999/xlink" xmlns:xsi="http://www.w3.org/2001/XMLSchema-instance"><titleInfo><title>Sets in Order, Vol. 6 No. 5 (May, 1954)</title></titleInfo><name type="personal"><role><roleTerm authority="marcrelator" type="text">creator</roleTerm></role></name><name type="personal"><namePart>Bob Osgood</namePart><role><roleTerm authority="marcrelator" type="text">contributor</roleTerm></role></name><name type="corporate"><namePart>Sets in Order, Inc.</namePart><role><roleTerm authority="marcrelator" type="text">creator</roleTerm></role></name><name type="corporate"><role><roleTerm authority="marcrelator" type="text">contributor</roleTerm></role></name><typeOfResource>text</typeOfResource><originInfo><place><placeTerm type="text">Los Angeles, CA</placeTerm></place><publisher>Sets in Order, Inc.</publisher><dateCreated keyDate="yes">05/1954</dateCreated><copyrightDate>1954</copyrightDate></originInfo><language><languageTerm type="text">English</languageTerm></language><physicalDescription><form>44 pages</form><digitalOrigin>reformatted digital</digitalOrigin></physicalDescription><abstract>The California Magazine of Western Square and Round Dancing by the Square Dancers of Southern California. This edition includes a table of contents which lists the following: SQUARE DANCES "The Anchor Man" and "Trailin' Star" ROUND DANCES "Hi Lili", "Little Red Monkey" and "Down the Lane" SPECIAL FEATURES "Summer Institutes, 1954", "Dallas Highlights", "Plan for Summer Square Dances", "Themes for Party Fun", "Young Man of the Mountain", "Asilomar Faculty - August, 1954", "Beginners' Community Square Dance Program".   This edition also includes the the regular features entitled "As I see it", "The Square Dance Picture", "Caller of the Month", "Round the Outside Ring", "The Green Sheet", "From the Floor" and "Calendar of Square Dancing Events".</abstract><subject><topic>Square Dancing</topic></subject><subject><genre>Periodicals</genre></subject><relatedItem><titleInfo><title>Square Dancing</title></titleInfo></relatedItem><location><url usage="primary display">http://hdl.handle.net/10176/codu:59527</url></location><accessCondition type="useAndReproduction">Copyright restrictions may apply. User is responsible for all copyright compliance.</accessCondition></mods>