<mods xmlns="http://www.loc.gov/mods/v3" xmlns:mods="http://www.loc.gov/mods/v3" xmlns:xlink="http://www.w3.org/1999/xlink" xmlns:xsi="http://www.w3.org/2001/XMLSchema-instance"><titleInfo><title>Sets in Order, Vol. 11 No. 1 (January, 1959)</title></titleInfo><name type="personal"><namePart>Bob Osgood</namePart><role><roleTerm authority="marcrelator" type="text">creator</roleTerm></role></name><name type="personal"><role><roleTerm authority="marcrelator" type="text">contributor</roleTerm></role></name><name type="corporate"><namePart>Sets in Order, Inc.</namePart><role><roleTerm authority="marcrelator" type="text">creator</roleTerm></role></name><name type="corporate"><role><roleTerm authority="marcrelator" type="text">contributor</roleTerm></role></name><typeOfResource>text</typeOfResource><originInfo><place><placeTerm type="text">Los Angeles, CA</placeTerm></place><publisher>Sets in Order, Inc.</publisher><dateCreated keyDate="yes">01/1959</dateCreated><copyrightDate>1959</copyrightDate></originInfo><language><languageTerm type="text">English</languageTerm></language><physicalDescription><extent>56 pages</extent><digitalOrigin>reformatted digital</digitalOrigin></physicalDescription><abstract>The California Magazine of Western Square and Round Dancing by the Square Dancers of Southern California. This edition includes a table of contents which lists the following: SPECIAL FEATURES "What's Being Danced?", "Square Dance Associations: The Dancer's Associations", "What'll Be Doing in Denver", "Energy Incorporated - That's Eb Jenkins", "Homes for Square Dancing, Part II", "Survey of Round Dancing", "Caller Round Up", and "Hints on Developing "Caller Personality"".  This edition also includes the the regular features entitled "Square Dance Date Book", "As I See It", "Style Series: Red Hot", "Chuck Jones' Note Book", "Round the Outside Ring", "Paging the Roundancers: Elmer and Rosemarie Elias", "Caller of the Month: Selmer Hovland", "From the Floor", "On the Record", and "Ladies on the Square: Square Dance Purses".</abstract><subject><topic>Square Dancing</topic></subject><subject><genre>Periodicals</genre></subject><relatedItem><titleInfo><title>Square Dancing</title></titleInfo></relatedItem><location><url usage="primary display">http://hdl.handle.net/10176/codu:59719</url></location><accessCondition type="useAndReproduction">Copyright restrictions may apply. User is responsible for all copyright compliance.</accessCondition></mods>