<mods xmlns="http://www.loc.gov/mods/v3" xmlns:mods="http://www.loc.gov/mods/v3" xmlns:xlink="http://www.w3.org/1999/xlink" xmlns:xsi="http://www.w3.org/2001/XMLSchema-instance"><titleInfo><title>Sets in Order, Vol. 11 No. 5 (May, 1959)</title></titleInfo><name type="personal"><namePart>Bob Osgood</namePart><role><roleTerm authority="marcrelator" type="text">creator</roleTerm></role></name><name type="personal"><role><roleTerm authority="marcrelator" type="text">contributor</roleTerm></role></name><name type="corporate"><namePart>Sets in Order, Inc.</namePart><role><roleTerm authority="marcrelator" type="text">creator</roleTerm></role></name><name type="corporate"><role><roleTerm authority="marcrelator" type="text">contributor</roleTerm></role></name><typeOfResource>text</typeOfResource><originInfo><place><placeTerm type="text">Los Angeles, CA</placeTerm></place><publisher>Sets in Order, Inc.</publisher><dateCreated keyDate="yes">05/1959</dateCreated><copyrightDate>1959</copyrightDate></originInfo><language><languageTerm type="text">English</languageTerm></language><physicalDescription><extent>72 pages</extent><digitalOrigin>reformatted digital</digitalOrigin></physicalDescription><abstract>The California Magazine of Western Square and Round Dancing by the Square Dancers of Southern California. This edition includes a table of contents which lists the following: SPECIAL FEATURES "Rush to the Rockies", "High Lights of the Convention", "Where Did Everybody Go?", "Modern Square Dancing-And the Church, excerpts from sermon", "Mr. Square Dancer of the Trailerites", "What is New in Square Dancing", "The Morrises Migrate", "Caller Round Up", "Round Dance Councils Aid Area", "McConnell's Gigantic Jamboree", and "Random Notes on the Subject of Being Prepared".  REGULAR FEATURES "Square Dance Date Book", "From the Floor", "As I See It", "Style Series: Venus and Mars", "Square Dance Picture", "Chuck Jones Note Book", "Round the Outside Ring", "Caller of the Month: Bob Finley", "Paging the Roundancers: Gay and Dottie Wright" and "On the Record".</abstract><subject><topic>Square Dancing</topic></subject><subject><genre>Periodicals</genre></subject><relatedItem><titleInfo><title>Square Dancing</title></titleInfo></relatedItem><location><url usage="primary display">http://hdl.handle.net/10176/codu:63802</url></location><accessCondition type="useAndReproduction">Copyright restrictions may apply. User is responsible for all copyright compliance.</accessCondition></mods>