<mods xmlns="http://www.loc.gov/mods/v3" xmlns:mods="http://www.loc.gov/mods/v3" xmlns:xlink="http://www.w3.org/1999/xlink" xmlns:xsi="http://www.w3.org/2001/XMLSchema-instance"><titleInfo><title>Sets in Order, Vol. 13 No. 10 (October, 1961)</title></titleInfo><name type="personal"><namePart>Bob Osgood</namePart><role><roleTerm authority="marcrelator" type="text">creator</roleTerm></role></name><name type="personal"><role><roleTerm authority="marcrelator" type="text">contributor</roleTerm></role></name><name type="corporate"><namePart>Sets in Order, Inc.</namePart><role><roleTerm authority="marcrelator" type="text">creator</roleTerm></role></name><name type="corporate"><role><roleTerm authority="marcrelator" type="text">contributor</roleTerm></role></name><typeOfResource>text</typeOfResource><originInfo><place><placeTerm type="text">Los Angeles, CA</placeTerm></place><publisher>Sets in Order, Inc.</publisher><dateCreated keyDate="yes">10/1961</dateCreated><copyrightDate>1961</copyrightDate></originInfo><language><languageTerm type="text">English</languageTerm></language><physicalDescription><extent>64 pages</extent><digitalOrigin>reformatted digital</digitalOrigin></physicalDescription><abstract>The California Magazine of Western Square and Round Dancing by the Square Dancers of Southern California. This edition includes a table of contents which lists the following: "Square Dance Date Book", "From the Floor", "As I See It", "The Ground Rules of Square Dancing", "Style Series, Music is to Move By", "What Are We Going to Wear?", "The Dancer's Walkthru", "Fashion Suggestions for a Costume Party", "Tandem Week End", "Square Dance Friendship Raises a Barn", "Americana: Bile Them Cabbage", "Round the Outside Ring", "Workshop", "On the Record and Record Report", "Caller of the Month: Bill Theede", "Paging the Roundancers: Pat and Ray Brown", "Garage Transformed to Pink Barn", and "Experimental Lab: Expand to a Line".</abstract><subject><topic>Square Dancing</topic></subject><subject><genre>Periodicals</genre></subject><relatedItem><titleInfo><title>Square Dancing</title></titleInfo></relatedItem><location><url usage="primary display">http://hdl.handle.net/10176/codu:59809</url></location><accessCondition type="useAndReproduction">Copyright restrictions may apply. User is responsible for all copyright compliance.</accessCondition></mods>