<mods xmlns="http://www.loc.gov/mods/v3" xmlns:mods="http://www.loc.gov/mods/v3" xmlns:xlink="http://www.w3.org/1999/xlink" xmlns:xsi="http://www.w3.org/2001/XMLSchema-instance"><titleInfo><title>Sets in Order, Vol. 10 No. 8 (August, 1958)</title></titleInfo><name type="personal"><namePart>Bob Osgood</namePart><role><roleTerm authority="marcrelator" type="text">creator</roleTerm></role></name><name type="personal"><role><roleTerm authority="marcrelator" type="text">contributor</roleTerm></role></name><name type="corporate"><namePart>Sets in Order, Inc.</namePart><role><roleTerm authority="marcrelator" type="text">creator</roleTerm></role></name><name type="corporate"><role><roleTerm authority="marcrelator" type="text">contributor</roleTerm></role></name><typeOfResource>text</typeOfResource><originInfo><place><placeTerm type="text">Los Angeles, CA</placeTerm></place><publisher>Sets in Order, Inc.</publisher><dateCreated keyDate="yes">08/1958</dateCreated><copyrightDate>1958</copyrightDate></originInfo><language><languageTerm type="text">English</languageTerm></language><physicalDescription><extent>44 pages</extent><digitalOrigin>reformatted digital</digitalOrigin></physicalDescription><abstract>The California Magazine of Western Square and Round Dancing by the Square Dancers of Southern California. This edition includes a table of contents which lists the following: SQUARE DANCES "Witch Doctor", "Dixie Plucker", and "Hurricane".  ROUND DANCES "Tammy", and "Ducky".  SPECIAL FEATURES "Flash! From the Brussels World's Fair", "Seventh National Convention", and "What It Takes to be a Successful Caller's Wife".  This edition also includes the the regular features entitled "On the Record", "As I See It", "Style Series: Forward Six Variations", "Square of the Month: Jack Logan", "Dr. Lloyd Shaw", "Round the Outside Ring", "Chuck Jones' Note Book", "From the Floor", "Paging the Roundancers: Jerry and Charlie Tuffield", and "Square Dance Date Book".</abstract><subject><topic>Square Dancing</topic></subject><subject><genre>Periodicals</genre></subject><relatedItem><titleInfo><title>Square Dancing</title></titleInfo></relatedItem><location><url usage="primary display">http://hdl.handle.net/10176/codu:59711</url></location><accessCondition type="useAndReproduction">Copyright restrictions may apply. User is responsible for all copyright compliance.</accessCondition></mods>