<mods xmlns="http://www.loc.gov/mods/v3" xmlns:mods="http://www.loc.gov/mods/v3" xmlns:xlink="http://www.w3.org/1999/xlink" xmlns:xsi="http://www.w3.org/2001/XMLSchema-instance"><titleInfo><title>Sets in Order, Vol. 1 No. 12 (December, 1949)</title></titleInfo><name type="personal"><role><roleTerm authority="marcrelator" type="text">creator</roleTerm></role></name><name type="personal"><namePart>Bob Osgood</namePart><role><roleTerm authority="marcrelator" type="text">contributor</roleTerm></role></name><name type="corporate"><namePart>Sets in Order, Inc.</namePart><role><roleTerm authority="marcrelator" type="text">creator</roleTerm></role></name><name type="corporate"><role><roleTerm authority="marcrelator" type="text">contributor</roleTerm></role></name><typeOfResource>text</typeOfResource><originInfo><place><placeTerm type="text">Los Angeles, CA</placeTerm></place><publisher>Sets in Order, Inc.</publisher><dateCreated keyDate="yes">12/1949</dateCreated><copyrightDate>1949</copyrightDate></originInfo><language><languageTerm type="text">English</languageTerm></language><physicalDescription><extent>42 pages</extent><digitalOrigin>reformatted digital</digitalOrigin></physicalDescription><abstract>The California Magazine of Western Square and Round Dancing by the Square Dancers of Southern California.  This edition includes the articles entitled "Square Dancing at Christmas", "It's Refreshment Time...", "Mr. Square Dancer's Wardrobe", "One Year Later, Sets In Order, The Record Square Festival",  This edition also includes the monthly articles entitled "On the Record", "The Square of the Month", "Idea Corral", "Round the Outside Ring" and "From the Floor" (letters to the editor). The article "Spotlighting Six Up and Coming Callers" is a featured article about six callers: Arnie Kronenberger, Ross Christiansoh, Tex Crum, Tim Garrett, Orrin Benedict, and John Donhoff who are considered a "good caller" from Southern California .</abstract><subject><topic>Square Dancing</topic></subject><subject><genre>Periodicals</genre></subject><relatedItem><titleInfo><title>Square Dancing</title></titleInfo></relatedItem><location><url usage="primary display">http://hdl.handle.net/10176/codu:65240</url></location><accessCondition type="useAndReproduction">Copyright restrictions may apply. User is responsible for all copyright compliance.</accessCondition></mods>