<mods xmlns="http://www.loc.gov/mods/v3" xmlns:mods="http://www.loc.gov/mods/v3" xmlns:xlink="http://www.w3.org/1999/xlink" xmlns:xsi="http://www.w3.org/2001/XMLSchema-instance"><titleInfo><title>Sets in Order, Vol. 6 No. 2  (February, 1954)</title></titleInfo><name type="personal"><role><roleTerm authority="marcrelator" type="text">creator</roleTerm></role></name><name type="personal"><namePart>Bob Osgood</namePart><role><roleTerm authority="marcrelator" type="text">contributor</roleTerm></role></name><name type="corporate"><namePart>Sets in Order, Inc.</namePart><role><roleTerm authority="marcrelator" type="text">creator</roleTerm></role></name><name type="corporate"><role><roleTerm authority="marcrelator" type="text">contributor</roleTerm></role></name><typeOfResource>text</typeOfResource><originInfo><place><placeTerm type="text">Los Angeles, CA</placeTerm></place><publisher>Sets in Order, Inc.</publisher><dateCreated keyDate="yes">02/1954</dateCreated><copyrightDate>1953</copyrightDate></originInfo><language><languageTerm type="text">English</languageTerm></language><physicalDescription><extent>36 pages</extent><digitalOrigin>reformatted digital</digitalOrigin></physicalDescription><abstract>The California Magazine of Western Square and Round Dancing by the Square Dancers of Southern California. The table of contents lists the following: SQUARE DANCES "Chasing Women" and "Perry's Mixer"  ROUND DANCES "Lazy Two-Step" and "Neapolitan Waltz" SPECIAL FEATURES "Accents for Fun", "The Butterfly Ball", "Square Dancing Keeps 'Em Young, J. Gardner", "Caller Round-up", "'Big D' Makes Ready", and "Asilomar Dates".  The regular features in this edition include "As I See It", "The Square Dance Picture", "Square of the Month", "'Round the Outside Ring", "The Green Sheet", "From the Floor", and "Calendar of Square Dancing Events".</abstract><subject><topic>Square Dancing</topic></subject><subject><genre>Periodicals</genre></subject><relatedItem><titleInfo><title>Square Dancing</title></titleInfo></relatedItem><location><url usage="primary display">http://hdl.handle.net/10176/codu:59521</url></location><accessCondition type="useAndReproduction">Copyright restrictions may apply. User is responsible for all copyright compliance.</accessCondition></mods>