<mods xmlns="http://www.loc.gov/mods/v3" xmlns:mods="http://www.loc.gov/mods/v3" xmlns:xlink="http://www.w3.org/1999/xlink" xmlns:xsi="http://www.w3.org/2001/XMLSchema-instance"><titleInfo><title>Square Dancing, Vol. 30 No. 12 (December, 1978)</title></titleInfo><name type="personal"><role><roleTerm authority="marcrelator" type="text">creator</roleTerm></role></name><name type="personal"><namePart>Bob Osgood</namePart><role><roleTerm authority="marcrelator" type="text">contributor</roleTerm></role></name><name type="corporate"><namePart>Sets in Order, Inc.</namePart><role><roleTerm authority="marcrelator" type="text">creator</roleTerm></role></name><name type="corporate"><role><roleTerm authority="marcrelator" type="text">contributor</roleTerm></role></name><typeOfResource>text</typeOfResource><originInfo><place><placeTerm type="text">Los Angeles, CA</placeTerm></place><publisher>Sets in Order, Inc.</publisher><dateCreated keyDate="yes">12/1978</dateCreated><copyrightDate>1978</copyrightDate></originInfo><language><languageTerm type="text">English</languageTerm></language><physicalDescription><extent>128 pages</extent><digitalOrigin>reformatted digital</digitalOrigin></physicalDescription><abstract>The California Magazine of Western Square and Round Dancing by the Square Dancers of Southern California. This edition includes a table of contents which lists the following: "National Square Dance Convention", "Traditional Treasury", "Publication Profiles", "Challenge and Advance", "Square Dance Diary", "1978 Index of Square Dancing", "Current Releases", and "The Plus Movements Handbook". This edition also includes the regular features entitled "Hot Line-Late News", "As I See It", "Discovery", "Take A Good Look", "The Dancers Walkthru", "Paging the Round Dancers", "Contra Corner", "Ladies on the Square", "Round the World of Square Dancing", "Callers/Teachers Workshop", "Caller of the Month", "On the Record", "Square Dance Date Book", "The Callers' Textbook", and "Fashion Feature".</abstract><subject><topic>Square Dancing</topic></subject><subject><genre>Periodicals</genre></subject><relatedItem><titleInfo><title>Sets in Order</title></titleInfo></relatedItem><location><url usage="primary display">http://hdl.handle.net/10176/codu:59804</url></location><accessCondition type="useAndReproduction">Copyright restrictions may apply. User is responsible for all copyright compliance.</accessCondition></mods>