<mods xmlns="http://www.loc.gov/mods/v3" xmlns:mods="http://www.loc.gov/mods/v3" xmlns:xlink="http://www.w3.org/1999/xlink" xmlns:xsi="http://www.w3.org/2001/XMLSchema-instance"><titleInfo><title>Sets in Order, Vol. 5 No. 7 (July, 1953)</title></titleInfo><name type="personal"><namePart>Bob Osgood</namePart><role><roleTerm authority="marcrelator" type="text">creator</roleTerm></role></name><name type="personal"><role><roleTerm authority="marcrelator" type="text">contributor</roleTerm></role></name><name type="corporate"><namePart>Sets in Order, Inc.</namePart><role><roleTerm authority="marcrelator" type="text">creator</roleTerm></role></name><name type="corporate"><role><roleTerm authority="marcrelator" type="text">contributor</roleTerm></role></name><typeOfResource>text</typeOfResource><originInfo><place><placeTerm type="text">Los Angeles, CA</placeTerm></place><dateCreated keyDate="yes">07/1953</dateCreated><copyrightDate>1953</copyrightDate></originInfo><language><languageTerm type="text">English</languageTerm></language><physicalDescription><extent>44 pages</extent><digitalOrigin>reformatted digital</digitalOrigin></physicalDescription><abstract>The California Magazine of Western Square and Round Dancing by the Square Dancers of Southern California. This edition includes a table of contents which lists the following: SQUARE DANCES "Sides Divide and Line Up Four", "Trinidad Twister", and "Sheik of Araby".  ROUND DANCES "A Pretty Girl Dressed in Blue", and "Black Hawk Waltz".  SPECIAL FEATURES "Books on Dancing", "Your Dance Library", "Dallas Chosen As Site of '54 Convention", "The Caller", "Picture of the Month (Omaha Dances)", and "Asilomar - August".  REGULAR FEATURES "As I See It", "Events Seen Thru the Square Dancer's Eye", "Square of the Month", "'Round the Outside Ring", "The Greet Sheet", "From the Floor", "The Musician's Corner", "Calendar of Square Dancing Events", and "On the Record".</abstract><subject><topic>Square Dancing</topic></subject><subject><genre>Periodicals</genre></subject><relatedItem><titleInfo><title>Square Dancing</title></titleInfo></relatedItem><location><url usage="primary display">http://hdl.handle.net/10176/codu:63869</url></location><accessCondition type="useAndReproduction">Copyright restrictions may apply. User is responsible for all copyright compliance.</accessCondition></mods>