<mods xmlns="http://www.loc.gov/mods/v3" xmlns:mods="http://www.loc.gov/mods/v3" xmlns:xlink="http://www.w3.org/1999/xlink" xmlns:xsi="http://www.w3.org/2001/XMLSchema-instance"><titleInfo><title>Square Dancing, Vol. 37 No. 10 (October, 1985)</title></titleInfo><name type="personal"><role><roleTerm authority="marcrelator" type="text">creator</roleTerm></role></name><name type="personal"><namePart>Bob Osgood</namePart><role><roleTerm authority="marcrelator" type="text">contributor</roleTerm></role></name><name type="corporate"><namePart>Sets in Order, Inc.</namePart><role><roleTerm authority="marcrelator" type="text">creator</roleTerm></role></name><name type="corporate"><role><roleTerm authority="marcrelator" type="text">contributor</roleTerm></role></name><typeOfResource>text</typeOfResource><originInfo><place><placeTerm type="text">Los Angeles, CA</placeTerm></place><publisher>Sets in Order, Inc.</publisher><dateCreated keyDate="yes">10/1985</dateCreated><copyrightDate>1985</copyrightDate></originInfo><language><languageTerm type="text">English</languageTerm></language><physicalDescription><extent>112 pages</extent><digitalOrigin>reformatted digital</digitalOrigin></physicalDescription><abstract>The California Magazine of Western Square and Round Dancing by the Square Dancers of Southern California. This edition includes a table of contents which lists the following: "The Changing Scene", "What Simple Dances Teach", "Catch Up With Al Brundage", "Exhibitions", "Quarterly Movement Report", "Myth Versus Reality by Ted Sannella", "Surveying Square Dancing by Launor Carter", "Leadership", "A Package of Square Dancing Fun", "35th National Convention", and "The Advertisers". This edition also includes the regular features entitled "Advanced Dancing", "Mostly Modular", "Experimental Notes", "The Dancers Walkthru", "Traditional Treasury", "Roundancer Module", "Paging the Round Dancer", "The Callers Notebook", "Ladies on the Square", "Style Lab", "Round the World of Square Dancing", "Workshop", "Caller of the Month", "On The Record", "Fashion Feature", and "Current Releases."</abstract><subject><topic>Square Dancing</topic></subject><subject><genre>Periodicals</genre></subject><relatedItem><titleInfo><title>Sets in Order</title></titleInfo></relatedItem><location><url usage="primary display">http://hdl.handle.net/10176/codu:60662</url></location><accessCondition type="useAndReproduction">Copyright restrictions may apply. User is responsible for all copyright compliance.</accessCondition></mods>