<mods xmlns="http://www.loc.gov/mods/v3" xmlns:mods="http://www.loc.gov/mods/v3" xmlns:xlink="http://www.w3.org/1999/xlink" xmlns:xsi="http://www.w3.org/2001/XMLSchema-instance"><titleInfo><title>Sets in Order, Vol. 11 No. 9 (September, 1959)</title></titleInfo><name type="personal"><namePart>Bob Osgood</namePart><role><roleTerm authority="marcrelator" type="text">creator</roleTerm></role></name><name type="personal"><role><roleTerm authority="marcrelator" type="text">contributor</roleTerm></role></name><name type="corporate"><namePart>Sets in Order, Inc.</namePart><role><roleTerm authority="marcrelator" type="text">creator</roleTerm></role></name><name type="corporate"><role><roleTerm authority="marcrelator" type="text">contributor</roleTerm></role></name><typeOfResource>text</typeOfResource><originInfo><dateCreated keyDate="yes">09/1959</dateCreated><copyrightDate>1959</copyrightDate></originInfo><language><languageTerm type="text">English</languageTerm></language><physicalDescription><extent>64 pages</extent><digitalOrigin>reformatted digital</digitalOrigin></physicalDescription><abstract>The California Magazine of Western Square and Round Dancing by the Square Dancers of Southern California. This edition includes a table of contents which lists the following: "Now Is The Time To Recruit New Dancers", "Square Dancing Is Not Out Of This World", "Leadership, Sponsorship, Enthusiasm Pay Square Dance Dividends", "Senior Citizens Enjoy Their Dance Fun", "The Armstrongs", "Square Dance Census", "Give Them Time", "Round Dance Abbreviations and Symbols", and "All Wheels Roll To Des Moines".  This edition also includes the the regular features entitled "Square Dance Date Book", "From the Floor", "As I See It", "Style Series, Hand Hints", "Chuck Jones Note Book", "Square Dance Picture", "Round the Outside Ring", "Caller of the Month: Lloyd Litman", "Paging the Roundancers: Bill and Janis Johnston", and "On the Record".</abstract><subject><topic>Square Dancing</topic></subject><subject><genre>Periodicals</genre></subject><relatedItem><titleInfo><title>Square Dancing</title></titleInfo></relatedItem><location><url usage="primary display">http://hdl.handle.net/10176/codu:59755</url></location><accessCondition type="useAndReproduction">Copyright restrictions may apply. User is responsible for all copyright compliance.</accessCondition></mods>