<mods xmlns="http://www.loc.gov/mods/v3" xmlns:mods="http://www.loc.gov/mods/v3" xmlns:xlink="http://www.w3.org/1999/xlink" xmlns:xsi="http://www.w3.org/2001/XMLSchema-instance"><titleInfo><title>Sets in Order, Vol. 4 No. 1 (January, 1952)</title></titleInfo><name type="personal"><namePart>Bob Osgood</namePart><role><roleTerm authority="marcrelator" type="text">creator</roleTerm></role></name><name type="personal"><role><roleTerm authority="marcrelator" type="text">contributor</roleTerm></role></name><name type="corporate"><namePart>Sets in Order, Inc.</namePart><role><roleTerm authority="marcrelator" type="text">creator</roleTerm></role></name><name type="corporate"><role><roleTerm authority="marcrelator" type="text">contributor</roleTerm></role></name><typeOfResource>text</typeOfResource><originInfo><place><placeTerm type="text">Los Angeles, CA</placeTerm></place><publisher>Sets in Order, Inc.</publisher><dateCreated keyDate="yes">01/1952</dateCreated><copyrightDate>1952</copyrightDate></originInfo><language><languageTerm type="text">English</languageTerm></language><physicalDescription><extent>36 pages</extent><digitalOrigin>reformatted digital</digitalOrigin></physicalDescription><abstract>The California Magazine of Western Square and Round Dancing by the Square Dancers of Southern California. This edition includes a table of contents which lists the following:  SQUARE DANCES "The Backtracker", "The Carlyle", and "Buffalo Glide".  SPECIAL FEATURES "1952", "A Barometer of 1952 Square Dancing", "Square Dancer", "They Followed the Square Dance Trail", "Square Dancers Entertain Serviceman", and "The Deeper Meaning".
REGULAR FEATURES "As I See It", "The Square of the Month: Walter and Betty Clopine", "Events Seen Thru the Square Dancer's Eye", "'Round the Outside Ring", "Help! For Your Square Dance Club", "The Green Sheet", "From the Floor", "Calendar of Square Dancing Events", and "On the Record".</abstract><subject><topic>Square Dancing</topic></subject><subject><genre>Periodicals</genre></subject><relatedItem><titleInfo><title>Square Dancing</title></titleInfo></relatedItem><location><url usage="primary display">http://hdl.handle.net/10176/codu:64175</url></location><accessCondition type="useAndReproduction">Copyright restrictions may apply. User is responsible for all copyright compliance.</accessCondition></mods>