<mods xmlns="http://www.loc.gov/mods/v3" xmlns:mods="http://www.loc.gov/mods/v3" xmlns:xlink="http://www.w3.org/1999/xlink" xmlns:xsi="http://www.w3.org/2001/XMLSchema-instance"><titleInfo><title>Square Dancing, Vol. 36 No. 7 (July, 1984)</title></titleInfo><name type="personal"><role><roleTerm authority="marcrelator" type="text">creator</roleTerm></role></name><name type="personal"><namePart>Bob Osgood</namePart><role><roleTerm authority="marcrelator" type="text">contributor</roleTerm></role></name><name type="corporate"><namePart>Sets in Order, Inc.</namePart><role><roleTerm authority="marcrelator" type="text">creator</roleTerm></role></name><name type="corporate"><role><roleTerm authority="marcrelator" type="text">contributor</roleTerm></role></name><typeOfResource>text</typeOfResource><originInfo><place><placeTerm type="text">Los Angeles, CA</placeTerm></place><publisher>Sets in Order, Inc.</publisher><dateCreated keyDate="yes">07/1984</dateCreated><copyrightDate>1984</copyrightDate></originInfo><language><languageTerm type="text">English</languageTerm></language><physicalDescription><extent>112 pages</extent><digitalOrigin>reformatted digital</digitalOrigin></physicalDescription><abstract>The California Magazine of Western Square and Round Dancing by the Square Dancers of Southern California. This edition includes a table of contents which lists the following: "His Calling is Calling", "Fall Classes", "Square Dance Month", "2Q or Not 2Q", "Update your CTM", "Reports from Callerlab", "Bookshelf", "My How the OUtlook Changed", "Record Page: Personal Appearances", "What Do I Expect of Angels", "Legacy", "Refreshment Time", "What's on the Drawing Board", "4th Canadian National" and "34th National." This edition also includes the regular features entitled "From the Floor" (letters to the editor), "As I See It", "Advanced Dancing", "Mostly Modular", "Contra Corner", "Take A Good Look", "Experimental Notes", "The Dancers Walkthru", "Traditional Treasury", "Roundancer Module", "Paging the Round Dancers", "The Callers Notebook", "Ladies on the Square", "Style Lab", "Round the World of Square Dancing", "Workshop", "Caller of the Month", "On The Record" and "Current Releases."</abstract><subject><topic>Square Dancing</topic></subject><subject><genre>Periodicals</genre></subject><relatedItem><titleInfo><title>Sets In Order</title></titleInfo></relatedItem><location><url usage="primary display">http://hdl.handle.net/10176/codu:59523</url></location><accessCondition type="useAndReproduction">Copyright restrictions may apply. User is responsible for all copyright compliance.</accessCondition></mods>