<mods xmlns="http://www.loc.gov/mods/v3" xmlns:mods="http://www.loc.gov/mods/v3" xmlns:xlink="http://www.w3.org/1999/xlink" xmlns:xsi="http://www.w3.org/2001/XMLSchema-instance"><titleInfo><title>Sets in Order, Vol. 5 No. 10 (October, 1953)</title></titleInfo><name type="personal"><namePart>Bob Osgood</namePart><role><roleTerm authority="marcrelator" type="text">creator</roleTerm></role></name><name type="personal"><role><roleTerm authority="marcrelator" type="text">contributor</roleTerm></role></name><name type="corporate"><namePart>Sets in Order, Inc.</namePart><role><roleTerm authority="marcrelator" type="text">creator</roleTerm></role></name><name type="corporate"><role><roleTerm authority="marcrelator" type="text">contributor</roleTerm></role></name><typeOfResource>text</typeOfResource><originInfo><place><placeTerm type="text">Los Angeles, CA</placeTerm></place><publisher>Sets in Order, Inc.</publisher><dateCreated keyDate="yes">10/1953</dateCreated><copyrightDate>1953</copyrightDate></originInfo><language><languageTerm type="text">English</languageTerm></language><physicalDescription><extent>40 pages</extent><digitalOrigin>reformatted digital</digitalOrigin></physicalDescription><abstract>The California Magazine of Western Square and Round Dancing by the Square Dancers of Southern California. This edition includes a table of contents which lists the following: SQUARE DANCES "One More Duck".  ROUND DANCES "Waltzing Matildo", and "Pretty Baby".  CONTRA DANCES "Haymaker's Jig", "Lady of the Lake", "Timber Salvage Reel", "Glover's Reel", "The Good Girl", "Morning Star", and "Lady Walpole's Reel".  SPECIAL FEATURES "Contras Are Here to Stay", "Contra Sets in Order", "Here's One Contra Dance in Action", "Floating Square Dance", "Trial by Auditorium", and "State Department Buys "Square Dancing"".  REGULAR FEATURES "As I See It", "Square of the Month (Contra)", "'Round the Outside Ring", "Green Sheet", "From the Floor", and "Calendar of Square Dancing Events".</abstract><subject><topic>Square Dancing</topic></subject><subject><genre>Periodicals</genre></subject><relatedItem><titleInfo><title>Square Dancing</title></titleInfo></relatedItem><location><url usage="primary display">http://hdl.handle.net/10176/codu:63809</url></location><accessCondition type="useAndReproduction">Copyright restrictions may apply. User is responsible for all copyright compliance.</accessCondition></mods>