<mods xmlns="http://www.loc.gov/mods/v3" xmlns:mods="http://www.loc.gov/mods/v3" xmlns:xlink="http://www.w3.org/1999/xlink" xmlns:xsi="http://www.w3.org/2001/XMLSchema-instance"><titleInfo><title>Sets in Order, Vol. 20 No. 9 (September, 1968)</title></titleInfo><name type="personal"><role><roleTerm authority="marcrelator" type="text">creator</roleTerm></role></name><name type="personal"><namePart>Bob Osgood</namePart><role><roleTerm authority="marcrelator" type="text">contributor</roleTerm></role></name><name type="corporate"><namePart>Sets in Order, Inc.</namePart><role><roleTerm authority="marcrelator" type="text">creator</roleTerm></role></name><name type="corporate"><role><roleTerm authority="marcrelator" type="text">contributor</roleTerm></role></name><typeOfResource>text</typeOfResource><originInfo><place><placeTerm type="text">Los Angeles, CA</placeTerm></place><publisher>Sets in Order, Inc.</publisher><dateCreated keyDate="yes">09/1968</dateCreated><copyrightDate>1968</copyrightDate></originInfo><language><languageTerm type="text">English</languageTerm></language><physicalDescription><extent>88 pages</extent><digitalOrigin>reformatted digital</digitalOrigin></physicalDescription><abstract>The California Magazine of Western Square and Round Dancing by the Square Dancers of Southern California. This edition includes a table of contents which lists the following: "From the Floor", "On the Record and Record Report", "Square Dance Datebook", "Feature Fashion", "As I See It", "Basic Movements-Introduction and Suggested Order of Teaching", "The Dancer's Walk-Thru", "Dialog for Callers", "Convention News", "Callers of the Month: Bob Augustin, Paul Clements, Herb Keys, Harold Parker, George Ruddock, Gary Shoemake, Harry Tucciarone, Jr. and Bruno Zeni", "Style Series: Do Si Do", "Round the World of Square Dancing", "SIO Workshop", "Handbook Supplement: The Basic Movements of Square Dancing", "Paging the Round Dancers: Fred and Gwen Manning", "Current Best Sellers", and "Experimental Lab: Cross Run".</abstract><subject><topic>Square Dancing</topic></subject><subject><genre>Periodicals</genre></subject><relatedItem><titleInfo><title>Square Dancing</title></titleInfo></relatedItem><location><url usage="primary display">http://hdl.handle.net/10176/codu:60644</url></location><accessCondition type="useAndReproduction">Copyright restrictions may apply. User is responsible for all copyright compliance.</accessCondition></mods>