<mods xmlns="http://www.loc.gov/mods/v3" xmlns:mods="http://www.loc.gov/mods/v3" xmlns:xlink="http://www.w3.org/1999/xlink" xmlns:xsi="http://www.w3.org/2001/XMLSchema-instance"><titleInfo><title>Sets in Order, Vol. 10 No. 11 (November, 1958)</title></titleInfo><name type="personal"><namePart>Bob Osgood</namePart><role><roleTerm authority="marcrelator" type="text">creator</roleTerm></role></name><name type="personal"><role><roleTerm authority="marcrelator" type="text">contributor</roleTerm></role></name><name type="corporate"><namePart>Sets in Order, Inc.</namePart><role><roleTerm authority="marcrelator" type="text">creator</roleTerm></role></name><name type="corporate"><role><roleTerm authority="marcrelator" type="text">contributor</roleTerm></role></name><typeOfResource>text</typeOfResource><originInfo><place><placeTerm type="text">Los Angeles, CA</placeTerm></place><publisher>Sets in Order, Inc.</publisher><dateCreated keyDate="yes">11/1958</dateCreated><copyrightDate>1958</copyrightDate></originInfo><language><languageTerm type="text">English</languageTerm></language><physicalDescription><extent>82 pages</extent><digitalOrigin>reformatted digital</digitalOrigin></physicalDescription><abstract>The California Magazine of Western Square and Round Dancing by the Square Dancers of Southern California. This edition includes a table of contents which lists the following: SPECIAL FEATURES "To the Square Dancers of the World", "The Past of Square Dancing", "Square Dancing Today", "The Future of Our Hobby", "The Silver Spur Award", "Square Dancing on Radio and Television", "The Thoughts of a Beginner", "Bouncing in Bavaria", "Square Dancing for Young People", "Background on the National Convention", "Care of Your Square Dance Records", "All Areas Sound Off", "Packing Tips for Square Dance Trips", "Teaching the Teachers", "are You Caller Blind?", and "My Job- Prepare 'Em".  REGULAR FEATURES "Square Dance Date Book", "As I See It", "Chuck Jones' Notebook", "Style Series: Bad Habits & Roughness", "Refreshment Time", "Square Dance Picture", "Round the Outside Ring", "Workshop Squares and Rounds", "Paging the Roundancers: The Sommervilles", "Caller of the Month: Bill Sawtelle", "From the Floor", "Ladies on the Square: If the Shoe Fits", and "Style Series: Harlem Rosette".</abstract><subject><topic>Square Dancing</topic></subject><subject><genre>Periodicals</genre></subject><relatedItem><titleInfo><title>Square Dancing</title></titleInfo></relatedItem><location><url usage="primary display">http://hdl.handle.net/10176/codu:63803</url></location><accessCondition type="useAndReproduction">Copyright restrictions may apply. User is responsible for all copyright compliance.</accessCondition></mods>