<mods xmlns="http://www.loc.gov/mods/v3" xmlns:mods="http://www.loc.gov/mods/v3" xmlns:xlink="http://www.w3.org/1999/xlink" xmlns:xsi="http://www.w3.org/2001/XMLSchema-instance"><titleInfo><title>Sets in Order, Vol. 6 No. 4 (April, 1954)</title></titleInfo><name type="personal"><namePart>Bob Osgood</namePart><role><roleTerm authority="marcrelator" type="text">creator</roleTerm></role></name><name type="personal"><role><roleTerm authority="marcrelator" type="text">contributor</roleTerm></role></name><name type="corporate"><namePart>Sets in Order, Inc.</namePart><role><roleTerm authority="marcrelator" type="text">creator</roleTerm></role></name><name type="corporate"><role><roleTerm authority="marcrelator" type="text">contributor</roleTerm></role></name><typeOfResource>text</typeOfResource><originInfo><place><placeTerm type="text">Los Angeles, CA</placeTerm></place><publisher>Sets in Order, Inc.</publisher><dateCreated keyDate="yes">04/1954</dateCreated><copyrightDate>1954</copyrightDate></originInfo><language><languageTerm type="text">English</languageTerm></language><physicalDescription><extent>45 pages</extent><digitalOrigin>reformatted digital</digitalOrigin></physicalDescription><abstract>The California Magazine of Western Square and Round Dancing by the Square Dancers of Southern California. This edition includes a table of contents which lists the following: SQUARE DANCES "Deep in the Heart of Texas", "Bonaparte's Quadrille", "The Maverick", and "Phillupspace".  ROUND DANCES "Waltz Time", and "Country Two-Step".  SPECIAL FEATURES "Convention Time in Texas (Program)", "Home Is Where You Square Dance", "Structure for Square Dancing", "Square Dance Chain Letter", "Badges Travel Throughout World", and "Asilomar - June 1954".  REGULAR FEATURES "As I See It", "The Square Dance Picture", "Square of the Month", "Women on the Square (Fashion Feature)", "'Round the Outside Ring", "From the Floor", "On the Record", and "Calendar of Square Dancing Events".</abstract><subject><topic>Square Dancing</topic></subject><subject><genre>Periodicals</genre></subject><relatedItem><titleInfo><title>Square Dancing</title></titleInfo></relatedItem><location><url usage="primary display">http://hdl.handle.net/10176/codu:63806</url></location><accessCondition type="useAndReproduction">Copyright restrictions may apply. User is responsible for all copyright compliance.</accessCondition></mods>