<mods xmlns="http://www.loc.gov/mods/v3" xmlns:mods="http://www.loc.gov/mods/v3" xmlns:xlink="http://www.w3.org/1999/xlink" xmlns:xsi="http://www.w3.org/2001/XMLSchema-instance"><titleInfo><title>Sets in Order, Vol. 12 No. 7 (July, 1960)</title></titleInfo><name type="personal"><namePart>Bob Osgood</namePart><role><roleTerm authority="marcrelator" type="text">creator</roleTerm></role></name><name type="personal"><role><roleTerm authority="marcrelator" type="text">contributor</roleTerm></role></name><name type="corporate"><namePart>Sets in Order, Inc.</namePart><role><roleTerm authority="marcrelator" type="text">creator</roleTerm></role></name><name type="corporate"><role><roleTerm authority="marcrelator" type="text">contributor</roleTerm></role></name><typeOfResource>text</typeOfResource><originInfo><place><placeTerm type="text">Los Angeles, CA</placeTerm></place><publisher>Sets in Order, Inc.</publisher><dateCreated keyDate="yes">07/1960</dateCreated><copyrightDate>1960</copyrightDate></originInfo><language><languageTerm type="text">English</languageTerm></language><physicalDescription><extent>56 pages</extent><digitalOrigin>reformatted digital</digitalOrigin></physicalDescription><abstract>The California Magazine of Western Square and Round Dancing by the Square Dancers of Southern California. This edition includes a table of contents which lists the following: SPECIAL FEATURES "Hawaii", "Eskimos and Allemanders Dance", "Convention Coverage", "Journal of a Traveling Caller's Wife", "Americana: The Wreck of Old 97", and "More Helps in the Training of New Callers".  This edition also includes the the regular features entitled "Square Dance Date Book", "From the Floor", "As I See It", "Style Series: The Waist Swing", "The Square Dance Picture", "Round the Outside Ring", "The Caller of the Month: Ralph Kinnane", "Paging the Roundancers: John and Winnie Nash", and "On the Record".</abstract><subject><topic>Square Dancing</topic></subject><subject><genre>Periodicals</genre></subject><relatedItem><titleInfo><title>Square Dancing</title></titleInfo></relatedItem><location><url usage="primary display">http://hdl.handle.net/10176/codu:59790</url></location><accessCondition type="useAndReproduction">Copyright restrictions may apply. User is responsible for all copyright compliance.</accessCondition></mods>