<mods xmlns="http://www.loc.gov/mods/v3" xmlns:mods="http://www.loc.gov/mods/v3" xmlns:xlink="http://www.w3.org/1999/xlink" xmlns:xsi="http://www.w3.org/2001/XMLSchema-instance"><titleInfo><title>Square Dancing, Vol. 34 No. 1 (January, 1982)</title></titleInfo><name type="personal"><role><roleTerm authority="marcrelator" type="text">creator</roleTerm></role></name><name type="personal"><namePart>Bob Osgood</namePart><role><roleTerm authority="marcrelator" type="text">contributor</roleTerm></role></name><name type="corporate"><namePart>Sets in Order, Inc.</namePart><role><roleTerm authority="marcrelator" type="text">creator</roleTerm></role></name><name type="corporate"><role><roleTerm authority="marcrelator" type="text">contributor</roleTerm></role></name><typeOfResource>text</typeOfResource><originInfo><place><placeTerm type="text">Los Angeles, CA</placeTerm></place><publisher>Sets in Order, Inc.</publisher><dateCreated keyDate="yes">01/1982</dateCreated><copyrightDate>1982</copyrightDate></originInfo><language><languageTerm type="text">English</languageTerm></language><physicalDescription><extent>96 pages</extent><digitalOrigin>reformatted digital</digitalOrigin></physicalDescription><abstract>The California Magazine of Western Square and Round Dancing by the Square Dancers of Southern California. This edition includes a table of contents which lists the following: "Square Dancing Brought Me Back to Life", "National Folk Dance Updated", "So They Gave Up Football Pt. II", "What Are They Dancing?", "Big Events of 1982", "Quarterly Movement Report", "Asilomar S'82" and "National Convention." This edition also includes the regular features entitled "From the Floor" (letters to the editor), "As I See It", "Advanced Dancing", "Contra Corner", "Discovery", "Take A Good Look", "Experimental Notes", "Dancers Walkthru", "Traditional Treasury", "Roundancer Module", "Paging The Round Dancers", "The Callers Notebook", "Ladies on the Square", "Style Lab", "Round the World of Square Dancing", "Workshop", "Caller of the Month", "Ammunition", "On the Record" and "Current Releases."</abstract><subject><topic>Square Dancing</topic></subject><subject><genre>Periodicals</genre></subject><relatedItem><titleInfo><title>Sets In Order</title></titleInfo></relatedItem><location><url usage="primary display">http://hdl.handle.net/10176/codu:59562</url></location><accessCondition type="useAndReproduction">Copyright restrictions may apply. User is responsible for all copyright compliance.</accessCondition></mods>