<mods xmlns="http://www.loc.gov/mods/v3" xmlns:mods="http://www.loc.gov/mods/v3" xmlns:xlink="http://www.w3.org/1999/xlink" xmlns:xsi="http://www.w3.org/2001/XMLSchema-instance"><titleInfo><title>Sets in Order, Vol. 14 No. 4 (April, 1962)</title></titleInfo><name type="personal"><namePart>Bob Osgood</namePart><role><roleTerm authority="marcrelator" type="text">creator</roleTerm></role></name><name type="personal"><role><roleTerm authority="marcrelator" type="text">contributor</roleTerm></role></name><name type="corporate"><namePart>Sets in Order, Inc.</namePart><role><roleTerm authority="marcrelator" type="text">creator</roleTerm></role></name><name type="corporate"><role><roleTerm authority="marcrelator" type="text">contributor</roleTerm></role></name><typeOfResource>text</typeOfResource><originInfo><place><placeTerm type="text">Los Angeles, CA</placeTerm></place><publisher>Sets in Order, Inc.</publisher><dateCreated keyDate="yes">04/1962</dateCreated><copyrightDate>1962</copyrightDate></originInfo><language><languageTerm type="text">English</languageTerm></language><physicalDescription><extent>88 pages</extent><digitalOrigin>reformatted digital</digitalOrigin></physicalDescription><abstract>The California Magazine of Western Square and Round Dancing by the Square Dancers of Southern California. This edition includes a table of contents which lists the following: "Square Dance Date Book", "On the Record and Record Report", "The Square Dance Picture", "From the Floor", "As I See It", "Square Dance Vacations 1962", "Who, Me?", "Americana: Turkey in the Straw", "The Dancer's Walkthru", "Vox Saltator: The Square Dancer Speaks Up", "Gym Floors - Care and Use", "The Most Critical Fifteen Minutes of a Square Dance", "Overseas Dateline", "List of Old Favorites now on 45 R.P.M.", "Style Series: Cast Off", "Ladies on the Square: Things to Do with Skirts", "Style Series: Square Mixers", "'Round the Outside Ring", "Workshop", "Flashes from Miami Beach", "Caller of the Month: Al "Tex" Brownlee", "Paging the Roundancers: Wayne and Norma Wylie", and "Experimental Lab: Wheel-Cross".</abstract><subject><topic>Square Dancing</topic></subject><subject><genre>Periodicals</genre></subject><relatedItem><titleInfo><title>Square Dancing</title></titleInfo></relatedItem><location><url usage="primary display">http://hdl.handle.net/10176/codu:63792</url></location><accessCondition type="useAndReproduction">Copyright restrictions may apply. User is responsible for all copyright compliance.</accessCondition></mods>