<mods xmlns="http://www.loc.gov/mods/v3" xmlns:mods="http://www.loc.gov/mods/v3" xmlns:xlink="http://www.w3.org/1999/xlink" xmlns:xsi="http://www.w3.org/2001/XMLSchema-instance"><titleInfo><title>Square Dancing, Vol. 16 No. 7 (July, 1964)</title></titleInfo><name type="personal"><role><roleTerm authority="marcrelator" type="text">creator</roleTerm></role></name><name type="personal"><namePart>Bob Osgood</namePart><role><roleTerm authority="marcrelator" type="text">contributor</roleTerm></role></name><name type="corporate"><namePart>Sets in Order, Inc.</namePart><role><roleTerm authority="marcrelator" type="text">creator</roleTerm></role></name><name type="corporate"><role><roleTerm authority="marcrelator" type="text">contributor</roleTerm></role></name><typeOfResource>text</typeOfResource><originInfo><place><placeTerm type="text">Los Angeles, CA</placeTerm></place><publisher>Sets in Order, Inc.</publisher><dateCreated keyDate="yes">07/1964</dateCreated><copyrightDate>1964</copyrightDate></originInfo><language><languageTerm type="text">English</languageTerm></language><physicalDescription><extent>64 pages</extent><digitalOrigin>reformatted digital</digitalOrigin></physicalDescription><abstract>The California Magazine of Western Square and Round Dancing by the Square Dancers of Southern California. This edition includes a table of contents which lists the following: "From the Floor", "Square Dance Date Book", "On the Record and Record Report", "As I See It, by Bob Osgood", "Welcome to the Lucky 13th", "The Dancer's Walkthru", "Looking Into the Future", "Style Series: Contras Made Simple", "Ladies on the Square: Perky Party Punch Ideas", "Round the Outside Ring", "Sets in Order Workshop", "Caller of the Month: Chuck Raley", "Paging the Roundancers: Frank & Char Buchan", and "Experimental Lab: Swing Star Thru".</abstract><subject><topic>Square Dancing</topic></subject><subject><genre>Periodicals</genre></subject><relatedItem><titleInfo><title>Sets in Order</title></titleInfo></relatedItem><location><url usage="primary display">http://hdl.handle.net/10176/codu:60669</url></location><accessCondition type="useAndReproduction">Copyright restrictions may apply. User is responsible for all copyright compliance.</accessCondition></mods>