<mods xmlns="http://www.loc.gov/mods/v3" xmlns:mods="http://www.loc.gov/mods/v3" xmlns:xlink="http://www.w3.org/1999/xlink" xmlns:xsi="http://www.w3.org/2001/XMLSchema-instance"><titleInfo><title>Sets in Order, Vol. 4 No. 11 (November, 1952)</title></titleInfo><name type="personal"><role><roleTerm authority="marcrelator" type="text">creator</roleTerm></role></name><name type="personal"><namePart>Bob Osgood</namePart><role><roleTerm authority="marcrelator" type="text">contributor</roleTerm></role></name><name type="corporate"><role><roleTerm authority="marcrelator" type="text">creator</roleTerm></role></name><name type="corporate"><namePart>Sets in Order, Inc.</namePart><role><roleTerm authority="marcrelator" type="text">contributor</roleTerm></role></name><typeOfResource>text</typeOfResource><originInfo><place><placeTerm type="text">Los Angeles, CA</placeTerm></place><publisher>Sets in Order, Inc.</publisher><dateCreated keyDate="yes">11/1952</dateCreated><copyrightDate>1952</copyrightDate></originInfo><language><languageTerm type="text">English</languageTerm></language><physicalDescription><extent>40 pages</extent><digitalOrigin>reformatted digital</digitalOrigin></physicalDescription><abstract>The California Magazine of Western Square and Round Dancing by the Square Dancers of Southern California. This edition includes the articles entitled SQUARE DANCES "Between Those Ladies", "Broadmoor Promenade", and "Early Morning Breakdown".  ROUND DANCES "Do-Sa-Do Mixer and Hitsitty-Hotsitty", "and "Blue Skirt Waltz".  SPECIAL FEATURES "Fall Fun-Parties", "Levis and Laces, Their History", "Hints on Hospitality", "Square Dance Show-Boats", and "The Caller and Sound, Part III".  REGULAR FEATURES "As I See It", "On Tour with Terry", "Woman on the Square (for the Ladies)", "Events Seen Thru the Square Dancer's Eye", "Square of the Month (Bud Udick)", "'Round the Outside Ring", "From the Floor (Letters to the Editor)", and "Calendar of Square Dancing Events".  THE GREEN SHEET.</abstract><subject><topic>Square Dancing</topic></subject><subject><genre>Periodicals</genre></subject><relatedItem><titleInfo><title>Square Dancing</title></titleInfo></relatedItem><location><url usage="primary display">http://hdl.handle.net/10176/codu:64161</url></location><accessCondition type="useAndReproduction">Copyright restrictions may apply. User is responsible for all copyright compliance.</accessCondition></mods>