<mods xmlns="http://www.loc.gov/mods/v3" xmlns:mods="http://www.loc.gov/mods/v3" xmlns:xlink="http://www.w3.org/1999/xlink" xmlns:xsi="http://www.w3.org/2001/XMLSchema-instance"><titleInfo><title>Sets in Order, Vol. 9 No. 7 (July, 1957)</title></titleInfo><name type="personal"><namePart>Bob Osgood</namePart><role><roleTerm authority="marcrelator" type="text">creator</roleTerm></role></name><name type="personal"><role><roleTerm authority="marcrelator" type="text">contributor</roleTerm></role></name><name type="corporate"><namePart>Sets in Order, Inc.</namePart><role><roleTerm authority="marcrelator" type="text">creator</roleTerm></role></name><name type="corporate"><role><roleTerm authority="marcrelator" type="text">contributor</roleTerm></role></name><typeOfResource>text</typeOfResource><originInfo><place><placeTerm type="text">Los Angeles, CA</placeTerm></place><publisher>Sets in Order, Inc.</publisher><dateCreated keyDate="yes">07/1957</dateCreated><copyrightDate>1957</copyrightDate></originInfo><language><languageTerm type="text">English</languageTerm></language><physicalDescription><extent>44 pages</extent><digitalOrigin>reformatted digital</digitalOrigin></physicalDescription><abstract>The California Magazine of Western Square and Round Dancing by the Square Dancers of Southern California. This edition includes a table of contents which lists the following: SQUARE DANCES "Good Night, Cincinnati", "She Dreamed", and "Just Because Variation".  ROUND DANCES "Butterfly", and "Bonita Two-Step".  SPECIAL FEATURES "Caller-Dancer Relations - Happy or Hectic", "Asilomar - Last Call for 1957", "Square Dancing in Trailer Parks", "Cross-Words for Square Dancers", "The "Hot Potato" Sizzles", and "Subscription Dance Spectacular".  This edition also includes the the regular features entitled "From the Floor", "As I See It", "Style Series: The Language of Square Dancing #3", "Chuck Jones' Notebook", "Paging the Round Dancers (Elwyn & Dena Fresh)", "Square of the Month (Fred Goodner)", "'Round the Outside Ring", "Calendar of Square Dancing Events", and "Help for Your Square Dance Club".</abstract><subject><topic>Square Dancing</topic></subject><subject><genre>Periodicals</genre></subject><relatedItem><titleInfo><title>Square Dancing</title></titleInfo></relatedItem><location><url usage="primary display">http://hdl.handle.net/10176/codu:59689</url></location><accessCondition type="useAndReproduction">Copyright restrictions may apply. User is responsible for all copyright compliance.</accessCondition></mods>