<mods xmlns="http://www.loc.gov/mods/v3" xmlns:mods="http://www.loc.gov/mods/v3" xmlns:xlink="http://www.w3.org/1999/xlink" xmlns:xsi="http://www.w3.org/2001/XMLSchema-instance"><titleInfo><title>Sets in Order, Vol. 8 No. 7 (July, 1956)</title></titleInfo><name type="personal"><role><roleTerm authority="marcrelator" type="text">creator</roleTerm></role></name><name type="personal"><namePart>Bob Osgood</namePart><role><roleTerm authority="marcrelator" type="text">contributor</roleTerm></role></name><name type="corporate"><namePart>Sets in Order, Inc.</namePart><role><roleTerm authority="marcrelator" type="text">creator</roleTerm></role></name><name type="corporate"><role><roleTerm authority="marcrelator" type="text">contributor</roleTerm></role></name><typeOfResource>text</typeOfResource><originInfo><place><placeTerm type="text">Los Angeles, CA</placeTerm></place><publisher>Sets in Order, Inc.</publisher><dateCreated keyDate="yes">07/1956</dateCreated><copyrightDate>1956</copyrightDate></originInfo><language><languageTerm type="text">English</languageTerm></language><physicalDescription><extent>40 pages</extent><digitalOrigin>reformatted digital</digitalOrigin></physicalDescription><abstract>The California Magazine of Western Square and Round Dancing by the Square Dancers of Southern California. This edition includes a table of contents which lists the following: SQUARE DANCES "Two Timin' Gal", "Yak Yak", "Beyond the Blue" and "Cotton Pickin' Polka Square" ROUND DANCES "Memories are Made of This" and "Lover's Waltz" SPECIAL FEATURES "You Can't Keep a Good Thing Down!", "The Silver Spur Award -II", "Caller Round up" and "Novel Cover Gives Challenge".  This edition also includes the the regular features entitled "As I see it", "The Square Dance Picture", "Idea Corral: The Oriental Party", "On the Record: Looks at Books", "The Square of the Month", "Style Series: 'Cross Trail, Trail on Thru'", "From the Floor" and "Calendar of Square Dancing Events".</abstract><subject><topic>Square Dancing</topic></subject><subject><genre>Periodicals</genre></subject><relatedItem><titleInfo><title>Square Dancing</title></titleInfo></relatedItem><location><url usage="primary display">http://hdl.handle.net/10176/codu:59589</url></location><accessCondition type="useAndReproduction">Copyright restrictions may apply. User is responsible for all copyright compliance.</accessCondition></mods>