<mods xmlns="http://www.loc.gov/mods/v3" xmlns:mods="http://www.loc.gov/mods/v3" xmlns:xlink="http://www.w3.org/1999/xlink" xmlns:xsi="http://www.w3.org/2001/XMLSchema-instance"><titleInfo><title>Sets in Order, Vol. 2 No. 2 (February, 1950)</title></titleInfo><name type="personal"><role><roleTerm authority="marcrelator" type="text">creator</roleTerm></role></name><name type="personal"><namePart>Bob Osgood</namePart><role><roleTerm authority="marcrelator" type="text">contributor</roleTerm></role></name><name type="corporate"><namePart>Sets in Order, Inc.</namePart><role><roleTerm authority="marcrelator" type="text">creator</roleTerm></role></name><name type="corporate"><role><roleTerm authority="marcrelator" type="text">contributor</roleTerm></role></name><typeOfResource>text</typeOfResource><originInfo><place><placeTerm type="text">Los Angeles, CA</placeTerm></place><publisher>Sets in Order, Inc.</publisher><dateCreated keyDate="yes">2/1950</dateCreated><copyrightDate>1950</copyrightDate></originInfo><language><languageTerm type="text">English</languageTerm></language><physicalDescription><extent>37 pages</extent><digitalOrigin>reformatted digital</digitalOrigin></physicalDescription><abstract>The California Magazine of Western Square and Round Dancing by the Square Dancers of Southern California.  This edition includes the articles entitled "The Great American Dance", "What's Cooking With McNamara's Band?", "Wot's N A Hat", "The Unusual Is Always Fun",  This edition also includes the monthly articles entitled "On the Record", "Idea Corral", "Round the Outside Ring" and "From the Floor" (letters to the editor). The article "Movie Sets In Order" is a featured article about Hollywood movies that show square dancing.  The "Green Sheet Of Local Southern California News" features, "Southern California Callers Meeting Draws 200 To Plummer Park".</abstract><subject><topic>Square Dancing</topic></subject><subject><genre>Periodicals</genre></subject><relatedItem><titleInfo><title>Square Dancing</title></titleInfo></relatedItem><location><url usage="primary display">http://hdl.handle.net/10176/codu:65242</url></location><accessCondition type="useAndReproduction">Copyright restrictions may apply. User is responsible for all copyright compliance.</accessCondition></mods>