<mods xmlns="http://www.loc.gov/mods/v3" xmlns:mods="http://www.loc.gov/mods/v3" xmlns:xlink="http://www.w3.org/1999/xlink" xmlns:xsi="http://www.w3.org/2001/XMLSchema-instance"><titleInfo><title>Sets in Order, Vol. 14 No. 12 (December, 1962)</title></titleInfo><name type="personal"><role><roleTerm authority="marcrelator" type="text">creator</roleTerm></role></name><name type="personal"><namePart>Bob Osgood</namePart><role><roleTerm authority="marcrelator" type="text">contributor</roleTerm></role></name><name type="corporate"><namePart>Sets in Order, Inc.</namePart><role><roleTerm authority="marcrelator" type="text">creator</roleTerm></role></name><name type="corporate"><role><roleTerm authority="marcrelator" type="text">contributor</roleTerm></role></name><typeOfResource>text</typeOfResource><originInfo><place><placeTerm type="text">Los Angeles, CA</placeTerm></place><publisher>Sets in Order, Inc.</publisher><dateCreated keyDate="yes">12/1962</dateCreated><copyrightDate>1962</copyrightDate></originInfo><language><languageTerm type="text">English</languageTerm></language><physicalDescription><extent>84 pages</extent><digitalOrigin>reformatted digital</digitalOrigin></physicalDescription><abstract>The California Magazine of Western Square and Round Dancing by the Square Dancers of Southern California. This edition includes a table of contents which lists the following: "From the Floor", "Square Dance Date Book", "On the Record and Record Report", "As I See It, by Bob Osgood", "Gift Suggestions for Square Dancers", "The Caller's Primer: Sound Systems, Part 1, by Roland T. Onffroy", "'And LIselotte Looked Around Silently-Forward, Backward, Round About'", "The Dancer's Walkthru", "Americana: Devilish Mary, by Terry Golden", "Style Series: Visualizing a Dance-The H (Bunkhouse Reel)", "'Round the Outside Ring", "The Workshop", "Western Caller's Coloring Book", "Homes for Dancing: Pioneer Cabin", "Experimental Lab: Time to Evaluate", "Caller of the Month: Vaughn Parrish", and "Paging the Roundancers: Howard and Vera Lauck".</abstract><subject><topic>Square Dancing</topic></subject><subject><genre>Periodicals</genre></subject><relatedItem><titleInfo><title>Square Dancing</title></titleInfo></relatedItem><location><url usage="primary display">http://hdl.handle.net/10176/codu:60688</url></location><accessCondition type="useAndReproduction">Copyright restrictions may apply. User is responsible for all copyright compliance.</accessCondition></mods>