<mods xmlns="http://www.loc.gov/mods/v3" xmlns:mods="http://www.loc.gov/mods/v3" xmlns:xlink="http://www.w3.org/1999/xlink" xmlns:xsi="http://www.w3.org/2001/XMLSchema-instance"><titleInfo><title>Square Dancing, Vol. 16 No. 8 (August, 1964)</title></titleInfo><name type="personal"><role><roleTerm authority="marcrelator" type="text">creator</roleTerm></role></name><name type="personal"><namePart>Bob Osgood</namePart><role><roleTerm authority="marcrelator" type="text">contributor</roleTerm></role></name><name type="corporate"><namePart>Sets in Order, Inc.</namePart><role><roleTerm authority="marcrelator" type="text">creator</roleTerm></role></name><name type="corporate"><role><roleTerm authority="marcrelator" type="text">contributor</roleTerm></role></name><typeOfResource>text</typeOfResource><originInfo><place><placeTerm type="text">Los Angeles, CA</placeTerm></place><publisher>Sets in Order, Inc.</publisher><dateCreated keyDate="yes">08/1964</dateCreated><copyrightDate>1964</copyrightDate></originInfo><language><languageTerm type="text">English</languageTerm></language><physicalDescription><extent>66 pages</extent><digitalOrigin>reformatted digital</digitalOrigin></physicalDescription><abstract>The California Magazine of Western Square and Round Dancing by the Square Dancers of Southern California. This edition includes a table of contents which lists the following: "From the Floor", "Square Dance Date Book", "On the Record and Record Report", "As I See It, by Bob Osgood", "Responsibilities and Attributes of a Good Square Dance Caller, by Bill Walker", "Birthday Party Dance International by Louise Dempster", "Overseas Dateline", "What Are They Dancing?", "Interesting People in Square Dancing: Connie Connaughton", "Style Series: Wagon Wheel Allemande and Wagon Wheel Spin", "The Dancer's Walkthru", "An Open Letter to my Dancers: By Russ Adams", "Round the Outside Ring", "Sets in Order Workshop", "Caller of the Month: Jack May", "Paging the Roundancers: Ed and Ann Bodine", and "Experimental Lab: Centers Run, Ends Run".</abstract><subject><topic>Square Dancing</topic></subject><subject><genre>Periodicals</genre></subject><relatedItem><titleInfo><title>Sets in Order</title></titleInfo></relatedItem><location><url usage="primary display">http://hdl.handle.net/10176/codu:60670</url></location><accessCondition type="useAndReproduction">Copyright restrictions may apply. User is responsible for all copyright compliance.</accessCondition></mods>