<mods xmlns="http://www.loc.gov/mods/v3" xmlns:mods="http://www.loc.gov/mods/v3" xmlns:xlink="http://www.w3.org/1999/xlink" xmlns:xsi="http://www.w3.org/2001/XMLSchema-instance"><titleInfo><title>Sets in Order, Vol. 10 No. 2 (February, 1958)</title></titleInfo><name type="personal"><namePart>Bob Osgood</namePart><role><roleTerm authority="marcrelator" type="text">creator</roleTerm></role></name><name type="personal"><role><roleTerm authority="marcrelator" type="text">contributor</roleTerm></role></name><name type="corporate"><namePart>Sets in Order, Inc.</namePart><role><roleTerm authority="marcrelator" type="text">creator</roleTerm></role></name><name type="corporate"><role><roleTerm authority="marcrelator" type="text">contributor</roleTerm></role></name><typeOfResource>text</typeOfResource><originInfo><place><placeTerm type="text">Los Angeles, CA</placeTerm></place><publisher>Sets in Order, Inc.</publisher><dateCreated keyDate="yes">02/1958</dateCreated><copyrightDate>1958</copyrightDate></originInfo><language><languageTerm type="text">English</languageTerm></language><physicalDescription><extent>48 pages</extent><digitalOrigin>reformatted digital</digitalOrigin></physicalDescription><abstract>The California Magazine of Western Square and Round Dancing by the Square Dancers of Southern California. This edition includes a table of contents which lists the following: SQUARE DANCES "When Your Baby Swings With You", "Arkansas Tourist", "Trade Winds", "Starline", and "Cowboy Loop".  ROUND DANCES "Ain't She Sweet", and "Moonlight Swim".  SPECIAL FEATURES "Doodling", "Training Helps for Callers", "Jamboree at Berchtesgaden", "Kentucky "Kernels"", and "Fiddlin' Around Is His Business".  This edition also includes the the regular features entitled "As I See It", "From the Floor", "Style Series: Cowboy Loop", "Caller of the Month (Randy Stephens)", "Round the Outside Ring", "Chuck Jones' Notebook", "Paging the Roundancers (Bill & Alyce Johnson)", and "Calendar of Square Dancing Events".</abstract><subject><topic>Square Dancing</topic></subject><subject><genre>Periodicals</genre></subject><relatedItem><titleInfo><title>Square Dancing</title></titleInfo></relatedItem><location><url usage="primary display">http://hdl.handle.net/10176/codu:59705</url></location><accessCondition type="useAndReproduction">Copyright restrictions may apply. User is responsible for all copyright compliance.</accessCondition></mods>