<mods xmlns="http://www.loc.gov/mods/v3" xmlns:mods="http://www.loc.gov/mods/v3" xmlns:xlink="http://www.w3.org/1999/xlink" xmlns:xsi="http://www.w3.org/2001/XMLSchema-instance"><titleInfo><title>Square Dancing, Vol. 32 No. 8 (August, 1980)</title></titleInfo><name type="personal"><role><roleTerm authority="marcrelator" type="text">creator</roleTerm></role></name><name type="personal"><namePart>Bob Osgood</namePart><role><roleTerm authority="marcrelator" type="text">contributor</roleTerm></role></name><name type="corporate"><namePart>Sets in Order, Inc.</namePart><role><roleTerm authority="marcrelator" type="text">creator</roleTerm></role></name><name type="corporate"><role><roleTerm authority="marcrelator" type="text">contributor</roleTerm></role></name><typeOfResource>text</typeOfResource><originInfo><place><placeTerm type="text">Los Angeles, CA</placeTerm></place><publisher>Sets in Order, Inc.</publisher><dateCreated keyDate="yes">08/1980</dateCreated><copyrightDate>1980</copyrightDate></originInfo><language><languageTerm type="text">English</languageTerm></language><physicalDescription><extent>96 pages</extent><digitalOrigin>reformatted digital</digitalOrigin></physicalDescription><abstract>The California Magazine of Western Square and Round Dancing by the Square Dancers of Southern California. This edition includes a table of contents which lists the following: "Planning the New Season", "Shop Talk", "Gavel & Key", "27 Hours of S/D", "1981 National S/D Convention", "1980-1981 Square Dance Directory", "Viewer-Doer Flyer", "Experimental Notes", "Walk Thru Material", and "Meet Our Advertisers". This edition also includes the regular features entitled "As I See It", "Traditional Treasury", "Roundancer Module", "Paging the Round Dancers", "Style Lab", "Round the World of Square Dancing", "Callers/Teachers Workshop", "Caller of the Month", "On the Record", "Current Releases", "Square Dance Date Book", "Fashion Feature", and "National Convention".</abstract><subject><topic>Square Dancing</topic></subject><subject><genre>Periodicals</genre></subject><relatedItem><titleInfo><title>Sets In Order</title></titleInfo></relatedItem><location><url usage="primary display">http://hdl.handle.net/10176/codu:59724</url></location><accessCondition type="useAndReproduction">Copyright restrictions may apply. User is responsible for all copyright compliance.</accessCondition></mods>