<mods xmlns="http://www.loc.gov/mods/v3" xmlns:mods="http://www.loc.gov/mods/v3" xmlns:xlink="http://www.w3.org/1999/xlink" xmlns:xsi="http://www.w3.org/2001/XMLSchema-instance"><titleInfo><title>Square Dancing, Vol. 31 No. 9 (September, 1979)</title></titleInfo><name type="personal"><role><roleTerm authority="marcrelator" type="text">creator</roleTerm></role></name><name type="personal"><namePart>Bob Osgood</namePart><role><roleTerm authority="marcrelator" type="text">contributor</roleTerm></role></name><name type="corporate"><namePart>Sets in Order, Inc.</namePart><role><roleTerm authority="marcrelator" type="text">creator</roleTerm></role></name><name type="corporate"><role><roleTerm authority="marcrelator" type="text">contributor</roleTerm></role></name><typeOfResource>text</typeOfResource><originInfo><place><placeTerm type="text">Los Angeles, CA</placeTerm></place><publisher>Sets in Order, Inc.</publisher><dateCreated keyDate="yes">09/1979</dateCreated><copyrightDate>1979</copyrightDate></originInfo><language><languageTerm type="text">English</languageTerm></language><physicalDescription><extent>96 pages</extent><digitalOrigin>reformatted digital</digitalOrigin></physicalDescription><abstract>The California Magazine of Western Square and Round Dancing by the Square Dancers of Southern California. This edition includes a table of contents which lists the following: "Bridging the Gap", "Square Dancing and Inflation", "Photo Contest", "The View From Here", "Advanced Dancing", "Hands to Hear By", "Down Under", and "Hollywood Treatment". This edition also includes the regular features entitled "As I See It", "Take A Good Look", "The Dancers Walkthru", "Traditional Treasury", "Roundancer Module", "Contra Corner", "Ladies on the Square", "Style Lab", "The Callers Notebook", "Callers/Teachers Workshop", "Caller of the Month", "On the Record", "Square Dance Date Book", "Fashion Feature", and "Smooth Dancing".</abstract><subject><topic>Square Dancing</topic></subject><subject><genre>Periodicals</genre></subject><relatedItem><titleInfo><title>Sets In Order</title></titleInfo></relatedItem><location><url usage="primary display">http://hdl.handle.net/10176/codu:59767</url></location><accessCondition type="useAndReproduction">Copyright restrictions may apply. User is responsible for all copyright compliance.</accessCondition></mods>