<mods xmlns="http://www.loc.gov/mods/v3" xmlns:mods="http://www.loc.gov/mods/v3" xmlns:xlink="http://www.w3.org/1999/xlink" xmlns:xsi="http://www.w3.org/2001/XMLSchema-instance"><titleInfo><title>Sets in Order, Vol. 8 No. 6 (June, 1956)</title></titleInfo><name type="personal"><role><roleTerm authority="marcrelator" type="text">creator</roleTerm></role></name><name type="personal"><namePart>Bob Osgood</namePart><role><roleTerm authority="marcrelator" type="text">contributor</roleTerm></role></name><name type="corporate"><namePart>Sets in Order, Inc.</namePart><role><roleTerm authority="marcrelator" type="text">creator</roleTerm></role></name><name type="corporate"><role><roleTerm authority="marcrelator" type="text">contributor</roleTerm></role></name><typeOfResource>text</typeOfResource><originInfo><place><placeTerm type="text">Los Angeles, CA</placeTerm></place><publisher>Sets in Order, Inc.</publisher><dateCreated keyDate="yes">06/1956</dateCreated><copyrightDate>1956</copyrightDate></originInfo><language><languageTerm type="text">English</languageTerm></language><physicalDescription><extent>60 pages</extent><digitalOrigin>reformatted digital</digitalOrigin></physicalDescription><abstract>The California Magazine of Western Square and Round Dancing by the Square Dancers of Southern California. This edition includes a table of contents which lists the following: SQUARE DANCES "When My baby Smiles at Me", "Dixieland Square", and "Rip-Snortin' Loop"  ROUND DANCES "Three Rivers Strut" and "Shirley Waltz"  SPECIAL FEATURES "Governor Knight's Greetings to Conventioneers", "5th National Convention Program", "Martin and Lewis in a Square Dance", "California Styles of Dancing", "Convention Panels", "Asilomar", "California Sightseeing Map", and "The California Dancer".  This edition also includes the the regular features entitled "As I see it", "The Square Dance Picture", "Woman on the Square", "The Square of the Month", "Round the Outside Ring", "From the Floor" and "Calendar of Square Dancing Events".</abstract><subject><topic>Square Dancing</topic></subject><subject><genre>Periodicals</genre></subject><relatedItem><titleInfo><title>Square Dancing</title></titleInfo></relatedItem><location><url usage="primary display">http://hdl.handle.net/10176/codu:59588</url></location><accessCondition type="useAndReproduction">Copyright restrictions may apply. User is responsible for all copyright compliance.</accessCondition></mods>