<mods xmlns="http://www.loc.gov/mods/v3" xmlns:mods="http://www.loc.gov/mods/v3" xmlns:xlink="http://www.w3.org/1999/xlink" xmlns:xsi="http://www.w3.org/2001/XMLSchema-instance"><titleInfo><title>Sets in Order, Vol. 2 No. 11 (November, 1950)</title></titleInfo><name type="personal"><role><roleTerm authority="marcrelator" type="text">creator</roleTerm></role></name><name type="personal"><namePart>Bob Osgood</namePart><role><roleTerm authority="marcrelator" type="text">contributor</roleTerm></role></name><name type="corporate"><namePart>Sets in Order, Inc.</namePart><role><roleTerm authority="marcrelator" type="text">creator</roleTerm></role></name><name type="corporate"><role><roleTerm authority="marcrelator" type="text">contributor</roleTerm></role></name><typeOfResource>text</typeOfResource><originInfo><place><placeTerm type="text">Los Angeles, CA</placeTerm></place><publisher>Sets in Order, Inc.</publisher><dateCreated keyDate="yes">11/1950</dateCreated><copyrightDate>1950</copyrightDate></originInfo><language><languageTerm type="text">English</languageTerm></language><physicalDescription><extent>38 pages</extent><digitalOrigin>reformatted digital</digitalOrigin></physicalDescription><abstract>This edition includes the articles entitled "The Couple Dances: Waltz, Varsouviana, Two-Step, Polka, Schottische, and Gavotte", "Fourth District Round-up", ""Second" For Sets In Order", "Third for Squares Limited", and "The Free Wheeler". This edition also includes the monthly articles entitled "On the Record", "Round the Outside Ring", "The Square of the Month" and "From the Floor" (letters to the editor).  The "Green Sheet Of Local Southern California News" features, "Local Callers Set. Up Own Institute".</abstract><subject><topic>Square Dancing</topic></subject><subject><genre>Periodicals</genre></subject><relatedItem><titleInfo><title>Square Dancing</title></titleInfo></relatedItem><location><url usage="primary display">http://hdl.handle.net/10176/codu:65251</url></location><accessCondition type="useAndReproduction">Copyright restrictions may apply. User is responsible for all copyright compliance.</accessCondition></mods>