<mods xmlns="http://www.loc.gov/mods/v3" xmlns:mods="http://www.loc.gov/mods/v3" xmlns:xlink="http://www.w3.org/1999/xlink" xmlns:xsi="http://www.w3.org/2001/XMLSchema-instance"><titleInfo><title>Sets in Order, Vol. 3 No. 11 (November, 1951)</title></titleInfo><name type="personal"><namePart>Bob Osgood</namePart><role><roleTerm authority="marcrelator" type="text">creator</roleTerm></role></name><name type="personal"><role><roleTerm authority="marcrelator" type="text">contributor</roleTerm></role></name><name type="corporate"><namePart>Sets in Order, Inc.</namePart><role><roleTerm authority="marcrelator" type="text">creator</roleTerm></role></name><name type="corporate"><role><roleTerm authority="marcrelator" type="text">contributor</roleTerm></role></name><typeOfResource>text</typeOfResource><originInfo><place><placeTerm type="text">Los Angeles, CA</placeTerm></place><publisher>Sets in Order, Inc.</publisher><dateCreated keyDate="yes">11/1951</dateCreated><copyrightDate>1951</copyrightDate></originInfo><language><languageTerm type="text">English</languageTerm></language><physicalDescription><extent>40 pages</extent><digitalOrigin>reformatted digital</digitalOrigin></physicalDescription><abstract>The California Magazine of Western Square and Round Dancing by the Square Dancers of Southern California. This edition includes a table of contents which lists the following:  SQUARE DANCES "Ends Turn In", "Bachelor's Mill", "California, Here I Come", "Veleta No. 1", and "Veleta No. 2".  SPECIAL FEATURES "The Big Event", "Ten Years of DO C DO", "They Followed the Square Dance Trail", "Square Dance Family Fun", and "Meet Our Guest Caller". 
REGULAR FEATURES "As I See It", "Events Seen Thru the Square Dancer's Eye", "Help! For Your Square Dance Club", "The Square of the Month: Herb Lesher", "'Round the Outside Ring", "The Green Sheet", "From the Floor", "On the Record", and "Calendar of Square Dance Events".</abstract><subject><topic>Square Dancing</topic></subject><subject><genre>Periodicals</genre></subject><relatedItem><titleInfo><title>Square Dancing</title></titleInfo></relatedItem><location><url usage="primary display">http://hdl.handle.net/10176/codu:64177</url></location><accessCondition type="useAndReproduction">Copyright restrictions may apply. User is responsible for all copyright compliance.</accessCondition></mods>