<mods xmlns="http://www.loc.gov/mods/v3" xmlns:mods="http://www.loc.gov/mods/v3" xmlns:xlink="http://www.w3.org/1999/xlink" xmlns:xsi="http://www.w3.org/2001/XMLSchema-instance"><titleInfo><title>Square Dancing, Vol. 22 No. 2 (February, 1970)</title></titleInfo><name type="personal"><role><roleTerm authority="marcrelator" type="text">creator</roleTerm></role></name><name type="personal"><namePart>Bob Osgood</namePart><role><roleTerm authority="marcrelator" type="text">contributor</roleTerm></role></name><name type="corporate"><namePart>Sets in Order, Inc.</namePart><role><roleTerm authority="marcrelator" type="text">creator</roleTerm></role></name><name type="corporate"><role><roleTerm authority="marcrelator" type="text">contributor</roleTerm></role></name><typeOfResource>text</typeOfResource><originInfo><place><placeTerm type="text">Los Angeles, CA</placeTerm></place><publisher>Sets in Order, Inc.</publisher><dateCreated keyDate="yes">02/1970</dateCreated><copyrightDate>1970</copyrightDate></originInfo><language><languageTerm type="text">English</languageTerm></language><physicalDescription><extent>80 pages</extent><digitalOrigin>reformatted digital</digitalOrigin></physicalDescription><abstract>The California Magazine of Western Square and Round Dancing by the Square Dancers of Southern California. This edition includes a table of contents which lists the following: "Purpose", "Your Society News Flashes", "Dancer", "Interlude in Spain", "Comfortable Dancing", "1970 Square Dancers Guide", "Dancer Spotlight", and "Current Best Sellers". This edition also includes the regular features entitled "Hot Line-Late News", "From the Floor", "The Dancers Walkthru", "Square Dance Diary", "National Convention", "Roundancer Module", "Paging the Round Dancers", "Style Lab", "Round the World of Square Dancing", "The Callers Textbook", "Callers/Teachers Workshop", "Caller of the Month", "On the Record", "Datebook", and "Fashion Feature".</abstract><subject><topic>Square Dancing</topic></subject><subject><genre>Periodicals</genre></subject><relatedItem><titleInfo><title>Sets in Order</title></titleInfo></relatedItem><location><url usage="primary display">http://hdl.handle.net/10176/codu:60595</url></location><accessCondition type="useAndReproduction">Copyright restrictions may apply. User is responsible for all copyright compliance.</accessCondition></mods>