<mods xmlns="http://www.loc.gov/mods/v3" xmlns:mods="http://www.loc.gov/mods/v3" xmlns:xlink="http://www.w3.org/1999/xlink" xmlns:xsi="http://www.w3.org/2001/XMLSchema-instance"><titleInfo><title>Sets in Order, Vol. 8 No. 5 (May, 1956)</title></titleInfo><name type="personal"><role><roleTerm authority="marcrelator" type="text">creator</roleTerm></role></name><name type="personal"><namePart>Bob Osgood</namePart><role><roleTerm authority="marcrelator" type="text">contributor</roleTerm></role></name><name type="corporate"><namePart>Sets in Order, Inc.</namePart><role><roleTerm authority="marcrelator" type="text">creator</roleTerm></role></name><name type="corporate"><role><roleTerm authority="marcrelator" type="text">contributor</roleTerm></role></name><typeOfResource>text</typeOfResource><originInfo><place><placeTerm type="text">Los Angeles, CA</placeTerm></place><publisher>Sets in Order, Inc.</publisher><dateCreated keyDate="yes">05/1956</dateCreated><copyrightDate>1956</copyrightDate></originInfo><language><languageTerm type="text">English</languageTerm></language><physicalDescription><extent>52 pages</extent><digitalOrigin>reformatted digital</digitalOrigin></physicalDescription><abstract>The California Magazine of Western Square and Round Dancing by the Square Dancers of Southern California. This edition includes a table of contents which lists the following: SQUARE DANCES "Night Train to Memphis", "There She Is", "Lookin' Back", and "The Danbury Hat"  ROUND DANCES "Bluebell", "Mannita Waltz", and "Black and White Rag"  SPECIAL FEATURE "A Far From Perfect Rounddancer", "Going to a Square Dance Camp?", "Lincoln Jumps with Squares", "Asilomar", "Convention Press-Time Bulletins", "The Case for 'Easy' Dance", and "The Silver Spur". This edition also includes the the regular features entitled "As I see it", "Style Series: End of a Promenade", "Idea Corral", "The Square Dance Picture", "Woman on the Square", "The Square of the Month", "Round the Outside Ring", "From the Floor" and "Calendar of Square Dancing Events".</abstract><subject><topic>Square Dancing</topic></subject><subject><genre>Periodicals</genre></subject><relatedItem><titleInfo><title>Square Dancing</title></titleInfo></relatedItem><location><url usage="primary display">http://hdl.handle.net/10176/codu:59587</url></location><accessCondition type="useAndReproduction">Copyright restrictions may apply. User is responsible for all copyright compliance.</accessCondition></mods>