<mods xmlns="http://www.loc.gov/mods/v3" xmlns:mods="http://www.loc.gov/mods/v3" xmlns:xlink="http://www.w3.org/1999/xlink" xmlns:xsi="http://www.w3.org/2001/XMLSchema-instance"><titleInfo><title>Sets in Order, Vol. 1 No. 10 (October, 1949)</title></titleInfo><name type="personal"><role><roleTerm authority="marcrelator" type="text">creator</roleTerm></role></name><name type="personal"><namePart>Bob Osgood</namePart><role><roleTerm authority="marcrelator" type="text">contributor</roleTerm></role></name><name type="corporate"><namePart>Sets in Order, Inc.</namePart><role><roleTerm authority="marcrelator" type="text">creator</roleTerm></role></name><name type="corporate"><role><roleTerm authority="marcrelator" type="text">contributor</roleTerm></role></name><typeOfResource>text</typeOfResource><originInfo><place><placeTerm type="text">Los Angeles, CA</placeTerm></place><publisher>Sets in Order, Inc.</publisher><dateCreated keyDate="yes">10/1949</dateCreated><copyrightDate>1949</copyrightDate></originInfo><language><languageTerm type="text">English</languageTerm></language><physicalDescription><extent>33 pages</extent><digitalOrigin>reformatted digital</digitalOrigin></physicalDescription><abstract>The California Magazine of Western Square and Round Dancing by the Square Dancers of Southern California.  This edition includes the articles entitled "Just How Much Style", "Cheating's Fun or Odd Couple? Oh!", "Shall We Hash the Singing Calls?", "The Yo-Yo Club",  This edition also includes the monthly articles entitled "On the Record", "The Square of the Month", "For the Caller: Behind the Mike", "Round the Outside Ring" and "From the Floor" (letters to the editor). The article "Just How Much Style" is a featured article about finding a good dancing pace that works for specific clubs so that everyone enjoys the dances.</abstract><subject><topic>Square Dancing</topic></subject><subject><genre>Periodicals</genre></subject><relatedItem><titleInfo><title>Square Dancing</title></titleInfo></relatedItem><identifier type="hdl">http://hdl.handle.net/10176/codu:78115</identifier><location><url usage="primary display">http://hdl.handle.net/10176/codu:59501</url></location><accessCondition type="useAndReproduction">Copyright restrictions may apply. User is responsible for all copyright compliance.</accessCondition></mods>