<mods xmlns="http://www.loc.gov/mods/v3" xmlns:mods="http://www.loc.gov/mods/v3" xmlns:xlink="http://www.w3.org/1999/xlink" xmlns:xsi="http://www.w3.org/2001/XMLSchema-instance"><titleInfo><title>Square Dancing, Vol. 37 No. 5 (May, 1985)</title></titleInfo><name type="personal"><role><roleTerm authority="marcrelator" type="text">creator</roleTerm></role></name><name type="personal"><namePart>Bob Osgood</namePart><role><roleTerm authority="marcrelator" type="text">contributor</roleTerm></role></name><name type="corporate"><namePart>Sets in Order, Inc.</namePart><role><roleTerm authority="marcrelator" type="text">creator</roleTerm></role></name><name type="corporate"><role><roleTerm authority="marcrelator" type="text">contributor</roleTerm></role></name><typeOfResource>text</typeOfResource><originInfo><place><placeTerm type="text">Los Angeles, CA</placeTerm></place><publisher>Sets in Order, Inc.</publisher><dateCreated keyDate="yes">05/1985</dateCreated><copyrightDate>1985</copyrightDate></originInfo><language><languageTerm type="text">English</languageTerm></language><physicalDescription><extent>112 pages</extent><digitalOrigin>reformatted digital</digitalOrigin></physicalDescription><abstract>The California Magazine of Western Square and Round Dancing by the Square Dancers of Southern California. This edition includes a table of contents which lists the following: "A Most Unusual Square Dance", "Ramblin' Rose Hall", "Square Dance Mobile Home Parks - 1985", "The Sumatra Swingers", "Hornet's Nest Recording Studios", "Sweepstakes, 1985", "Velkommen til Square Dance", "Refreshment Time", "A Distinctive Sound", "Losing Perspective", "Scholarship Awards", "Amadeus", "34th National Square Dance Convention", and "Square Dance Date Book." This edition also includes the regular features entitled "From the Floor" (letters to the editor), "As I See It", "The Changing Scene", "Traditional Treasury", "Advanced Dancing", "Contra Corner", "Mostly Modular", "Take A Good Look", "The Dancers Walkthru", "Roundancer Module", "Paging the Round Dancers", "The Callers Notebook", "Experimental Notes", "Ladies on the Square", "StyleLab", "Round the World of Square Dancing", "Workshop", "Caller of the Month" and "Current Releases."</abstract><subject><topic>Square Dancing</topic></subject><subject><genre>Periodicals</genre></subject><relatedItem><titleInfo><title>Sets In Order</title></titleInfo></relatedItem><location><url usage="primary display">http://hdl.handle.net/10176/codu:59510</url></location><accessCondition type="useAndReproduction">Copyright restrictions may apply. User is responsible for all copyright compliance.</accessCondition></mods>