<mods xmlns="http://www.loc.gov/mods/v3" xmlns:mods="http://www.loc.gov/mods/v3" xmlns:xlink="http://www.w3.org/1999/xlink" xmlns:xsi="http://www.w3.org/2001/XMLSchema-instance"><titleInfo><title>Sets in Order, Vol. 11 No. 4 (April, 1959)</title></titleInfo><name type="personal"><namePart>Bob Osgood</namePart><role><roleTerm authority="marcrelator" type="text">creator</roleTerm></role></name><name type="personal"><role><roleTerm authority="marcrelator" type="text">contributor</roleTerm></role></name><name type="corporate"><namePart>Sets in Order, Inc.</namePart><role><roleTerm authority="marcrelator" type="text">creator</roleTerm></role></name><name type="corporate"><role><roleTerm authority="marcrelator" type="text">contributor</roleTerm></role></name><typeOfResource>text</typeOfResource><originInfo><place><placeTerm type="text">Los Angeles, CA</placeTerm></place><publisher>Sets in Order, Inc.</publisher><dateCreated keyDate="yes">04/1959</dateCreated><copyrightDate>1959</copyrightDate></originInfo><language><languageTerm type="text">English</languageTerm></language><physicalDescription><extent>64 pages</extent><digitalOrigin>reformatted digital</digitalOrigin></physicalDescription><abstract>The California Magazine of Western Square and Round Dancing by the Square Dancers of Southern California. This edition includes a table of contents which lists the following: SPECIAL FEATURES "Square Dance Vacations -1959", ""Rodeo of Rounds" at the National Convention", "Requirements for a Round Dance Teacher", "Homes for Square Dancing, Part V", "The Club Dancer Has Responsibilities Too", "The Fiddler Plays On", "How to Give a "Premium Party"", "Teaching Gimmicks and Simple Dances Help Make Learning Easy", and "Couple Spark-Plug Square Dancing".  This edition also includes the the regular features entitled "Square Dance Date Book", "From the Floor", "As I See It", "Style Series: Sides Divide", "Square Dance Picture", "Chuck Jones' Note Book", "Ladies on the Square: Some Recipes and a Center-Piece", "Round the Outside Ring", "Caller of the Month: Fred Bouvier", "Paging the Roundancers: Dick and Ella Reinsberg", and "On the Record".</abstract><subject><topic>Square Dancing</topic></subject><subject><genre>Periodicals</genre></subject><relatedItem><titleInfo><title>Square Dancing</title></titleInfo></relatedItem><location><url usage="primary display">http://hdl.handle.net/10176/codu:59726</url></location><accessCondition type="useAndReproduction">Copyright restrictions may apply. User is responsible for all copyright compliance.</accessCondition></mods>